INSERT INTO client (id,created_at,created_by,deleted,deleted_at,deleted_by,modified_at,modified_by,restored_at,restored_by,version,accessible_,auto_approve,redirect_urls,domain_id,description,grant_types,name,`path`,project_id,role_id,secret,access_token_validity_seconds,refresh_token_validity_seconds,types) VALUES	 (843498099048450,'2020-12-25 02:22:27','0',0,NULL,'','2022-01-05 00:50:53','0U8AZTODP4H0',NULL,'',4,1,0,NULL,'0C8AZTODP4HT','负责管理应用，用户等信息','CLIENT_CREDENTIALS','权限中心','auth-svc','0P8HE307W6IO','0Z8HHJ489SE0','$2a$12$3ke5rpx81DFfYlLXpQW6TOvTw2W8OkG.p5oFOmFsnmh7LVp11khna',120,0,'ROOT_APPLICATION,FIRST_PARTY,BACKEND_APP'),	 (843498099048451,'2020-12-25 02:22:27','0',0,NULL,'','2022-01-05 00:55:31','0U8AZTODP4H0',NULL,'',2,1,0,NULL,'0C8AZTODP4H0','暂未使用，一个简单的NoSQL存储服务','CLIENT_CREDENTIALS','store','object-svc','0P8HE307W6IO','0Z8HHJ489SE1','$2a$12$3ke5rpx81DFfYlLXpQW6TOvTw2W8OkG.p5oFOmFsnmh7LVp11khna',122,0,'ROOT_APPLICATION,FIRST_PARTY,BACKEND_APP'),	 (843498099048453,'2020-12-25 02:22:27','0',0,NULL,'','2022-01-05 01:07:56','0U8AZTODP4H0',NULL,'',4,1,0,NULL,'0C8AZTODP4H2','BBS后端（现阶段暂停止维护与开发）','CLIENT_CREDENTIALS','bbs','bbs-svc','0P8HE307W6I2','0Z8HHJ489SE3','$2a$12$3ke5rpx81DFfYlLXpQW6TOvTw2W8OkG.p5oFOmFsnmh7LVp11khna',120,0,'THIRD_PARTY,BACKEND_APP'),	 (843498099048459,'2020-12-25 02:22:27','0',0,NULL,'','2022-01-05 00:52:59','0U8AZTODP4H0',NULL,'',2,0,0,NULL,'0C8AZTODP4H8','<script>test</script>','CLIENT_CREDENTIALS','rightRoleNotSufficientResourceId',NULL,'0P8HE307W6IO','0Z8HHJ489SE9','$2a$12$5PlVPPijEbr69oYIdC9e2uvDzW7NPqxnoxU9aKFiemB2vG7UmaC1S',120,0,'FIRST_PARTY,BACKEND_APP'),	 (843498099048553,'2020-12-25 02:22:27','0',0,NULL,'','2022-01-05 00:52:39','0U8AZTODP4H0',NULL,'',2,1,0,NULL,'0C8AZTODP4HZ','仅供测试使用','CLIENT_CREDENTIALS','test','test-svc','0P8HE307W6IO','0Z8HHJ489SEA','$2a$12$3ke5rpx81DFfYlLXpQW6TOvTw2W8OkG.p5oFOmFsnmh7LVp11khna',122,0,'FIRST_PARTY,BACKEND_APP'),	 (843509306228737,'2020-12-25 08:18:43','0',0,NULL,'','2022-01-05 01:08:35','0U8AZTODP4H0',NULL,'',3,1,0,NULL,'0C8AZYTQ5W5C','反向代理服务，负责处理mt-auth的核心功能','CLIENT_CREDENTIALS','反向代理',NULL,'0P8HE307W6IO','0Z8HHJ489SEB','$2a$12$.HPmCVWM86g.OmWmWgsttuXB95onmQXhsNqwA.ugS9qdn/rxnLk/6',120,0,'ROOT_APPLICATION,FIRST_PARTY,BACKEND_APP'),	 (843509757116417,'2020-12-25 08:33:03','0',0,NULL,'','2022-01-05 00:52:02','0U8AZTODP4H0',NULL,'',3,0,0,NULL,'0C8AZZ16LZB4','mt-auth前端','PASSWORD,REFRESH_TOKEN','登陆客户端UI',NULL,'0P8HE307W6IO','0Z8HHJ489SEC','$2a$12$lBpm19kTPZserQCa72/67OAPAjPZWc0yJ9Kh6xPYPYOSVuFWS94IC',120,1200,'ROOT_APPLICATION,FIRST_PARTY,FRONTEND_APP'),	 (843511877861378,'2020-12-25 09:40:28','0',0,NULL,'','2022-01-05 00:53:31','0U8AZTODP4H0',NULL,'',4,0,0,NULL,'0C8B00098WLD','用户注册时使用','CLIENT_CREDENTIALS','注册客户端UI',NULL,'0P8HE307W6IO','0Z8HHJ489SED','$2a$12$lBpm19kTPZserQCa72/67OAPAjPZWc0yJ9Kh6xPYPYOSVuFWS94IC',120,0,'ROOT_APPLICATION,FIRST_PARTY,FRONTEND_APP'),	 (843512635457539,'2020-12-25 10:04:33','0',0,NULL,'','2022-01-05 01:09:22','0U8AZTODP4H0',NULL,'',4,0,0,NULL,'0C8B00CSATJ6','用户密码验证策略','PASSWORD','测试应用','','0P8HE307W6IO','0Z8HHJ489SEF','$2a$12$k73Ru5FaxyoX5NxQ775SxefRDY04HVvUNekQ.X/tBZJcsUuBUqiMS',120,0,'FIRST_PARTY,BACKEND_APP');
INSERT INTO client (id,created_at,created_by,deleted,deleted_at,deleted_by,modified_at,modified_by,restored_at,restored_by,version,accessible_,auto_approve,redirect_urls,domain_id,description,grant_types,name,`path`,project_id,role_id,secret,access_token_validity_seconds,refresh_token_validity_seconds,types) VALUES	 (843512635457561,'2020-12-25 10:04:33','0',0,NULL,'','2022-01-05 00:52:23','0U8AZTODP4H0',NULL,'',2,1,0,NULL,'0C8AZTODP4I0','仅供测试使用','PASSWORD','测试用资源应用',NULL,'0P8HE307W6IO','0Z8HHJ489SEG','$2a$12$k73Ru5FaxyoX5NxQ775SxefRDY04HVvUNekQ.X/tBZJcsUuBUqiMS',120,0,'FIRST_PARTY,BACKEND_APP'),	 (843594578001960,'2020-12-27 05:29:26','0',0,NULL,'','2022-01-05 01:07:48','0U8AZTODP4H0',NULL,'',7,0,1,0x5B7B2276616C7565223A22687474703A2F2F6C6F63616C686F73743A33303030227D5D,'0C8AZTODP4H9','BBS前端（现阶段暂停止维护与开发）','AUTHORIZATION_CODE','BBS前端UI',NULL,'0P8HE307W6I2','0Z8HHJ489SEI','$2a$12$5PlVPPijEbr69oYIdC9e2uvDzW7NPqxnoxU9aKFiemB2vG7UmaC1S',120,0,'THIRD_PARTY,FRONTEND_APP'),	 (862433369391105,'2022-02-15 21:38:28','0U8HPG93IED3',0,NULL,NULL,'2022-02-16 21:20:33','0U8HPG93IED3',NULL,NULL,2,1,0,NULL,'0C8HPGF4GBUP',NULL,'CLIENT_CREDENTIALS','分布式事务服务','saga-svc','0P8HPG99R56P','0Z8HPGF4RKEA','$2a$12$YQ7pI6YcDzbmbBYL1GXdEO3NT3hh34UBqKbY4XLt16XhFIMJ.h6c.',123,0,'FIRST_PARTY,BACKEND_APP'),	 (862433780433088,'2022-02-15 21:51:33','0U8HPG93IED3',0,NULL,NULL,'2022-02-16 21:19:51','0U8HPG93IED3',NULL,NULL,1,1,0,NULL,'0C8HPGLXHMET','商城后端','CLIENT_CREDENTIALS','商城服务','product-svc','0P8HPG99R56P','0Z8HPGLXHMF5','$2a$12$bQOLGCybO.4EfjfvVdcCKOmUC3O9izskZisesUHcUzK2MsqPq.jX.',123,0,'FIRST_PARTY,BACKEND_APP'),	 (862433826570240,'2022-02-15 21:53:00','0U8HPG93IED3',0,NULL,NULL,'2022-02-21 21:36:29','0U8HPG93IED3',NULL,NULL,5,0,1,0x5B7B2276616C7565223A22687474703A2F2F6C6F63616C686F73743A343230302F6163636F756E74227D2C7B2276616C7565223A2268747470733A2F2F7777772E64756F7368752E6F72672F6D616C6C2F6163636F756E74227D5D,'0C8HPGMON9J5',NULL,'AUTHORIZATION_CODE','商城UI',NULL,'0P8HPG99R56P','0Z8HPGMOYI2P','$2a$12$Hk/uzmLBZt6JpIjQcFLedOnXZTHznBsBalKfPHjJDfRUVpt2vvjLK',1200,0,'FIRST_PARTY,FRONTEND_APP'),	 (862524186558475,'2022-02-17 21:45:29','0U8HPG93IED3',0,NULL,NULL,'2022-02-21 21:37:00','0U8HPG93IED3',NULL,NULL,5,0,1,0x5B7B2276616C7565223A22687474703A2F2F6C6F63616C686F73743A34343030227D2C7B2276616C7565223A2268747470733A2F2F7777772E64756F7368752E6F72672F61646D696E227D5D,'0C8HQM52YN7K',NULL,'AUTHORIZATION_CODE','管理员UI',NULL,'0P8HPG99R56P','0Z8HQM52YN7W','$2a$12$m/wOPj/pXiPcQ5LD1KSiturMbi7xSgD4hr.tkwT015zdwBs8a0CBu',1200,0,'FIRST_PARTY,FRONTEND_APP');

INSERT INTO resources_map (id,domain_id) VALUES	 (843498099048450,'0C8AZTODP4HT'),	 (843498099048450,'0C8AZYTQ5W5C'),	 (843498099048459,'0C8AZTODP4HT'),	 (843509306228737,'0C8AZTODP4HT'),	 (843509757116417,'0C8AZTODP4H0'),	 (843509757116417,'0C8AZTODP4H2'),	 (843509757116417,'0C8AZTODP4H4');
INSERT INTO resources_map (id,domain_id) VALUES	 (843509757116417,'0C8AZTODP4HT'),	 (843509757116417,'0C8AZYTQ5W5C'),	 (843509757116417,'0C8BLWABG1S0'),	 (843511877861378,'0C8AZTODP4HT'),	 (843512635457539,'0C8AZTODP4H4'),	 (843512635457539,'0C8AZTODP4HT'),	 (843512635457539,'0C8AZYTQ5W5C'),	 (843512635457561,'0C8AZTODP4HT'),	 (843594578001960,'0C8AZTODP4H2'),	 (843594578001960,'0C8AZTODP4H4');
INSERT INTO resources_map (id,domain_id) VALUES	 (862433826570240,'0C8HPGLXHMET'),	 (862524186558475,'0C8HPGF4GBUP'),	 (862524186558475,'0C8HPGLXHMET');

INSERT INTO endpoint (id,created_at,created_by,deleted,deleted_at,deleted_by,modified_at,modified_by,restored_at,restored_by,version,cache_profile_id,client_id,cors_profile_id,csrf_enabled,description,domain_id,is_websocket,`method`,name,`path`,permission_id,project_id,secured,shared) VALUES	 (0,NULL,'',0,NULL,'','2022-01-05 20:18:31','0U8AZTODP4H0',NULL,'',5,'0X8G900BJFGG','0C8AZTODP4HT','0O8G2WE71L35',1,'','0E8AZTODP400',0,'GET','读取应用简略信息','projects/**/clients','0Y8HHJ47NBD4','0P8HE307W6IO',1,0),	 (1,NULL,'',0,NULL,'','2022-01-05 21:14:49','0U8AZTODP4H0',NULL,'',3,'','0C8AZTODP4HT','0O8G2WE71L35',1,'','0E8AZTODP401',0,'GET','查询目标应用是否可以自动批准第三方登录请求','projects/**/clients/**/autoApprove','0Y8HHJ47NBD5','0P8HE307W6IO',1,0),	 (2,NULL,'',0,NULL,'','2022-01-05 20:18:43','0U8AZTODP4H0',NULL,'',2,'','0C8AZTODP4HT','0O8G2WE71L35',1,'','0E8AZTODP402',0,'POST','创建应用','projects/**/clients','0Y8HHJ47NBD6','0P8HE307W6IO',1,0),	 (3,NULL,'',0,NULL,'','2022-01-05 20:18:56','0U8AZTODP4H0',NULL,'',2,'','0C8AZTODP4HT','0O8G2WE71L35',1,'','0E8AZTODP403',0,'PUT','更新应用','projects/**/clients/**','0Y8HHJ47NBD7','0P8HE307W6IO',1,0),	 (4,NULL,'',0,NULL,'','2022-01-05 20:19:03','0U8AZTODP4H0',NULL,'',2,'','0C8AZTODP4HT','0O8G2WE71L35',1,'','0E8AZTODP404',0,'DELETE','删除应用','projects/**/clients/**','0Y8HHJ47NBD8','0P8HE307W6IO',1,0),	 (5,NULL,'',0,NULL,'','2022-01-05 20:21:25','0U8AZTODP4H0',NULL,'',3,'','0C8AZTODP4HT','0O8G2WE71L35',1,'','0E8AZTODP405',0,'POST','注册用户','users','0Y8HHJ47NBD9','0P8HE307W6IO',1,0),	 (7,NULL,'',0,NULL,'','2022-01-05 20:28:19','0U8AZTODP4H0',NULL,'',3,'','0C8AZTODP4HT','0O8G2WE71L35',1,'','0E8AZTODP407',0,'PUT','更新单个用户信息','mngmt/users/**','0Y8HHJ47NBDB','0P8HE307W6IO',1,0),	 (8,NULL,'',0,NULL,'','2022-01-05 20:28:26','0U8AZTODP4H0',NULL,'',3,'','0C8AZTODP4HT','0O8G2WE71L35',1,'','0E8AZTODP408',0,'DELETE','删除单个用户','mngmt/users/**','0Y8HHJ47NBDC','0P8HE307W6IO',1,0),	 (9,NULL,'',0,NULL,'','2022-01-05 20:28:38','0U8AZTODP4H0',NULL,'',4,'','0C8AZTODP4HT','0O8G2WE71L35',1,'','0E8AZTODP409',0,'PUT','用户更改密码','users/pwd','0Y8HHJ47NBDD','0P8HE307W6IO',1,0),	 (10,NULL,'',0,NULL,'','2022-01-05 20:22:39','0U8AZTODP4H0',NULL,'',3,'','0C8AZTODP4HT','0O8G2WE71L35',1,'','0E8AZTODP40A',0,'POST','OAuth2 authorize端口','authorize','0Y8HHJ47NBDE','0P8HE307W6IO',1,0);
INSERT INTO endpoint (id,created_at,created_by,deleted,deleted_at,deleted_by,modified_at,modified_by,restored_at,restored_by,version,cache_profile_id,client_id,cors_profile_id,csrf_enabled,description,domain_id,is_websocket,`method`,name,`path`,permission_id,project_id,secured,shared) VALUES	 (12,NULL,'',0,NULL,'','2022-01-05 20:24:07','0U8AZTODP4H0',NULL,'',2,'','0C8AZTODP4HT','0O8G2WE71L35',1,'','0E8AZTODP40C',0,'POST','创建待注册用户','pending-users','0Y8HHJ47NBDG','0P8HE307W6IO',1,0),	 (13,NULL,'',0,NULL,'','2022-01-05 20:28:50','0U8AZTODP4H0',NULL,'',3,'','0C8AZTODP4HT','0O8G2WE71L35',1,'','0E8AZTODP40D',0,'POST','用户忘记密码','users/forgetPwd','0Y8HHJ47NBDH','0P8HE307W6IO',1,0),	 (14,NULL,'',0,NULL,'','2022-01-05 20:24:40','0U8AZTODP4H0',NULL,'',2,'','0C8AZTODP4HT','0O8G2WE71L35',1,'','0E8AZTODP40E',0,'POST','重置用户密码','users/resetPwd','0Y8HHJ47NBDI','0P8HE307W6IO',1,0),	 (15,NULL,'',0,NULL,'','2022-01-05 20:29:20','0U8AZTODP4H0',NULL,'',2,'','0C8AZTODP4HT','0O8G2WE71L35',0,'','0E8AZTODP40F',0,'POST','申请身份令牌','oauth/token',NULL,'0P8HE307W6IO',0,0),	 (16,NULL,'',0,NULL,'','2022-01-05 20:29:15','0U8AZTODP4H0',NULL,'',3,'','0C8AZTODP4HT','0O8G2WE71L35',1,'','0E8AZTODP40G',0,'POST','将已签发的用户或应用的身份令牌回收','mngmt/revoke-tokens','0Y8HHJ47NBDK','0P8HE307W6IO',1,0),	 (18,NULL,'',0,NULL,'','2022-01-05 20:29:35','0U8AZTODP4H0',NULL,'',3,'','0C8AZTODP4HT','0O8G2WE71L35',1,'','0E8AZTODP40I',0,'POST','创建api端口','projects/**/endpoints','0Y8HHJ47NBDL','0P8HE307W6IO',1,0),	 (19,NULL,'',0,NULL,'','2022-01-05 20:26:21','0U8AZTODP4H0',NULL,'',2,'','0C8AZTODP4HT','0O8G2WE71L35',1,'','0E8AZTODP40J',0,'GET','读取当前所有api端口简略信息','projects/**/endpoints','0Y8HHJ47NBDM','0P8HE307W6IO',1,0),	 (20,NULL,'',0,NULL,'','2022-01-05 20:29:50','0U8AZTODP4H0',NULL,'',3,'','0C8AZTODP4HT','0O8G2WE71L35',1,'','0E8AZTODP40K',0,'PUT','更新单个api端口信息','projects/**/endpoints/**','0Y8HHJ47NBDN','0P8HE307W6IO',1,0),	 (21,NULL,'',0,NULL,'','2022-01-05 20:30:02','0U8AZTODP4H0',NULL,'',2,'','0C8AZTODP4HT','0O8G2WE71L35',1,'','0E8AZTODP40L',0,'DELETE','删除单个api端口','projects/**/endpoints/**','0Y8HHJ47NBDO','0P8HE307W6IO',1,0),	 (125,NULL,'',0,NULL,'','2022-01-05 20:31:06','0U8AZTODP4H0',NULL,'',2,'','0C8AZTODP4HT','0O8G2WE71L35',1,'','0E8AZTODP432',0,'GET','读取单个应用详细信息','projects/**/clients/**','0Y8HHJ47NBDP','0P8HE307W6IO',1,0);
INSERT INTO endpoint (id,created_at,created_by,deleted,deleted_at,deleted_by,modified_at,modified_by,restored_at,restored_by,version,cache_profile_id,client_id,cors_profile_id,csrf_enabled,description,domain_id,is_websocket,`method`,name,`path`,permission_id,project_id,secured,shared) VALUES	 (126,NULL,'',0,NULL,'','2022-01-05 20:31:23','0U8AZTODP4H0',NULL,'',2,'','0C8AZTODP4HT','0O8G2WE71L35',1,'','0E8AZTODP433',0,'PATCH','更改单个应用的部分信息','projects/**/clients/**','0Y8HHJ47NBDQ','0P8HE307W6IO',1,0),	 (128,NULL,'',0,NULL,'','2022-01-05 20:31:49','0U8AZTODP4H0',NULL,'',2,'','0C8AZTODP4HT','0O8G2WE71L35',1,'','0E8AZTODP435',0,'GET','读取单个api端口的详细信息','projects/**/endpoints/**','0Y8HHJ47NBDS','0P8HE307W6IO',1,0),	 (130,NULL,'',0,NULL,'','2022-01-05 20:32:08','0U8AZTODP4H0',NULL,'',2,'','0C8AZTODP4HT','0O8G2WE71L35',1,'','0E8AZTODP437',0,'PATCH','更改单个用户的部分信息','mngmt/users/**','0Y8HHJ47NBDT','0P8HE307W6IO',1,0),	 (131,NULL,'',0,NULL,'','2022-01-05 20:33:30','0U8AZTODP4H0',NULL,'',3,'','0C8AZTODP4HT','0O8G2WE71L35',1,'','0E8AZTODP438',0,'PATCH','批量更改多个用户的部分信息','mngmt/users','0Y8HHJ47NBDU','0P8HE307W6IO',1,0),	 (132,NULL,'',0,NULL,'','2022-01-05 20:33:15','0U8AZTODP4H0',NULL,'',2,'','0C8AZTODP4HT','0O8G2WE71L35',1,'','0E8AZTODP439',0,'DELETE','批量删除多个api端口','projects/**/endpoints','0Y8HHJ47NBDV','0P8HE307W6IO',1,0),	 (137,NULL,'',0,NULL,'','2022-01-05 20:33:50','0U8AZTODP4H0',NULL,'',2,'','0C8AZTODP4HT','0O8G2WE71L35',1,'','0E8AZTODP43E',0,'PATCH','更改单个api端口的部分信息','projects/**/endpoints/**','0Y8HHJ47NBDW','0P8HE307W6IO',1,0),	 (143,NULL,'',0,NULL,'','2022-01-05 20:35:02','0U8AZTODP4H0',NULL,'',2,'','0C8AZTODP4HT','0O8G2WE71L35',1,'','0E8AZTODP43I',0,'GET','读取mt-auth中的改动','changes/root','0Y8HHJ47NBDY','0P8HE307W6IO',1,0),	 (149,NULL,'',0,NULL,'','2022-01-05 20:35:26','0U8AZTODP4H0',NULL,'',2,'','0C8AZTODP4HT','0O8G2WE71L35',1,'','0E8AZTODP43N',0,'GET','查看当前回收的身份令牌','mngmt/revoke-tokens','0Y8HHJ47NBDZ','0P8HE307W6IO',1,0),	 (180,NULL,'',0,NULL,'','2022-01-05 20:35:53','0U8AZTODP4H0',NULL,'',2,'','0C8AZTODP4HT','0O8G2WE71L35',1,'','0E8AZTODP450',0,'POST','发布重新载入代理缓存事件','mngmt/endpoints/event/reload','0Y8HHJ47NB00','0P8HE307W6IO',1,0),	 (181,NULL,'',0,NULL,'',NULL,'',NULL,'',0,'','0C8BLWABG1S0','0O8G2WE71L35',1,'','0E8AZTODP451',0,'GET','测试延迟','test/delay/**',NULL,'0P8HE307W6IO',0,0);
INSERT INTO endpoint (id,created_at,created_by,deleted,deleted_at,deleted_by,modified_at,modified_by,restored_at,restored_by,version,cache_profile_id,client_id,cors_profile_id,csrf_enabled,description,domain_id,is_websocket,`method`,name,`path`,permission_id,project_id,secured,shared) VALUES	 (182,NULL,'',0,NULL,'',NULL,'',NULL,'',0,'','0C8BLWABG1S0','0O8G2WE71L35',1,'','0E8AZTODP452',0,'GET','测试Http返回码','test/status/**',NULL,'0P8HE307W6IO',0,0),	 (183,'2021-02-06 13:13:40','0U8AZTODP4H0',0,NULL,'','2021-02-06 13:13:40','0U8AZTODP4H0',NULL,'',0,'','0C8AZTODP4HT','',0,'','0E8BO3KAHURK',0,'GET','系统监控websocket get初始化请求','monitor','0Y8HHJ47NBE6','0P8HE307W6IO',1,0),	 (184,NULL,'',0,NULL,'','2022-01-05 20:36:26','0U8AZTODP4H0',NULL,'',3,'','0C8AZTODP4HT','0O8G2WE71L35',1,'','0E8BPAEMD3B5',0,'POST','获取websocket链接使用的令牌','tickets/**','0Y8HHJ47NBE7','0P8HE307W6IO',1,0),	 (185,NULL,'',0,NULL,'',NULL,'',NULL,'',0,'','0C8HPGLXHMET','0O8G2WE71L35',1,'','0E8BPAEMD3B6',0,'GET','获取商城通知历史','notifications','0Y8HHJ47NBE8','0P8HPG99R56P',1,0),	 (186,'2021-02-06 13:13:40','0U8AZTODP4H0',0,NULL,'','2021-02-06 13:13:40','0U8AZTODP4H0',NULL,'',0,'','0C8HPGLXHMET','0O8G2WE71L35',0,'','0E8BPAEMD3B7',0,'GET','商城监控websocket get初始化请求','monitor','0Y8HHJ47NBE9','0P8HPG99R56P',1,0),	 (847539962118150,'2021-03-25 10:49:49','0U8AZTODP4H0',0,NULL,'','2021-03-25 10:49:49','0U8AZTODP4H0',NULL,'',0,'','0C8AZTODP4HT','',0,'','0E8CFEHEM0W0',1,'','系统监控ws接口','monitor','0Y8HVWH0K64P','0P8HE307W6IO',1,0),	 (847539979419653,'2021-03-25 10:50:22','0U8AZTODP4H0',0,NULL,'','2021-03-25 10:50:22','0U8AZTODP4H0',NULL,'',0,'','0C8HPGLXHMET','0O8G2WE71L35',0,'','0E8CFEHOWUTC',1,'','商城管理端WS接口','monitor','0Y8HYA2GSU80','0P8HPG99R56P',1,0),	 (855088528097288,'2021-09-07 22:12:16','0U8AZTODP4H0',0,NULL,'','2022-01-05 20:36:38','0U8AZTODP4H0',NULL,'',2,'','0C8AZTODP4HT','0O8G2WE71L35',1,'','0E8F3Q8VWB9C',0,'POST','重试系统事件','mngmt/events/**/retry','0Y8HHJ47NBEA','0P8HE307W6IO',1,0),	 (855088539107336,'2021-09-07 22:12:37','0U8AZTODP4H0',0,NULL,'','2022-01-05 20:37:44','0U8AZTODP4H0',NULL,'',2,'','0C8AZTODP4HT','0O8G2WE71L35',1,'','0E8F3Q92GAO0',0,'GET','读取当前系统事件','mngmt/events','0Y8HHJ47NBEB','0P8HE307W6IO',1,0),	 (857818816053257,'2021-11-07 04:45:47','0U8AZTODP4H0',0,NULL,'','2022-01-05 20:39:35','0U8AZTODP4H0',NULL,'',2,'','0C8AZTODP4HT','0O8G2WE71L35',1,'','0E8G2KIUUOZK',0,'GET','读取CORS配置','mngmt/cors','0Y8HHJ47NBEH','0P8HE307W6IO',1,0);
INSERT INTO endpoint (id,created_at,created_by,deleted,deleted_at,deleted_by,modified_at,modified_by,restored_at,restored_by,version,cache_profile_id,client_id,cors_profile_id,csrf_enabled,description,domain_id,is_websocket,`method`,name,`path`,permission_id,project_id,secured,shared) VALUES	 (857818863763465,'2021-11-07 04:47:18','0U8AZTODP4H0',0,NULL,'','2022-01-05 20:40:28','0U8AZTODP4H0',NULL,'',2,'','0C8AZTODP4HT','0O8G2WE71L35',1,'','0E8G2KJN9AF5',0,'POST','添加新的CORS配置','mngmt/cors','0Y8HHJ47NBEI','0P8HE307W6IO',1,0),	 (857818891550729,'2021-11-07 04:48:11','0U8AZTODP4H0',0,NULL,'','2022-01-05 20:40:44','0U8AZTODP4H0',NULL,'',2,'','0C8AZTODP4HT','0O8G2WE71L35',1,'','0E8G2KK3SV7L',0,'PUT','替换已有的CORS配置','mngmt/cors/**','0Y8HHJ47NBEJ','0P8HE307W6IO',1,0),	 (857818936639497,'2021-11-07 04:49:37','0U8AZTODP4H0',0,NULL,'','2022-01-05 20:41:06','0U8AZTODP4H0',NULL,'',2,'','0C8AZTODP4HT','0O8G2WE71L35',1,'','0E8G2KKUN9XD',0,'PATCH','部分更改单一CORS配置','mngmt/cors/**','0Y8HHJ47NBEK','0P8HE307W6IO',1,0),	 (857818980155392,'2021-11-07 04:50:59','0U8AZTODP4H0',0,NULL,'','2022-01-05 20:41:24','0U8AZTODP4H0',NULL,'',2,'','0C8AZTODP4HT','0O8G2WE71L35',1,'','0E8G2KLK8QGX',0,'DELETE','删除已有的CORS配置','mngmt/cors/**','0Y8HHJ47NBEL','0P8HE307W6IO',1,0),	 (858028290605063,'2021-11-11 21:44:47','0U8AZTODP4H0',0,NULL,'','2022-01-05 20:41:43','0U8AZTODP4H0',NULL,'',2,'','0C8AZTODP4HT','0O8G2WE71L35',1,'','0E8G58R6A328',0,'GET','读取当前缓存配置简略信息','mngmt/cache-profile','0Y8HHJ47NBEM','0P8HE307W6IO',1,0),	 (858028295847944,'2021-11-11 21:44:57','0U8AZTODP4H0',0,NULL,'','2022-01-05 20:41:57','0U8AZTODP4H0',NULL,'',2,'','0C8AZTODP4HT','0O8G2WE71L35',1,'','0E8G58R9PP1C',0,'POST','添加新的缓存配置','mngmt/cache-profile','0Y8HHJ47NBEN','0P8HE307W6IO',1,0),	 (858028300566696,'2021-11-11 21:45:07','0U8AZTODP4H0',0,NULL,'','2022-01-05 20:42:13','0U8AZTODP4H0',NULL,'',2,'','0C8AZTODP4HT','0O8G2WE71L35',1,'','0E8G58RCITXC',0,'PUT','替换已有的缓存配置','mngmt/cache-profile/**','0Y8HHJ47NBEO','0P8HE307W6IO',1,0),	 (858028305809415,'2021-11-11 21:45:16','0U8AZTODP4H0',0,NULL,'','2022-01-05 20:42:51','0U8AZTODP4H0',NULL,'',2,'','0C8AZTODP4HT','0O8G2WE71L35',1,'','0E8G58RFBYXT',0,'DELETE','删除选中的缓存配置','mngmt/cache-profile/**','0Y8HHJ47NBEP','0P8HE307W6IO',1,0),	 (858028322586632,'2021-11-11 21:45:49','0U8AZTODP4H0',0,NULL,'','2022-01-05 20:43:10','0U8AZTODP4H0',NULL,'',2,'','0C8AZTODP4HT','0O8G2WE71L35',1,'','0E8G58RPMSQO',0,'PATCH','部分更新选中的缓存配置','mngmt/cache-profile/**','0Y8HHJ47NBEQ','0P8HE307W6IO',1,0),	 (858486057992192,'2021-11-21 19:16:49','0U8AZTODP4H0',0,NULL,'','2021-11-21 20:20:41','0U8AZTODP4H0',NULL,'',1,'','0C8AZYTQ5W5C','',0,'','0E8GB31T5VK2',0,'GET','查询代理缓存MD5值','/info/checkSum',NULL,'0P8HE307W6IO',0,0);
INSERT INTO endpoint (id,created_at,created_by,deleted,deleted_at,deleted_by,modified_at,modified_by,restored_at,restored_by,version,cache_profile_id,client_id,cors_profile_id,csrf_enabled,description,domain_id,is_websocket,`method`,name,`path`,permission_id,project_id,secured,shared) VALUES	 (858491679408138,'2021-11-21 22:15:32','0U8AZTODP4H0',0,NULL,'','2022-01-05 20:43:27','0U8AZTODP4H0',NULL,'',2,'0X8G9HEVMSCH','0C8AZTODP4HT','0O8G2WE71L35',1,'','0E8GB5MSBKE8',0,'GET','检查代理缓存是否同步','mngmt/proxy/check','0Y8HHJ47NBES','0P8HE307W6IO',1,0),	 (861497201262599,'2022-01-27 01:38:29','0U8AZTODP4H0',0,NULL,'','2022-01-27 01:38:29','0U8AZTODP4H0',NULL,'',0,'','0C8AZTODP4HT','0O8G2WE71L35',1,'','0E8HDICM4CU8',0,'POST','创建新项目','projects','0Y8HHJ47NBET','0P8HE307W6IO',1,0),	 (861497574031368,'2022-01-27 01:50:21','0U8AZTODP4H0',0,NULL,'','2022-01-27 01:50:21','0U8AZTODP4H0',NULL,'',0,'','0C8AZTODP4HT','0O8G2WE71L35',1,'','0E8HDIISDBLS',0,'GET','查询已有项目','mngmt/projects','0Y8HHJ47NBEU','0P8HE307W6IO',1,0),	 (861540772741129,'2022-01-28 00:43:36','0U8AZTODP4H0',0,NULL,'','2022-01-28 00:43:36','0U8AZTODP4H0',NULL,'',0,'','0C8AZTODP4HT','0O8G2WE71L35',1,'','0E8HE2D7RLDT',0,'GET','查询当前全部权限简要信息','projects/**/permissions','0Y8HHJ47NBEV','0P8HE307W6IO',1,0),	 (861541373050887,'2022-01-28 01:02:40','0U8AZTODP4H0',0,NULL,'','2022-01-28 01:04:03','0U8AZTODP4H0',NULL,'',1,'','0C8AZTODP4HT','0O8G2WE71L35',1,'','0E8HE2N4V2TD',0,'POST','创建权限配置','projects/**/permissions','0Y8HHJ47NBEW','0P8HE307W6IO',1,0),	 (861612640567304,'2022-01-29 14:48:12','0U8AZTODP4H0',0,NULL,'','2022-01-29 14:48:12','0U8AZTODP4H0',NULL,'',0,'','0C8AZTODP4HT','0O8G2WE71L35',1,'','0E8HEZDS0IYO',0,'GET','查询当前全部角色简要信息','projects/**/roles','0Y8HHJ47NBEX','0P8HE307W6IO',1,0),	 (861612644761608,'2022-01-29 14:48:21','0U8AZTODP4H0',0,NULL,'','2022-01-29 14:48:21','0U8AZTODP4H0',NULL,'',0,'','0C8AZTODP4HT','0O8G2WE71L35',1,'','0E8HEZDUIFB4',0,'POST','创建角色','projects/**/roles','0Y8HHJ47NBEY','0P8HE307W6IO',1,0),	 (861809903403018,'2022-02-02 18:19:01','0U8AZTODP4H0',0,NULL,'','2022-02-02 18:19:01','0U8AZTODP4H0',NULL,'',0,'','0C8AZTODP4HT','0O8G2WE71L35',1,'','0E8HHI057P4W',0,'GET','查询租户项目','projects/tenant','0Y8HHJ47NBEZ','0P8HE307W6IO',1,0),	 (862016664240135,'2022-02-07 02:51:46','0U8AZTODP4H0',0,NULL,'','2022-02-07 02:51:46','0U8AZTODP4H0',NULL,'',0,'','0C8AZTODP4HT','0O8G2WE71L35',1,'','0E8HK4ZKYRP1',0,'GET','查询租户用户','projects/**/users','0Y8HK4ZLA03Q','0P8HE307W6IO',1,0),	 (862028321783818,'2022-02-07 09:02:21','0U8AZTODP4H0',0,NULL,'','2022-02-07 09:02:21','0U8AZTODP4H0',NULL,'',0,'','0C8AZTODP4HT','0O8G2WE71L35',1,'','0E8HKACDKDTT',0,'GET','查看角色','projects/**/roles/**','0Y8HKACDVMDL','0P8HE307W6IO',1,0);
INSERT INTO endpoint (id,created_at,created_by,deleted,deleted_at,deleted_by,modified_at,modified_by,restored_at,restored_by,version,cache_profile_id,client_id,cors_profile_id,csrf_enabled,description,domain_id,is_websocket,`method`,name,`path`,permission_id,project_id,secured,shared) VALUES	 (862036408401931,'2022-02-07 13:19:26','0U8AZTODP4H0',0,NULL,'','2022-02-07 13:19:26','0U8AZTODP4H0',NULL,'',0,'','0C8AZTODP4HT','0O8G2WE71L35',1,'','0E8HKE24FWU8',0,'PUT','更新角色','projects/**/roles/**','0Y8HKE24FWUI','0P8HE307W6IO',1,0),	 (862036445102092,'2022-02-07 13:20:36','0U8AZTODP4H0',0,NULL,'','2022-02-07 13:20:36','0U8AZTODP4H0',NULL,'',0,'','0C8AZTODP4HT','0O8G2WE71L35',1,'','0E8HKE2QAIV4',0,'DELETE','删除角色','projects/**/roles/**','0Y8HKE2QAIVF','0P8HE307W6IO',1,0),	 (862037661450252,'2022-02-07 13:59:15','0U8AZTODP4H0',0,NULL,'','2022-02-07 13:59:15','0U8AZTODP4H0',NULL,'',0,'','0C8AZTODP4HT','0O8G2WE71L35',1,'查询当前用户角色信息','0E8HKEMUH340',0,'GET','查询项目用户详细信息','projects/**/users/**','0Y8HKEMUH34B','0P8HE307W6IO',1,0),	 (862037665120268,'2022-02-07 13:59:22','0U8AZTODP4H0',0,NULL,'','2022-02-07 13:59:22','0U8AZTODP4H0',NULL,'',0,'','0C8AZTODP4HT','0O8G2WE71L35',1,'更改用户角色信息','0E8HKEMWNQWX',0,'PUT','更改项目用户信息','projects/**/users/**','0Y8HKEMWNQX7','0P8HE307W6IO',1,0),	 (862151434567893,'2022-02-09 21:16:01','0U8AZTODP4H0',0,NULL,'','2022-02-09 21:16:01','0U8AZTODP4H0',NULL,'',0,'','0C8AZTODP4HT','0O8G2WE71L35',1,'','0E8HLUWG1UIW',0,'GET','查询单个权限信息','projects/**/permissions/**','0Y8HLUWG1UJ8','0P8HE307W6IO',1,0),	 (862151442432014,'2022-02-09 21:16:16','0U8AZTODP4H0',0,NULL,'','2022-02-09 21:16:16','0U8AZTODP4H0',NULL,'',0,'','0C8AZTODP4HT','0O8G2WE71L35',1,'','0E8HLUWKQEIP',0,'PUT','更改单个权限信息','projects/**/permissions/**','0Y8HLUWKQEJ1','0P8HE307W6IO',1,0),	 (862151446102030,'2022-02-09 21:16:23','0U8AZTODP4H0',0,NULL,'','2022-02-09 21:16:23','0U8AZTODP4H0',NULL,'',0,'','0C8AZTODP4HT','0O8G2WE71L35',1,'','0E8HLUWMX2BL',0,'DELETE','部分更改单个权限信息','projects/**/permissions/**','0Y8HLUWMX2BX','0P8HE307W6IO',1,0),	 (862151448723470,'2022-02-09 21:16:28','0U8AZTODP4H0',0,NULL,'','2022-02-09 21:16:28','0U8AZTODP4H0',NULL,'',0,'','0C8AZTODP4HT','0O8G2WE71L35',1,'','0E8HLUWOH91D',0,'PATCH','删除单个权限信息','projects/**/permissions/**','0Y8HLUWOH91P','0P8HE307W6IO',1,0),	 (862151448723471,'2022-02-09 21:16:28','0U8AZTODP4H0',0,NULL,'','2022-02-09 21:16:28','0U8AZTODP4H0',NULL,'',0,'','0C8AZTODP4HT','0O8G2WE71L35',1,'','0E8HLUWOH91E',0,'GET','查看我的用户信息','users/profile','0Y8HLUWOH92P','0P8HE307W6IO',1,0),	 (862382466793485,'2022-02-14 23:40:20','0U8AZTODP4H0',0,NULL,'','2022-02-14 23:40:20','0U8AZTODP4H0',NULL,'',0,'','0C8AZTODP4HT','0O8G2WE71L35',1,'','0E8HOT1AO8OW',0,'GET','管理员查询任意应用简略信息','mngmt/clients','0Y8HOT1AO8P8','0P8HE307W6IO',1,0);
INSERT INTO endpoint (id,created_at,created_by,deleted,deleted_at,deleted_by,modified_at,modified_by,restored_at,restored_by,version,cache_profile_id,client_id,cors_profile_id,csrf_enabled,description,domain_id,is_websocket,`method`,name,`path`,permission_id,project_id,secured,shared) VALUES	 (862382500872206,'2022-02-14 23:41:25','0U8AZTODP4H0',0,NULL,'','2022-02-14 23:41:25','0U8AZTODP4H0',NULL,'',0,'','0C8AZTODP4HT','0O8G2WE71L35',1,'','0E8HOT1UYO00',0,'GET','管理员查询任意应用详细信息','mngmt/clients/**','0Y8HOT1UYO0D','0P8HE307W6IO',1,0),	 (862382517125133,'2022-02-14 23:41:55','0U8AZTODP4H0',0,NULL,'','2022-02-14 23:41:55','0U8AZTODP4H0',NULL,'',0,'','0C8AZTODP4HT','0O8G2WE71L35',1,'','0E8HOT24N0U8',0,'GET','管理员查询任意API详细信息','mngmt/endpoints/**','0Y8HOT24N0UK','0P8HE307W6IO',1,0),	 (862382523940878,'2022-02-14 23:42:09','0U8AZTODP4H0',0,NULL,'','2022-02-14 23:42:09','0U8AZTODP4H0',NULL,'',0,'','0C8AZTODP4HT','0O8G2WE71L35',1,'','0E8HOT28P3WG',0,'GET','管理员查询任意API简略信息','mngmt/endpoints','0Y8HOT28P3WT','0P8HE307W6IO',1,0),	 (862382783463438,'2022-02-14 23:50:24','0U8AZTODP4H0',0,NULL,'','2022-02-14 23:50:24','0U8AZTODP4H0',NULL,'',0,'','0C8AZTODP4HT','0O8G2WE71L35',1,'','0E8HOT6J7KSH',0,'GET','管理员查询全部用户简略信息','mngmt/users','0Y8HOT6J7KST','0P8HE307W6IO',1,0),	 (862382792900621,'2022-02-14 23:50:41','0U8AZTODP4H0',0,NULL,'','2022-02-14 23:50:41','0U8AZTODP4H0',NULL,'',0,'','0C8AZTODP4HT','0O8G2WE71L35',1,'','0E8HOT6OTUKG',0,'GET','管理员查询任意用户详细信息','mngmt/users/**','0Y8HOT6OTUKS','0P8HE307W6IO',1,0),	 (862402490400776,'2022-02-15 10:16:51','0U8AZTODP4H0',0,NULL,'','2022-02-15 10:16:51','0U8AZTODP4H0',NULL,'',0,'','0C8AZTODP4HT','0O8G2WE71L35',1,'','0E8HP28FWEF5',0,'GET','获取系统通知','mngmt/notifications','0Y8HP28G7MYV','0P8HE307W6IO',1,0),	 (862446240137233,'2022-02-16 09:27:38','0U8HPG93IED3',0,NULL,'','2022-02-16 09:27:38','0U8HPG93IED3',NULL,'',0,'','0C8HPGLXHMET','0O8G2WE71L35',1,'','0E8HPMBZOBNL',0,'GET','获取购物车信息','cart/user','0Y8HPMBZOBO0','0P8HPG99R56P',1,0),	 (862469694685190,'2022-02-16 21:53:13','0U8HPG93IED3',0,NULL,'','2022-02-16 21:53:13','0U8HPG93IED3',NULL,'',0,'','0C8HPGLXHMET','0O8G2WE71L35',1,'需要查看','0E8HPX3VLG5D',0,'GET','管理员获取所有地址简要信息','addresses/admin','0Y8HPX3VWOP1','0P8HPG99R56P',1,0),	 (862469704646672,'2022-02-16 21:53:32','0U8HPG93IED3',0,NULL,'','2022-02-16 21:53:32','0U8HPG93IED3',NULL,'',0,'','0C8HPGLXHMET','0O8G2WE71L35',1,'需要查看','0E8HPX41U70G',0,'GET','管理员获取地址明细','addresses/admin/**','0Y8HPX41U70V','0P8HPG99R56P',1,0),	 (862469722996742,'2022-02-16 21:54:07','0U8HPG93IED3',0,NULL,'','2022-02-16 21:54:07','0U8HPG93IED3',NULL,'',0,'','0C8HPGLXHMET','0O8G2WE71L35',1,'','0E8HPX4CG9HD',0,'POST','用户添加地址','addresses/user','0Y8HPX4CRI11','0P8HPG99R56P',1,0);
INSERT INTO endpoint (id,created_at,created_by,deleted,deleted_at,deleted_by,modified_at,modified_by,restored_at,restored_by,version,cache_profile_id,client_id,cors_profile_id,csrf_enabled,description,domain_id,is_websocket,`method`,name,`path`,permission_id,project_id,secured,shared) VALUES	 (862469746065633,'2022-02-16 21:54:52','0U8HPG93IED3',0,NULL,'','2022-02-16 21:54:52','0U8HPG93IED3',NULL,'',0,'','0C8HPGLXHMET','0O8G2WE71L35',1,'','0E8HPX4QHY35',0,'GET','用户获取所有地址','addresses/user','0Y8HPX4QHY3K','0P8HPG99R56P',1,0),	 (862469758648326,'2022-02-16 21:55:15','0U8HPG93IED3',0,NULL,'','2022-02-16 21:55:15','0U8HPG93IED3',NULL,'',0,'','0C8HPGLXHMET','0O8G2WE71L35',1,'','0E8HPX4XOEF5',0,'GET','用户获取地址明细','addresses/user/**','0Y8HPX4XZMYT','0P8HPG99R56P',1,0),	 (862469786435600,'2022-02-16 21:56:08','0U8HPG93IED3',0,NULL,'','2022-02-16 21:56:08','0U8HPG93IED3',NULL,'',0,'','0C8HPGLXHMET','0O8G2WE71L35',1,'','0E8HPX5EJ7R4',0,'DELETE','用户删除地址','addresses/user/**','0Y8HPX5EJ7RJ','0P8HPG99R56P',1,0),	 (862469789057041,'2022-02-16 21:56:14','0U8HPG93IED3',0,NULL,'','2022-02-16 21:56:14','0U8HPG93IED3',NULL,'',0,'','0C8HPGLXHMET','0O8G2WE71L35',1,'','0E8HPX5G3EGX',0,'PUT','用户更新地址','addresses/user/**','0Y8HPX5G3EHC','0P8HPG99R56P',1,0),	 (862469892341790,'2022-02-16 21:59:31','0U8HPG93IED3',0,NULL,'','2022-02-16 21:59:31','0U8HPG93IED3',NULL,'',0,'','0C8HPGLXHMET','0O8G2WE71L35',1,'需要查看','0E8HPX75L5HQ',0,'DELETE','管理员删除属性','attributes/admin','0Y8HPX75L5I5','0P8HPG99R56P',1,0),	 (862469943722001,'2022-02-16 22:01:09','0U8HPG93IED3',0,NULL,'','2022-02-16 22:01:09','0U8HPG93IED3',NULL,'',0,'','0C8HPGLXHMET','0O8G2WE71L35',1,'需要查看','0E8HPX806EPS',0,'POST','管理员创建属性','attributes/admin','0Y8HPX806EQ8','0P8HPG99R56P',1,0),	 (862469957353488,'2022-02-16 22:01:35','0U8HPG93IED3',0,NULL,'','2022-02-16 22:01:35','0U8HPG93IED3',NULL,'',0,'','0C8HPGLXHMET','0O8G2WE71L35',1,'需要查看','0E8HPX88AKU8',0,'GET','管理员获取当前所有属性简略信息','attributes/admin','0Y8HPX88AKUN','0P8HPG99R56P',1,0),	 (862470017122334,'2022-02-16 22:03:28','0U8HPG93IED3',0,NULL,'','2022-02-16 22:03:28','0U8HPG93IED3',NULL,'',0,'','0C8HPGLXHMET','0O8G2WE71L35',1,'需要查看','0E8HPX97VMRY',0,'GET','管理员获取单一属性明细','attributes/admin/**','0Y8HPX97VMSD','0P8HPG99R56P',1,0),	 (862470036520976,'2022-02-16 22:04:06','0U8HPG93IED3',0,NULL,'','2022-02-16 22:04:06','0U8HPG93IED3',NULL,'',0,'','0C8HPGLXHMET','0O8G2WE71L35',1,'需要查看','0E8HPX9JFEV4',0,'PATCH','管理员更改特定属性','attributes/admin/**','0Y8HPX9JFEVJ','0P8HPG99R56P',1,0),	 (862470049103888,'2022-02-16 22:04:29','0U8HPG93IED3',0,NULL,'','2022-02-16 22:04:29','0U8HPG93IED3',NULL,'',0,'','0C8HPGLXHMET','0O8G2WE71L35',1,'需要查看','0E8HPX9QX3WG',0,'PUT','管理员更新特定属性','attributes/admin/**','0Y8HPX9QX3WV','0P8HPG99R56P',1,0);
INSERT INTO endpoint (id,created_at,created_by,deleted,deleted_at,deleted_by,modified_at,modified_by,restored_at,restored_by,version,cache_profile_id,client_id,cors_profile_id,csrf_enabled,description,domain_id,is_websocket,`method`,name,`path`,permission_id,project_id,secured,shared) VALUES	 (862470055919633,'2022-02-16 22:04:43','0U8HPG93IED3',0,NULL,'','2022-02-16 22:04:43','0U8HPG93IED3',NULL,'',0,'','0C8HPGLXHMET','0O8G2WE71L35',1,'需要查看','0E8HPX9UZ6YO',0,'DELETE','管理员删除特定属性','attributes/admin/**','0Y8HPX9UZ6Z4','0P8HPG99R56P',1,0),	 (862470863847425,'2022-02-16 22:30:23','0U8HPG93IED3',0,NULL,'','2022-02-16 22:30:23','0U8HPG93IED3',NULL,'',0,'','0C8HPGLXHMET','0O8G2WE71L35',1,'','0E8HPXN7ONI8',0,'DELETE','系统清空购物车','cart/app','0Y8HPXN7ZW1S','0P8HPG99R56P',1,0),	 (862470881149153,'2022-02-16 22:30:57','0U8HPG93IED3',0,NULL,'','2022-02-16 22:30:57','0U8HPG93IED3',NULL,'',0,'','0C8HPGLXHMET','0O8G2WE71L35',1,'','0E8HPXNIAQ4W',0,'POST','用户添加商品到购物车','cart/user','0Y8HPXNIAQ5C','0P8HPG99R56P',1,0),	 (862470894256134,'2022-02-16 22:31:21','0U8HPG93IED3',0,NULL,'','2022-02-16 22:31:21','0U8HPG93IED3',NULL,'',0,'','0C8HPGLXHMET','0O8G2WE71L35',1,'','0E8HPXNPSF0H',0,'DELETE','用户删除购物车商品','cart/user/**','0Y8HPXNQ3NK5','0P8HPG99R56P',1,0),	 (862470929383440,'2022-02-16 22:32:28','0U8HPG93IED3',0,NULL,'','2022-02-16 22:32:28','0U8HPG93IED3',NULL,'',0,'','0C8HPGLXHMET','0O8G2WE71L35',1,'需要查看','0E8HPXOB0JY8',0,'DELETE','管理员删除目录','catalogs/admin','0Y8HPXOB0JYN','0P8HPG99R56P',1,0),	 (862470952452112,'2022-02-16 22:33:13','0U8HPG93IED3',0,NULL,'','2022-02-16 22:33:13','0U8HPG93IED3',NULL,'',0,'','0C8HPGLXHMET','0O8G2WE71L35',1,'','0E8HPXOOQZUO',0,'GET','管理员获取商品目录','catalogs/admin','0Y8HPXOOQZV3','0P8HPG99R56P',1,0),	 (862470959267857,'2022-02-16 22:33:26','0U8HPG93IED3',0,NULL,'','2022-02-16 22:33:26','0U8HPG93IED3',NULL,'',0,'','0C8HPGLXHMET','0O8G2WE71L35',1,'','0E8HPXOST2WW',0,'POST','管理员创建商品目录','catalogs/admin','0Y8HPXOST2XC','0P8HPG99R56P',1,0),	 (862470971850768,'2022-02-16 22:33:50','0U8HPG93IED3',0,NULL,'','2022-02-16 22:33:50','0U8HPG93IED3',NULL,'',0,'','0C8HPGLXHMET','0O8G2WE71L35',1,'','0E8HPXP0ARY8',0,'PATCH','管理员部分更新商品目录','catalogs/admin/**','0Y8HPXP0ARYN','0P8HPG99R56P',1,0),	 (862470983385285,'2022-02-16 22:34:12','0U8HPG93IED3',0,NULL,'','2022-02-16 22:34:12','0U8HPG93IED3',NULL,'',0,'','0C8HPGLXHMET','0O8G2WE71L35',1,'','0E8HPXP7601H',0,'GET','管理员获取商品目录明细','catalogs/admin/**','0Y8HPXP7601W','0P8HPG99R56P',1,0),	 (862470998589456,'2022-02-16 22:34:41','0U8HPG93IED3',0,NULL,'','2022-02-16 22:34:41','0U8HPG93IED3',NULL,'',0,'','0C8HPGLXHMET','0O8G2WE71L35',1,'','0E8HPXPG7VNK',0,'DELETE','管理员删除特定商品目录','catalogs/admin/**','0Y8HPXPG7VNZ','0P8HPG99R56P',1,0);
INSERT INTO endpoint (id,created_at,created_by,deleted,deleted_at,deleted_by,modified_at,modified_by,restored_at,restored_by,version,cache_profile_id,client_id,cors_profile_id,csrf_enabled,description,domain_id,is_websocket,`method`,name,`path`,permission_id,project_id,secured,shared) VALUES	 (862471005405200,'2022-02-16 22:34:53','0U8HPG93IED3',0,NULL,'','2022-02-16 22:34:53','0U8HPG93IED3',NULL,'',0,'','0C8HPGLXHMET','0O8G2WE71L35',1,'','0E8HPXPK9YPS',0,'PUT','管理员更新特定商品目录','catalogs/admin/**','0Y8HPXPK9YQ7','0P8HPG99R56P',1,0),	 (862471028998159,'2022-02-16 22:35:39','0U8HPG93IED3',0,NULL,'','2022-02-17 02:39:37','0U8HPG93IED3',NULL,'',1,'','0C8HPGLXHMET','0O8G2WE71L35',1,'','0E8HPXPYBN5S',0,'GET','获取商城商品目录信息','catalogs/public',NULL,'0P8HPG99R56P',0,0),	 (862471117603041,'2022-02-16 22:38:28','0U8HPG93IED3',0,NULL,'','2022-02-16 22:38:28','0U8HPG93IED3',NULL,'',0,'','0C8HPGF4GBUP','0O8G2WE71L35',1,'','0E8HPXRF2R4G',0,'GET','获取该系统改动','changes/root','0Y8HPXRF2R4W','0P8HPG99R56P',1,0),	 (862471126515728,'2022-02-16 22:38:45','0U8HPG93IED3',0,NULL,'','2022-02-16 22:38:45','0U8HPG93IED3',NULL,'',0,'','0C8HPGLXHMET','0O8G2WE71L35',1,'','0E8HPXRKDS74',0,'GET','获取该商城服务系统改动','changes/root','0Y8HPXRKDS7J','0P8HPG99R56P',1,0),	 (862471319978181,'2022-02-16 22:44:54','0U8HPG93IED3',0,NULL,'','2022-02-16 22:44:54','0U8HPG93IED3',NULL,'',0,'','0C8HPGLXHMET','0O8G2WE71L35',1,'','0E8HPXURKCS5',0,'POST','上传文件','files/app','0Y8HPXURKCSK','0P8HPG99R56P',1,0),	 (862471340425231,'2022-02-16 22:45:32','0U8HPG93IED3',0,NULL,'','2022-02-16 22:45:32','0U8HPG93IED3',NULL,'',0,'','0C8HPGLXHMET','0O8G2WE71L35',1,'','0E8HPXV3QLTS',0,'GET','获取文件公共端口','files/public/**',NULL,'0P8HPG99R56P',0,0),	 (862471359823888,'2022-02-16 22:46:09','0U8HPG93IED3',0,NULL,'','2022-02-16 22:46:09','0U8HPG93IED3',NULL,'',0,'','0C8HPGLXHMET','0O8G2WE71L35',1,'','0E8HPXVFADXC',0,'GET','读取商城目录过滤器','filters/admin','0Y8HPXVFADXR','0P8HPG99R56P',1,0),	 (862471366115334,'2022-02-16 22:46:21','0U8HPG93IED3',0,NULL,'','2022-02-16 22:46:21','0U8HPG93IED3',NULL,'',0,'','0C8HPGLXHMET','0O8G2WE71L35',1,'','0E8HPXVIPZWH',0,'POST','创建商城目录过滤器','filters/admin','0Y8HPXVJ18G5','0P8HPG99R56P',1,0),	 (862471374503952,'2022-02-16 22:46:37','0U8HPG93IED3',0,NULL,'','2022-02-16 22:46:37','0U8HPG93IED3',NULL,'',0,'','0C8HPGLXHMET','0O8G2WE71L35',1,'','0E8HPXVO114W',0,'DELETE','删除商城目录过滤器','filters/admin','0Y8HPXVO115B','0P8HPG99R56P',1,0),	 (862471386038288,'2022-02-16 22:47:00','0U8HPG93IED3',0,NULL,'','2022-02-16 22:47:00','0U8HPG93IED3',NULL,'',0,'','0C8HPGLXHMET','0O8G2WE71L35',1,'','0E8HPXVUW934',0,'PATCH','更改部分商城目录过滤器','filters/admin/**','0Y8HPXVUW93J','0P8HPG99R56P',1,0);
INSERT INTO endpoint (id,created_at,created_by,deleted,deleted_at,deleted_by,modified_at,modified_by,restored_at,restored_by,version,cache_profile_id,client_id,cors_profile_id,csrf_enabled,description,domain_id,is_websocket,`method`,name,`path`,permission_id,project_id,secured,shared) VALUES	 (862471397048336,'2022-02-16 22:47:21','0U8HPG93IED3',0,NULL,'','2022-02-16 22:47:21','0U8HPG93IED3',NULL,'',0,'','0C8HPGLXHMET','0O8G2WE71L35',1,'','0E8HPXW1G8HS',0,'GET','读取特定商城目录过滤器','filters/admin/**','0Y8HPXW1G8I7','0P8HPG99R56P',1,0),	 (862471405961231,'2022-02-16 22:47:37','0U8HPG93IED3',0,NULL,'','2022-02-16 22:47:37','0U8HPG93IED3',NULL,'',0,'','0C8HPGLXHMET','0O8G2WE71L35',1,'','0E8HPXW6G16P',0,'DELETE','删除特定商城目录过滤器','filters/admin/**','0Y8HPXW6R9QM','0P8HPG99R56P',1,0),	 (862471422738438,'2022-02-16 22:48:09','0U8HPG93IED3',0,NULL,'','2022-02-16 22:48:09','0U8HPG93IED3',NULL,'',0,'','0C8HPGLXHMET','0O8G2WE71L35',1,'','0E8HPXWGFMQ9',0,'PUT','更新特定商城目录过滤器','filters/admin/**','0Y8HPXWGQV45','0P8HPG99R56P',1,0),	 (862471440564229,'2022-02-16 22:48:43','0U8HPG93IED3',0,NULL,'','2022-02-16 22:48:43','0U8HPG93IED3',NULL,'',0,'','0C8HPGLXHMET','0O8G2WE71L35',1,'','0E8HPXWR1P1D',0,'GET','获取商城过滤器配置','filters/public',NULL,'0P8HPG99R56P',0,0),	 (862471786594421,'2022-02-16 22:59:43','0U8HPG93IED3',0,NULL,'','2022-02-16 23:03:23','0U8HPG93IED3',NULL,'',1,'','0C8HPGF4GBUP','0O8G2WE71L35',1,'','0E8HPY2HDK6D',0,'GET','读取分布式事务服务系统事件','mngmt/events','0Y8HPY2HDK6S','0P8HPG99R56P',1,0),	 (862471789215761,'2022-02-16 22:59:49','0U8HPG93IED3',0,NULL,'','2022-02-16 23:03:14','0U8HPG93IED3',NULL,'',1,'','0C8HPGLXHMET','0O8G2WE71L35',1,'','0E8HPY2IXQTD',0,'GET','读取商城服务系统事件','mngmt/events','0Y8HPY2IXQTS','0P8HPG99R56P',1,0),	 (862471831158801,'2022-02-16 23:01:09','0U8HPG93IED3',0,NULL,'','2022-02-16 23:02:00','0U8HPG93IED3',NULL,'',1,'','0C8HPGLXHMET','0O8G2WE71L35',1,'','0E8HPY37WQ9T',0,'POST','重试商城服务某一系统事件','mngmt/events/**/retry','0Y8HPY37WQA8','0P8HPG99R56P',1,0),	 (862471833780230,'2022-02-16 23:01:13','0U8HPG93IED3',0,NULL,'','2022-02-16 23:01:48','0U8HPG93IED3',NULL,'',1,'','0C8HPGF4GBUP','0O8G2WE71L35',1,'','0E8HPY395OG1',0,'POST','重试分布式事务服务某一系统事件','mngmt/events/**/retry','0Y8HPY39GWZP','0P8HPG99R56P',1,0),	 (862473202171921,'2022-02-16 23:44:44','0U8HPG93IED3',0,NULL,'','2022-02-16 23:44:44','0U8HPG93IED3',NULL,'',0,'','0C8HPGLXHMET','0O8G2WE71L35',1,'','0E8HPYPW6ARL',0,'GET','管理员获取当前全部订单','orders/admin','0Y8HPYPW6AS0','0P8HPG99R56P',1,0),	 (862473210036241,'2022-02-16 23:44:58','0U8HPG93IED3',0,NULL,'','2022-02-16 23:44:58','0U8HPG93IED3',NULL,'',0,'','0C8HPGLXHMET','0O8G2WE71L35',1,'','0E8HPYQ0UUWX',0,'GET','管理员获取特定订单','orders/admin/**','0Y8HPYQ0UUXC','0P8HPG99R56P',1,0);
INSERT INTO endpoint (id,created_at,created_by,deleted,deleted_at,deleted_by,modified_at,modified_by,restored_at,restored_by,version,cache_profile_id,client_id,cors_profile_id,csrf_enabled,description,domain_id,is_websocket,`method`,name,`path`,permission_id,project_id,secured,shared) VALUES	 (862473264562193,'2022-02-16 23:46:42','0U8HPG93IED3',0,NULL,'','2022-02-16 23:46:42','0U8HPG93IED3',NULL,'',0,'','0C8HPGLXHMET','0O8G2WE71L35',1,'','0E8HPYQXBJEP',0,'DELETE','管理员删除特定订单','orders/admin/**','0Y8HPYQXBJF4','0P8HPG99R56P',1,0),	 (862473281863878,'2022-02-16 23:47:16','0U8HPG93IED3',0,NULL,'','2022-02-16 23:47:16','0U8HPG93IED3',NULL,'',0,'','0C8HPGLXHMET','0O8G2WE71L35',1,'','0E8HPYR7MDH2',0,'POST','系统创建订单','orders/app','0Y8HPYR7MDHH','0P8HPG99R56P',1,0),	 (862473296019473,'2022-02-16 23:47:43','0U8HPG93IED3',0,NULL,'','2022-02-16 23:47:43','0U8HPG93IED3',NULL,'',0,'','0C8HPGLXHMET','0O8G2WE71L35',1,'','0E8HPYRG1S01',0,'PUT','系统更新订单','orders/app/**','0Y8HPYRG1S0G','0P8HPG99R56P',1,0),	 (862473310699537,'2022-02-16 23:48:11','0U8HPG93IED3',0,NULL,'','2022-02-16 23:48:11','0U8HPG93IED3',NULL,'',0,'','0C8HPGLXHMET','0O8G2WE71L35',1,'','0E8HPYROSF7L',0,'POST','系统验证订单','orders/app/validate','0Y8HPYROSF80','0P8HPG99R56P',1,0),	 (862473430761478,'2022-02-16 23:51:59','0U8HPG93IED3',0,NULL,'','2022-02-16 23:51:59','0U8HPG93IED3',NULL,'',0,'','0C8HPGLXHMET','0O8G2WE71L35',1,'','0E8HPYTNYJ81',0,'GET','用户查询我的订单','orders/user','0Y8HPYTO9RLX','0P8HPG99R56P',1,0),	 (862473436528657,'2022-02-16 23:52:11','0U8HPG93IED3',0,NULL,'','2022-02-16 23:52:11','0U8HPG93IED3',NULL,'',0,'','0C8HPGLXHMET','0O8G2WE71L35',1,'','0E8HPYTRPDKX',0,'POST','用户下订单','orders/user','0Y8HPYTRPDLC','0P8HPG99R56P',1,0),	 (862473455927313,'2022-02-16 23:52:48','0U8HPG93IED3',0,NULL,'','2022-02-16 23:52:48','0U8HPG93IED3',NULL,'',0,'','0C8HPGLXHMET','0O8G2WE71L35',1,'','0E8HPYU395OH',0,'PUT','用户更新订单','orders/user/**','0Y8HPYU395OW','0P8HPG99R56P',1,0),	 (862473464840209,'2022-02-16 23:53:04','0U8HPG93IED3',0,NULL,'','2022-02-16 23:53:04','0U8HPG93IED3',NULL,'',0,'','0C8HPGLXHMET','0O8G2WE71L35',1,'','0E8HPYU8K6WW',0,'DELETE','用户删除订单','orders/user/**','0Y8HPYU8K6XC','0P8HPG99R56P',1,0),	 (862473474277393,'2022-02-16 23:53:22','0U8HPG93IED3',0,NULL,'','2022-02-16 23:53:22','0U8HPG93IED3',NULL,'',0,'','0C8HPGLXHMET','0O8G2WE71L35',1,'','0E8HPYUE6GOW',0,'GET','用户读取订单详情','orders/user/**','0Y8HPYUE6GPC','0P8HPG99R56P',1,0),	 (862473487384593,'2022-02-16 23:53:47','0U8HPG93IED3',0,NULL,'','2022-02-16 23:53:47','0U8HPG93IED3',NULL,'',0,'','0C8HPGLXHMET','0O8G2WE71L35',1,'','0E8HPYULZE9T',0,'PUT','用户确认支付订单','orders/user/**/confirm','0Y8HPYULZEA8','0P8HPG99R56P',1,0);
INSERT INTO endpoint (id,created_at,created_by,deleted,deleted_at,deleted_by,modified_at,modified_by,restored_at,restored_by,version,cache_profile_id,client_id,cors_profile_id,csrf_enabled,description,domain_id,is_websocket,`method`,name,`path`,permission_id,project_id,secured,shared) VALUES	 (862473496821777,'2022-02-16 23:54:05','0U8HPG93IED3',0,NULL,'','2022-02-16 23:54:05','0U8HPG93IED3',NULL,'',0,'','0C8HPGLXHMET','0O8G2WE71L35',1,'','0E8HPYURLO1S',0,'PUT','用户重新下订单','orders/user/**/reserve','0Y8HPYURLO28','0P8HPG99R56P',1,0),	 (862473513074695,'2022-02-16 23:54:36','0U8HPG93IED3',0,NULL,'','2022-02-16 23:54:36','0U8HPG93IED3',NULL,'',0,'','0C8HPGLXHMET','0O8G2WE71L35',1,'','0E8HPYV0YSCH',0,'POST','获取支付链接','paymentLink','0Y8HPYV1A0W6','0P8HPG99R56P',1,0),	 (862473523560465,'2022-02-16 23:54:56','0U8HPG93IED3',0,NULL,'','2022-02-16 23:54:56','0U8HPG93IED3',NULL,'',0,'','0C8HPGLXHMET','0O8G2WE71L35',1,'','0E8HPYV7IRR5',0,'GET','查询支付状态','paymentStatus/**','0Y8HPYV7IRRK','0P8HPG99R56P',1,0),	 (862473545580742,'2022-02-16 23:55:39','0U8HPG93IED3',0,NULL,'','2022-02-16 23:55:39','0U8HPG93IED3',NULL,'',0,'','0C8HPGLXHMET','0O8G2WE71L35',1,'','0E8HPYVKMQPI',0,'GET','管理员获取所有产品','products/admin','0Y8HPYVKMQPX','0P8HPG99R56P',1,0),	 (862473551347729,'2022-02-16 23:55:50','0U8HPG93IED3',0,NULL,'','2022-02-16 23:55:50','0U8HPG93IED3',NULL,'',0,'','0C8HPGLXHMET','0O8G2WE71L35',1,'','0E8HPYVO2CJL',0,'POST','管理员新建产品','products/admin','0Y8HPYVO2CK0','0P8HPG99R56P',1,0),	 (862473558687761,'2022-02-16 23:56:04','0U8HPG93IED3',0,NULL,'','2022-02-16 23:56:04','0U8HPG93IED3',NULL,'',0,'','0C8HPGLXHMET','0O8G2WE71L35',1,'','0E8HPYVSFO5D',0,'DELETE','管理员删除产品','products/admin','0Y8HPYVSFO5S','0P8HPG99R56P',1,0),	 (862473566027782,'2022-02-16 23:56:17','0U8HPG93IED3',0,NULL,'','2022-02-16 23:56:17','0U8HPG93IED3',NULL,'',0,'','0C8HPGLXHMET','0O8G2WE71L35',1,'','0E8HPYVWHR7L',0,'PATCH','管理员部分更新产品','products/admin','0Y8HPYVWSZR9','0P8HPG99R56P',1,0),	 (862473573367825,'2022-02-16 23:56:31','0U8HPG93IED3',0,NULL,'','2022-02-16 23:56:31','0U8HPG93IED3',NULL,'',0,'','0C8HPGLXHMET','0O8G2WE71L35',1,'','0E8HPYW16BCX',0,'PATCH','管理员部分更新某一产品','products/admin/**','0Y8HPYW16BDC','0P8HPG99R56P',1,0),	 (862473581756433,'2022-02-16 23:56:47','0U8HPG93IED3',0,NULL,'','2022-02-16 23:56:47','0U8HPG93IED3',NULL,'',0,'','0C8HPGLXHMET','0O8G2WE71L35',1,'','0E8HPYW6641S',0,'GET','管理员读取某一产品','products/admin/**','0Y8HPYW66428','0P8HPG99R56P',1,0),	 (862473588047889,'2022-02-16 23:57:00','0U8HPG93IED3',0,NULL,'','2022-02-16 23:57:00','0U8HPG93IED3',NULL,'',0,'','0C8HPGLXHMET','0O8G2WE71L35',1,'','0E8HPYW9WYKH',0,'PUT','管理员更新某一产品','products/admin/**','0Y8HPYW9WYKW','0P8HPG99R56P',1,0);
INSERT INTO endpoint (id,created_at,created_by,deleted,deleted_at,deleted_by,modified_at,modified_by,restored_at,restored_by,version,cache_profile_id,client_id,cors_profile_id,csrf_enabled,description,domain_id,is_websocket,`method`,name,`path`,permission_id,project_id,secured,shared) VALUES	 (862473595387921,'2022-02-16 23:57:14','0U8HPG93IED3',0,NULL,'','2022-02-16 23:57:14','0U8HPG93IED3',NULL,'',0,'','0C8HPGLXHMET','0O8G2WE71L35',1,'','0E8HPYWEAA69',0,'DELETE','管理员删除某一产品','products/admin/**','0Y8HPYWEAA6O','0P8HPG99R56P',1,0),	 (862473629466641,'2022-02-16 23:58:18','0U8HPG93IED3',0,NULL,'','2022-02-16 23:58:18','0U8HPG93IED3',NULL,'',0,'','0C8HPGLXHMET','0O8G2WE71L35',1,'','0E8HPYWYKPHC',0,'GET','系统读取产品信息','products/app','0Y8HPYWYKPHS','0P8HPG99R56P',1,0),	 (862473635233809,'2022-02-16 23:58:30','0U8HPG93IED3',0,NULL,'','2022-02-16 23:58:30','0U8HPG93IED3',NULL,'',0,'','0C8HPGLXHMET','0O8G2WE71L35',1,'','0E8HPYX20BGH',0,'PATCH','系统更新产品信息','products/app','0Y8HPYX20BGW','0P8HPG99R56P',1,0),	 (862473660399813,'2022-02-16 23:59:18','0U8HPG93IED3',0,NULL,'','2022-02-16 23:59:18','0U8HPG93IED3',NULL,'',0,'','0C8HPGLXHMET','0O8G2WE71L35',1,'','0E8HPYXGZPO6',0,'GET','获取产品列表','products/public',NULL,'0P8HPG99R56P',0,0),	 (862473669836805,'2022-02-16 23:59:35','0U8HPG93IED3',0,NULL,'','2022-02-16 23:59:35','0U8HPG93IED3',NULL,'',0,'','0C8HPGLXHMET','0O8G2WE71L35',1,'','0E8HPYXMAQRL',0,'GET','获取特定产品列表','products/public/**',NULL,'0P8HPG99R56P',0,0),	 (862473720168455,'2022-02-17 00:01:11','0U8HPG93IED3',0,NULL,'','2022-02-17 00:01:11','0U8HPG93IED3',NULL,'',0,'','0C8HPGLXHMET','0O8G2WE71L35',1,'需要查看','0E8HPYYG9IWX',0,'GET','获取订单信息','profiles/orders/id','0Y8HPYYGKRGM','0P8HPG99R56P',1,0),	 (862473737469969,'2022-02-17 00:01:44','0U8HPG93IED3',0,NULL,'','2022-02-17 00:01:44','0U8HPG93IED3',NULL,'',0,'','0C8HPGLXHMET','0O8G2WE71L35',1,'需要查看','0E8HPYYQVLDT',0,'GET','重新提交定时任务','profiles/orders/scheduler/resubmit','0Y8HPYYQVLE8','0P8HPG99R56P',1,0),	 (862473909436423,'2022-02-17 00:07:12','0U8HPG93IED3',0,NULL,'','2022-02-17 00:07:12','0U8HPG93IED3',NULL,'',0,'','0C8HPGLXHMET','0O8G2WE71L35',1,'','0E8HPZ1KY769',0,'GET','获取库存信息','skus/admin','0Y8HPZ1L9FK6','0P8HPG99R56P',1,0),	 (862473917825041,'2022-02-17 00:07:29','0U8HPG93IED3',0,NULL,'','2022-02-17 00:07:29','0U8HPG93IED3',NULL,'',0,'','0C8HPGLXHMET','0O8G2WE71L35',1,'','0E8HPZ1Q988X',0,'POST','创建新库存','skus/admin','0Y8HPZ1Q989C','0P8HPG99R56P',1,0),	 (862473932505094,'2022-02-17 00:07:56','0U8HPG93IED3',0,NULL,'','2022-02-17 00:07:56','0U8HPG93IED3',NULL,'',0,'','0C8HPGLXHMET','0O8G2WE71L35',1,'','0E8HPZ1YOMWX',0,'PATCH','更新库存','skus/admin','0Y8HPZ1YZVGL','0P8HPG99R56P',1,0);
INSERT INTO endpoint (id,created_at,created_by,deleted,deleted_at,deleted_by,modified_at,modified_by,restored_at,restored_by,version,cache_profile_id,client_id,cors_profile_id,csrf_enabled,description,domain_id,is_websocket,`method`,name,`path`,permission_id,project_id,secured,shared) VALUES	 (862473939320849,'2022-02-17 00:08:10','0U8HPG93IED3',0,NULL,'','2022-02-17 00:08:10','0U8HPG93IED3',NULL,'',0,'','0C8HPGLXHMET','0O8G2WE71L35',1,'','0E8HPZ231YIP',0,'DELETE','删除库存','skus/admin','0Y8HPZ231YJ4','0P8HPG99R56P',1,0),	 (862473949806609,'2022-02-17 00:08:30','0U8HPG93IED3',0,NULL,'','2022-02-17 00:08:30','0U8HPG93IED3',NULL,'',0,'','0C8HPGLXHMET','0O8G2WE71L35',1,'','0E8HPZ29APDT',0,'PATCH','更新特定库存','skus/admin/**','0Y8HPZ29APE8','0P8HPG99R56P',1,0),	 (862473958719505,'2022-02-17 00:08:47','0U8HPG93IED3',0,NULL,'','2022-02-17 00:08:47','0U8HPG93IED3',NULL,'',0,'','0C8HPGLXHMET','0O8G2WE71L35',1,'','0E8HPZ2ELQM9',0,'DELETE','删除指定库存','skus/admin/**','0Y8HPZ2ELQMO','0P8HPG99R56P',1,0),	 (862473970778118,'2022-02-17 00:09:09','0U8HPG93IED3',0,NULL,'','2022-02-17 00:09:09','0U8HPG93IED3',NULL,'',0,'','0C8HPGLXHMET','0O8G2WE71L35',1,'','0E8HPZ2LGYKH',0,'PUT','更新替换指定库存','skus/admin/**','0Y8HPZ2LS745','0P8HPG99R56P',1,0),	 (862473983885329,'2022-02-17 00:09:35','0U8HPG93IED3',0,NULL,'','2022-02-17 00:09:35','0U8HPG93IED3',NULL,'',0,'','0C8HPGLXHMET','0O8G2WE71L35',1,'','0E8HPZ2TL4OX',0,'GET','查看指定库存','skus/admin/**','0Y8HPZ2TL4PC','0P8HPG99R56P',1,0),	 (862670892826797,'2022-02-21 08:29:09','0U8AZTODP4H0',0,NULL,'','2022-02-21 08:29:09','0U8AZTODP4H0',NULL,'',0,'','0C8AZTODP4HT','0O8G2WE71L35',1,'','0E8HSHJC34BK',0,'GET','租户查询自己的项目','projects/**','0Y8HSHJC34BW','0P8HE307W6IO',1,0),	 (862944631455744,'2022-02-27 09:31:03','0U8AZTODP4H0',0,NULL,'','2022-02-27 09:31:03','0U8AZTODP4H0',NULL,'',0,'','0C8AZTODP4HT','0O8G2WE71L35',0,'只对顶级域名及其子域名有效','0E8HVZAGOPOH',0,'GET','获取csrf cookie','csrf',NULL,'0P8HE307W6IO',0,0),	 (863019434770449,'2022-03-01 01:09:00','0U8HPG93IED3',0,NULL,'','2022-03-01 01:09:00','0U8HPG93IED3',NULL,'',0,'','0C8HPGF4GBUP','0O8G2WE71L35',1,'','0E8HWXNKYL8H',0,'GET','获取分布式事务列表','dtx','0Y8HWXNKYL8W','0P8HPG99R56P',1,0),	 (863019442634758,'2022-03-01 01:09:14','0U8HPG93IED3',0,NULL,'','2022-03-01 01:09:14','0U8HPG93IED3',NULL,'',0,'','0C8HPGF4GBUP','0O8G2WE71L35',1,'','0E8HWXNPBWU9',0,'GET','获取分布式事务详情','dtx/**','0Y8HWXNPN5DX','0P8HPG99R56P',1,0),	 (863019449450513,'2022-03-01 01:09:28','0U8HPG93IED3',0,NULL,'','2022-03-01 01:09:28','0U8HPG93IED3',NULL,'',0,'','0C8HPGF4GBUP','0O8G2WE71L35',1,'','0E8HWXNTP8G1',0,'POST','取消分布式事务','dtx/cancel','0Y8HWXNTP8GG','0P8HPG99R56P',1,0);
INSERT INTO endpoint (id,created_at,created_by,deleted,deleted_at,deleted_by,modified_at,modified_by,restored_at,restored_by,version,cache_profile_id,client_id,cors_profile_id,csrf_enabled,description,domain_id,is_websocket,`method`,name,`path`,permission_id,project_id,secured,shared) VALUES	 (863019457839121,'2022-03-01 01:09:43','0U8HPG93IED3',0,NULL,'','2022-03-01 01:09:43','0U8HPG93IED3',NULL,'',0,'','0C8HPGF4GBUP','0O8G2WE71L35',1,'','0E8HWXNYP14W',0,'POST','人工解决分布式事务','dtx/resolve','0Y8HWXNYP15C','0P8HPG99R56P',1,0),	 (863374103543820,'2022-03-08 16:03:37','0U8AZTODP4H0',0,NULL,NULL,'2022-03-08 16:03:37','0U8AZTODP4H0',NULL,NULL,0,NULL,'0C8AZTODP4HT','0O8G2WE71L35',1,NULL,'0E8I1GL5LA81',0,'GET','获取共享api列表','endpoints/shared','0Y8I1GL5LA8B','0P8HE307W6IO',1,0),	 (863374103543821,'2022-03-08 16:03:37','0U8AZTODP4H0',0,NULL,NULL,'2022-03-08 16:03:37','0U8AZTODP4H0',NULL,NULL,0,NULL,'0C8AZTODP4HT','0O8G2WE71L35',1,NULL,'0E8I1GL5LA82',0,'GET','获取共享权限列表','permissions/shared','0Y8I1GL5LA8C','0P8HE307W6IO',1,0);


INSERT INTO user_ (id,created_at,created_by,deleted,deleted_at,deleted_by,modified_at,modified_by,restored_at,restored_by,version,email,locked,password,value,domain_id) VALUES	 (838330249904129,'2021-12-10 02:10:06','script',0,NULL,NULL,'2021-12-10 03:35:56','0U8AZTODP4H0',NULL,NULL,2,'superadmin@duoshu.org',0,'$2a$10$AWv./gLENRDp7ghJbawG1uSYa0Qlf4xwaaMW8LHwcEOBdVOB6UPZW',NULL,'0U8AZTODP4H0'),	 (862433005010948,'2022-02-15 21:26:53','0C8B00098WLD',0,NULL,NULL,'2022-02-15 21:26:53','0C8B00098WLD',NULL,NULL,0,'mall@duoshu.org',0,'$2a$12$yYJ8N1CL3Xak87W2cvbCYOEBZcKzy5XiiFYU3A9xvFt0q1g9nLNfG',NULL,'0U8HPG93IED3'),	 (862531308486708,'2022-02-18 01:31:53','0C8B00098WLD',0,NULL,NULL,'2022-02-18 01:31:53','0C8B00098WLD',NULL,NULL,0,'user1@duoshu.org',0,'$2a$12$9cAETVXlNLF6c3bqMlqlMuHYCaX4jRpDt8xxGbvsWnRW9m62e48CS',NULL,'0U8HQPEV6A7K'),	 (862531434315781,'2022-02-18 01:35:53','0C8B00098WLD',0,NULL,NULL,'2022-02-18 01:35:53','0C8B00098WLD',NULL,NULL,0,'mallAdmin@duoshu.org',0,'$2a$12$uU60IyZEyaZX7QyRjzxqS.kjNBfquzzMGYj0bKfOLF/Qhy0gAYNDK',NULL,'0U8HQPGY38JL');

INSERT INTO project (id,created_at,created_by,deleted,deleted_at,deleted_by,modified_at,modified_by,restored_at,restored_by,version,name,domain_id) VALUES	 (861542163677185,'2022-01-27 05:27:48','0U8AZTODP4H0',0,NULL,NULL,'2022-01-27 05:27:48','0U8AZTODP4H0',NULL,NULL,0,'MT-AUTH','0P8HE307W6IO'),	 (861542163677187,'2022-01-27 05:27:48','0U8AZTODP4H0',0,NULL,NULL,'2022-01-27 05:27:48','0U8AZTODP4H0',NULL,NULL,0,'MT-BBS','0P8HE307W6I2'),	 (862433014972418,'2022-02-15 21:27:13','0U8HPG93IED3',0,NULL,NULL,'2022-02-15 21:27:13','0U8HPG93IED3',NULL,NULL,0,'MT-MALL','0P8HPG99R56P');

INSERT INTO cors_profile(id, created_at, created_by, deleted, deleted_at, deleted_by, modified_at, modified_by, restored_at, restored_by, version, allow_credentials, allow_origin, allowed_headers, domain_id, description, exposed_headers, max_age, name)VALUES(857844656111616, '2021-11-06 14:27:12', '0U8AZTODP4H0', 0, NULL, NULL, '2022-02-21 21:35:33', '0U8AZTODP4H0', NULL, NULL, 2, 1, 0x5B7B2276616C7565223A22687474703A2F2F3139322E3136382E322E3136227D2C7B2276616C7565223A22687474703A2F2F3139322E3136382E322E31363A33303030227D2C7B2276616C7565223A22687474703A2F2F6C6F63616C686F73743A34343030227D2C7B2276616C7565223A2268747470733A2F2F7777772E64756F7368752E6F7267227D2C7B2276616C7565223A22687474703A2F2F3139322E3136382E322E32333A33303030227D2C7B2276616C7565223A22687474703A2F2F3139322E3136382E322E32333A34323030227D2C7B2276616C7565223A22687474703A2F2F3139322E3136382E322E32333A34333030227D2C7B2276616C7565223A22687474703A2F2F6C6F63616C686F73743A34333030227D2C7B2276616C7565223A2268747470733A2F2F617574682E64756F7368752E6F7267227D2C7B2276616C7565223A22687474703A2F2F6C6F63616C686F73743A34323030227D2C7B2276616C7565223A22687474703A2F2F3139322E3136382E322E31363A34323030227D5D, 'Authorization,Accept,Access-Control-Request-Method,X-XSRF-TOKEN,x-requested-with,changeId,lastupdateat,uuid,Content-Type', '0O8G2WE71L35', 'default CORS config for all api', 'location,lastupdateat,uuid', 86400, 'default');


INSERT INTO cache_profile (id,created_at,created_by,deleted,deleted_at,deleted_by,modified_at,modified_by,restored_at,restored_by,version,allow_cache,cache_control,domain_id,description,etag,expires,max_age,name,smax_age,vary,weak_validation) VALUES	 (858322708725762,'2021-11-17 03:44:06','0U8AZTODP4H0',0,NULL,NULL,'2021-11-17 23:45:55','0U8AZTODP4H0',NULL,NULL,4,1,'max_age','0X8G900BJFGG','缓存10秒Etag',1,NULL,10,'缓存1',NULL,NULL,0),	 (858360529289217,'2021-11-17 23:46:22','0U8AZTODP4H0',0,NULL,NULL,'2021-11-17 23:46:22','0U8AZTODP4H0',NULL,NULL,0,1,'max_age','0X8G9HDSXCZK','缓存10秒无Etag',0,NULL,10,'缓存2',NULL,NULL,0),	 (858360594825216,'2021-11-17 23:48:27','0U8AZTODP4H0',0,NULL,NULL,'2021-11-17 23:48:27','0U8AZTODP4H0',NULL,NULL,0,0,NULL,'0X8G9HEVMSCH','无缓存',0,NULL,NULL,'缓存3',NULL,NULL,0);


INSERT INTO permission (id,created_at,created_by,deleted,deleted_at,deleted_by,modified_at,modified_by,restored_at,restored_by,version,linked_permission_id,name,parent_id,domain_id,project_id,shared,system_create,tenant_id,`type`) VALUES	 (861812326137928,'2022-02-02 09:36:02','NOT_HTTP',0,NULL,'','2022-02-02 09:36:02','NOT_HTTP',NULL,'',0,NULL,'API_ACCESS',NULL,'0Y8HHJ47NBD3','0P8HE307W6IO',0,1,NULL,'API_ROOT'),	 (861812326137929,'2022-02-02 09:36:02','NOT_HTTP',0,NULL,'','2022-02-02 09:36:02','NOT_HTTP',NULL,'',0,NULL,'0E8AZTODP400','0Y8HHJ47NBD3','0Y8HHJ47NBD4','0P8HE307W6IO',0,1,NULL,'API'),	 (861812326137930,'2022-02-02 09:36:02','NOT_HTTP',0,NULL,'','2022-02-02 09:36:02','NOT_HTTP',NULL,'',0,NULL,'0E8AZTODP401','0Y8HHJ47NBD3','0Y8HHJ47NBD5','0P8HE307W6IO',0,1,NULL,'API'),	 (861812326137931,'2022-02-02 09:36:02','NOT_HTTP',0,NULL,'','2022-02-02 09:36:02','NOT_HTTP',NULL,'',0,NULL,'0E8AZTODP402','0Y8HHJ47NBD3','0Y8HHJ47NBD6','0P8HE307W6IO',0,1,NULL,'API'),	 (861812326137932,'2022-02-02 09:36:02','NOT_HTTP',0,NULL,'','2022-02-02 09:36:02','NOT_HTTP',NULL,'',0,NULL,'0E8AZTODP403','0Y8HHJ47NBD3','0Y8HHJ47NBD7','0P8HE307W6IO',0,1,NULL,'API'),	 (861812326137933,'2022-02-02 09:36:02','NOT_HTTP',0,NULL,'','2022-02-02 09:36:02','NOT_HTTP',NULL,'',0,NULL,'0E8AZTODP404','0Y8HHJ47NBD3','0Y8HHJ47NBD8','0P8HE307W6IO',0,1,NULL,'API'),	 (861812326137934,'2022-02-02 09:36:02','NOT_HTTP',0,NULL,'','2022-02-02 09:36:02','NOT_HTTP',NULL,'',0,NULL,'0E8AZTODP405','0Y8HHJ47NBD3','0Y8HHJ47NBD9','0P8HE307W6IO',0,1,NULL,'API'),	 (861812326137936,'2022-02-02 09:36:02','NOT_HTTP',0,NULL,'','2022-02-02 09:36:02','NOT_HTTP',NULL,'',0,NULL,'0E8AZTODP407','0Y8HHJ47NBD3','0Y8HHJ47NBDB','0P8HE307W6IO',0,1,NULL,'API'),	 (861812326137937,'2022-02-02 09:36:02','NOT_HTTP',0,NULL,'','2022-02-02 09:36:02','NOT_HTTP',NULL,'',0,NULL,'0E8AZTODP408','0Y8HHJ47NBD3','0Y8HHJ47NBDC','0P8HE307W6IO',0,1,NULL,'API'),	 (861812326137938,'2022-02-02 09:36:02','NOT_HTTP',0,NULL,'','2022-02-02 09:36:02','NOT_HTTP',NULL,'',0,NULL,'0E8AZTODP409','0Y8HHJ47NBD3','0Y8HHJ47NBDD','0P8HE307W6IO',0,1,NULL,'API');
INSERT INTO permission (id,created_at,created_by,deleted,deleted_at,deleted_by,modified_at,modified_by,restored_at,restored_by,version,linked_permission_id,name,parent_id,domain_id,project_id,shared,system_create,tenant_id,`type`) VALUES	 (861812326137939,'2022-02-02 09:36:02','NOT_HTTP',0,NULL,'','2022-02-02 09:36:02','NOT_HTTP',NULL,'',0,NULL,'0E8AZTODP40A','0Y8HHJ47NBD3','0Y8HHJ47NBDE','0P8HE307W6IO',0,1,NULL,'API'),	 (861812326137941,'2022-02-02 09:36:02','NOT_HTTP',0,NULL,'','2022-02-02 09:36:02','NOT_HTTP',NULL,'',0,NULL,'0E8AZTODP40C','0Y8HHJ47NBD3','0Y8HHJ47NBDG','0P8HE307W6IO',0,1,NULL,'API'),	 (861812326137942,'2022-02-02 09:36:02','NOT_HTTP',0,NULL,'','2022-02-02 09:36:02','NOT_HTTP',NULL,'',0,NULL,'0E8AZTODP40D','0Y8HHJ47NBD3','0Y8HHJ47NBDH','0P8HE307W6IO',0,1,NULL,'API'),	 (861812326137943,'2022-02-02 09:36:02','NOT_HTTP',0,NULL,'','2022-02-02 09:36:02','NOT_HTTP',NULL,'',0,NULL,'0E8AZTODP40E','0Y8HHJ47NBD3','0Y8HHJ47NBDI','0P8HE307W6IO',0,1,NULL,'API'),	 (861812326137945,'2022-02-02 09:36:02','NOT_HTTP',0,NULL,'','2022-02-02 09:36:02','NOT_HTTP',NULL,'',0,NULL,'0E8AZTODP40G','0Y8HHJ47NBD3','0Y8HHJ47NBDK','0P8HE307W6IO',0,1,NULL,'API'),	 (861812326137946,'2022-02-02 09:36:02','NOT_HTTP',0,NULL,'','2022-02-02 09:36:02','NOT_HTTP',NULL,'',0,NULL,'0E8AZTODP40I','0Y8HHJ47NBD3','0Y8HHJ47NBDL','0P8HE307W6IO',0,1,NULL,'API'),	 (861812326137947,'2022-02-02 09:36:02','NOT_HTTP',0,NULL,'','2022-02-02 09:36:02','NOT_HTTP',NULL,'',0,NULL,'0E8AZTODP40J','0Y8HHJ47NBD3','0Y8HHJ47NBDM','0P8HE307W6IO',0,1,NULL,'API'),	 (861812326137948,'2022-02-02 09:36:02','NOT_HTTP',0,NULL,'','2022-02-02 09:36:02','NOT_HTTP',NULL,'',0,NULL,'0E8AZTODP40K','0Y8HHJ47NBD3','0Y8HHJ47NBDN','0P8HE307W6IO',0,1,NULL,'API'),	 (861812326137949,'2022-02-02 09:36:02','NOT_HTTP',0,NULL,'','2022-02-02 09:36:02','NOT_HTTP',NULL,'',0,NULL,'0E8AZTODP40L','0Y8HHJ47NBD3','0Y8HHJ47NBDO','0P8HE307W6IO',0,1,NULL,'API'),	 (861812326137950,'2022-02-02 09:36:02','NOT_HTTP',0,NULL,'','2022-02-02 09:36:02','NOT_HTTP',NULL,'',0,NULL,'0E8AZTODP432','0Y8HHJ47NBD3','0Y8HHJ47NBDP','0P8HE307W6IO',0,1,NULL,'API');
INSERT INTO permission (id,created_at,created_by,deleted,deleted_at,deleted_by,modified_at,modified_by,restored_at,restored_by,version,linked_permission_id,name,parent_id,domain_id,project_id,shared,system_create,tenant_id,`type`) VALUES	 (861812326137951,'2022-02-02 09:36:02','NOT_HTTP',0,NULL,'','2022-02-02 09:36:02','NOT_HTTP',NULL,'',0,NULL,'0E8AZTODP433','0Y8HHJ47NBD3','0Y8HHJ47NBDQ','0P8HE307W6IO',0,1,NULL,'API'),	 (861812326137953,'2022-02-02 09:36:02','NOT_HTTP',0,NULL,'','2022-02-02 09:36:02','NOT_HTTP',NULL,'',0,NULL,'0E8AZTODP435','0Y8HHJ47NBD3','0Y8HHJ47NBDS','0P8HE307W6IO',0,1,NULL,'API'),	 (861812326137954,'2022-02-02 09:36:02','NOT_HTTP',0,NULL,'','2022-02-02 09:36:02','NOT_HTTP',NULL,'',0,NULL,'0E8AZTODP437','0Y8HHJ47NBD3','0Y8HHJ47NBDT','0P8HE307W6IO',0,1,NULL,'API'),	 (861812326137955,'2022-02-02 09:36:02','NOT_HTTP',0,NULL,'','2022-02-02 09:36:02','NOT_HTTP',NULL,'',0,NULL,'0E8AZTODP438','0Y8HHJ47NBD3','0Y8HHJ47NBDU','0P8HE307W6IO',0,1,NULL,'API'),	 (861812326137956,'2022-02-02 09:36:02','NOT_HTTP',0,NULL,'','2022-02-02 09:36:02','NOT_HTTP',NULL,'',0,NULL,'0E8AZTODP439','0Y8HHJ47NBD3','0Y8HHJ47NBDV','0P8HE307W6IO',0,1,NULL,'API'),	 (861812326137957,'2022-02-02 09:36:02','NOT_HTTP',0,NULL,'','2022-02-02 09:36:02','NOT_HTTP',NULL,'',0,NULL,'0E8AZTODP43E','0Y8HHJ47NBD3','0Y8HHJ47NBDW','0P8HE307W6IO',0,1,NULL,'API'),	 (861812326137959,'2022-02-02 09:36:02','NOT_HTTP',0,NULL,'','2022-02-02 09:36:02','NOT_HTTP',NULL,'',0,NULL,'0E8AZTODP43I','0Y8HHJ47NBD3','0Y8HHJ47NBDY','0P8HE307W6IO',0,1,NULL,'API'),	 (861812326137960,'2022-02-02 09:36:02','NOT_HTTP',0,NULL,'','2022-02-02 09:36:02','NOT_HTTP',NULL,'',0,NULL,'0E8AZTODP43N','0Y8HHJ47NBD3','0Y8HHJ47NBDZ','0P8HE307W6IO',0,1,NULL,'API'),	 (861812326137965,'2022-02-02 09:36:02','NOT_HTTP',0,NULL,'','2022-02-02 09:36:02','NOT_HTTP',NULL,'',0,NULL,'0E8AZTODP450','0Y8HHJ47NBD3','0Y8HHJ47NB00','0P8HE307W6IO',0,1,NULL,'API'),	 (861812326137968,'2022-02-02 09:36:02','NOT_HTTP',0,NULL,'','2022-02-02 09:36:02','NOT_HTTP',NULL,'',0,NULL,'0E8BO3KAHURK','0Y8HHJ47NBD3','0Y8HHJ47NBE6','0P8HE307W6IO',0,1,NULL,'API');
INSERT INTO permission (id,created_at,created_by,deleted,deleted_at,deleted_by,modified_at,modified_by,restored_at,restored_by,version,linked_permission_id,name,parent_id,domain_id,project_id,shared,system_create,tenant_id,`type`) VALUES	 (861812326137969,'2022-02-02 09:36:02','NOT_HTTP',0,NULL,'','2022-02-02 09:36:02','NOT_HTTP',NULL,'',0,NULL,'0E8BPAEMD3B5','0Y8HHJ47NBD3','0Y8HHJ47NBE7','0P8HE307W6IO',0,1,NULL,'API'),	 (861812326137972,'2022-02-02 09:36:02','NOT_HTTP',0,NULL,'','2022-02-02 09:36:02','NOT_HTTP',NULL,'',0,NULL,'0E8F3Q8VWB9C','0Y8HHJ47NBD3','0Y8HHJ47NBEA','0P8HE307W6IO',0,1,NULL,'API'),	 (861812326137973,'2022-02-02 09:36:02','NOT_HTTP',0,NULL,'','2022-02-02 09:36:02','NOT_HTTP',NULL,'',0,NULL,'0E8F3Q92GAO0','0Y8HHJ47NBD3','0Y8HHJ47NBEB','0P8HE307W6IO',0,1,NULL,'API'),	 (861812326137979,'2022-02-02 09:36:02','NOT_HTTP',0,NULL,'','2022-02-02 09:36:02','NOT_HTTP',NULL,'',0,NULL,'0E8G2KIUUOZK','0Y8HHJ47NBD3','0Y8HHJ47NBEH','0P8HE307W6IO',0,1,NULL,'API'),	 (861812326137980,'2022-02-02 09:36:02','NOT_HTTP',0,NULL,'','2022-02-02 09:36:02','NOT_HTTP',NULL,'',0,NULL,'0E8G2KJN9AF5','0Y8HHJ47NBD3','0Y8HHJ47NBEI','0P8HE307W6IO',0,1,NULL,'API'),	 (861812326137981,'2022-02-02 09:36:02','NOT_HTTP',0,NULL,'','2022-02-02 09:36:02','NOT_HTTP',NULL,'',0,NULL,'0E8G2KK3SV7L','0Y8HHJ47NBD3','0Y8HHJ47NBEJ','0P8HE307W6IO',0,1,NULL,'API'),	 (861812326137982,'2022-02-02 09:36:02','NOT_HTTP',0,NULL,'','2022-02-02 09:36:02','NOT_HTTP',NULL,'',0,NULL,'0E8G2KKUN9XD','0Y8HHJ47NBD3','0Y8HHJ47NBEK','0P8HE307W6IO',0,1,NULL,'API'),	 (861812326137983,'2022-02-02 09:36:02','NOT_HTTP',0,NULL,'','2022-02-02 09:36:02','NOT_HTTP',NULL,'',0,NULL,'0E8G2KLK8QGX','0Y8HHJ47NBD3','0Y8HHJ47NBEL','0P8HE307W6IO',0,1,NULL,'API'),	 (861812326137984,'2022-02-02 09:36:02','NOT_HTTP',0,NULL,'','2022-02-02 09:36:02','NOT_HTTP',NULL,'',0,NULL,'0E8G58R6A328','0Y8HHJ47NBD3','0Y8HHJ47NBEM','0P8HE307W6IO',0,1,NULL,'API'),	 (861812326137985,'2022-02-02 09:36:02','NOT_HTTP',0,NULL,'','2022-02-02 09:36:02','NOT_HTTP',NULL,'',0,NULL,'0E8G58R9PP1C','0Y8HHJ47NBD3','0Y8HHJ47NBEN','0P8HE307W6IO',0,1,NULL,'API');
INSERT INTO permission (id,created_at,created_by,deleted,deleted_at,deleted_by,modified_at,modified_by,restored_at,restored_by,version,linked_permission_id,name,parent_id,domain_id,project_id,shared,system_create,tenant_id,`type`) VALUES	 (861812326137986,'2022-02-02 09:36:02','NOT_HTTP',0,NULL,'','2022-02-02 09:36:02','NOT_HTTP',NULL,'',0,NULL,'0E8G58RCITXC','0Y8HHJ47NBD3','0Y8HHJ47NBEO','0P8HE307W6IO',0,1,NULL,'API'),	 (861812326137987,'2022-02-02 09:36:02','NOT_HTTP',0,NULL,'','2022-02-02 09:36:02','NOT_HTTP',NULL,'',0,NULL,'0E8G58RFBYXT','0Y8HHJ47NBD3','0Y8HHJ47NBEP','0P8HE307W6IO',0,1,NULL,'API'),	 (861812326137988,'2022-02-02 09:36:02','NOT_HTTP',0,NULL,'','2022-02-02 09:36:02','NOT_HTTP',NULL,'',0,NULL,'0E8G58RPMSQO','0Y8HHJ47NBD3','0Y8HHJ47NBEQ','0P8HE307W6IO',0,1,NULL,'API'),	 (861812326137990,'2022-02-02 09:36:02','NOT_HTTP',0,NULL,'','2022-02-02 09:36:02','NOT_HTTP',NULL,'',0,NULL,'0E8GB5MSBKE8','0Y8HHJ47NBD3','0Y8HHJ47NBES','0P8HE307W6IO',0,1,NULL,'API'),	 (861812326137991,'2022-02-02 09:36:02','NOT_HTTP',0,NULL,'','2022-02-02 09:36:02','NOT_HTTP',NULL,'',0,NULL,'0E8HDICM4CU8','0Y8HHJ47NBD3','0Y8HHJ47NBET','0P8HE307W6IO',0,1,NULL,'API'),	 (861812326137992,'2022-02-02 09:36:02','NOT_HTTP',0,NULL,'','2022-02-02 09:36:02','NOT_HTTP',NULL,'',0,NULL,'0E8HDIISDBLS','0Y8HHJ47NBD3','0Y8HHJ47NBEU','0P8HE307W6IO',0,1,NULL,'API'),	 (861812326137993,'2022-02-02 09:36:02','NOT_HTTP',0,NULL,'','2022-02-02 09:36:02','NOT_HTTP',NULL,'',0,NULL,'0E8HE2D7RLDT','0Y8HHJ47NBD3','0Y8HHJ47NBEV','0P8HE307W6IO',0,1,NULL,'API'),	 (861812326137994,'2022-02-02 09:36:02','NOT_HTTP',0,NULL,'','2022-02-02 09:36:02','NOT_HTTP',NULL,'',0,NULL,'0E8HE2N4V2TD','0Y8HHJ47NBD3','0Y8HHJ47NBEW','0P8HE307W6IO',0,1,NULL,'API'),	 (861812326137995,'2022-02-02 09:36:02','NOT_HTTP',0,NULL,'','2022-02-02 09:36:02','NOT_HTTP',NULL,'',0,NULL,'0E8HEZDS0IYO','0Y8HHJ47NBD3','0Y8HHJ47NBEX','0P8HE307W6IO',0,1,NULL,'API'),	 (861812326137996,'2022-02-02 09:36:02','NOT_HTTP',0,NULL,'','2022-02-02 09:36:02','NOT_HTTP',NULL,'',0,NULL,'0E8HEZDUIFB4','0Y8HHJ47NBD3','0Y8HHJ47NBEY','0P8HE307W6IO',0,1,NULL,'API');
INSERT INTO permission (id,created_at,created_by,deleted,deleted_at,deleted_by,modified_at,modified_by,restored_at,restored_by,version,linked_permission_id,name,parent_id,domain_id,project_id,shared,system_create,tenant_id,`type`) VALUES	 (861812326137997,'2022-02-02 09:36:02','NOT_HTTP',0,NULL,'','2022-02-02 09:36:02','NOT_HTTP',NULL,'',0,NULL,'0E8HHI057P4W','0Y8HHJ47NBD3','0Y8HHJ47NBEZ','0P8HE307W6IO',0,1,NULL,'API'),	 (862016664764426,'2022-02-06 21:51:48','NOT_HTTP',0,NULL,'','2022-02-06 21:51:48','NOT_HTTP',NULL,'',0,NULL,'0E8HK4ZKYRP1','0Y8HHJ47NBD3','0Y8HK4ZLA03Q','0P8HE307W6IO',0,1,NULL,'API'),	 (862028321783905,'2022-02-07 04:02:22','NOT_HTTP',0,NULL,'','2022-02-07 04:02:22','NOT_HTTP',NULL,'',0,NULL,'0E8HKACDKDTT','0Y8HHJ47NBD3','0Y8HKACDVMDL','0P8HE307W6IO',0,1,NULL,'API'),	 (862036409450502,'2022-02-07 08:19:27','NOT_HTTP',0,NULL,'','2022-02-07 08:19:27','NOT_HTTP',NULL,'',0,NULL,'0E8HKE24FWU8','0Y8HHJ47NBD3','0Y8HKE24FWUI','0P8HE307W6IO',0,1,NULL,'API'),	 (862036446150664,'2022-02-07 08:20:37','NOT_HTTP',0,NULL,'','2022-02-07 08:20:37','NOT_HTTP',NULL,'',0,NULL,'0E8HKE2QAIV4','0Y8HHJ47NBD3','0Y8HKE2QAIVF','0P8HE307W6IO',0,1,NULL,'API'),	 (862037661974538,'2022-02-07 08:59:17','NOT_HTTP',0,NULL,'','2022-02-07 08:59:17','NOT_HTTP',NULL,'',0,NULL,'0E8HKEMUH340','0Y8HHJ47NBD3','0Y8HKEMUH34B','0P8HE307W6IO',0,1,NULL,'API'),	 (862037665644553,'2022-02-07 08:59:24','NOT_HTTP',0,NULL,'','2022-02-07 08:59:24','NOT_HTTP',NULL,'',0,NULL,'0E8HKEMWNQWX','0Y8HHJ47NBD3','0Y8HKEMWNQX7','0P8HE307W6IO',0,1,NULL,'API'),	 (862151435616263,'2022-02-09 21:16:02','NOT_HTTP',0,NULL,'','2022-02-09 21:16:02','NOT_HTTP',NULL,'',0,NULL,'0E8HLUWG1UIW','0Y8HHJ47NBD3','0Y8HLUWG1UJ8','0P8HE307W6IO',0,1,NULL,'API'),	 (862151442956369,'2022-02-09 21:16:16','NOT_HTTP',0,NULL,'','2022-02-09 21:16:16','NOT_HTTP',NULL,'',0,NULL,'0E8HLUWKQEIP','0Y8HHJ47NBD3','0Y8HLUWKQEJ1','0P8HE307W6IO',0,1,NULL,'API'),	 (862151446626385,'2022-02-09 21:16:23','NOT_HTTP',0,NULL,'','2022-02-09 21:16:23','NOT_HTTP',NULL,'',0,NULL,'0E8HLUWMX2BL','0Y8HHJ47NBD3','0Y8HLUWMX2BX','0P8HE307W6IO',0,1,NULL,'API');
INSERT INTO permission (id,created_at,created_by,deleted,deleted_at,deleted_by,modified_at,modified_by,restored_at,restored_by,version,linked_permission_id,name,parent_id,domain_id,project_id,shared,system_create,tenant_id,`type`) VALUES	 (862151449247825,'2022-02-09 21:16:28','NOT_HTTP',0,NULL,'','2022-02-09 21:16:28','NOT_HTTP',NULL,'',0,NULL,'0E8HLUWOH91D','0Y8HHJ47NBD3','0Y8HLUWOH91P','0P8HE307W6IO',0,1,NULL,'API'),	 (862151449247826,'2022-02-09 21:16:28','NOT_HTTP',0,NULL,'','2022-02-09 21:16:28','NOT_HTTP',NULL,'',0,NULL,'0E8HLUWOH91E','0Y8HHJ47NBD3','0Y8HLUWOH92P','0P8HE307W6IO',0,1,NULL,'API'),	 (862170844758016,'2022-02-10 07:33:02','0U8AZTODP4H0',0,NULL,'','2022-02-10 07:33:02','0U8AZTODP4H0',NULL,'',0,NULL,'0P8HE307W6IO',NULL,'0Y8HM3TG2CJL','0P8HE307W6IO',0,1,NULL,'PROJECT'),	 (862170896138242,'2022-02-10 07:34:41','0U8AZTODP4H0',0,NULL,'','2022-02-10 07:34:41','0U8AZTODP4H0',NULL,'',0,NULL,'PROJECT_INFO_MNGMT','0Y8HM3TG2CJL','0Y8HM3UAYUBK','0P8HE307W6IO',0,1,NULL,'COMMON'),	 (862170928644096,'2022-02-10 07:35:42','0U8AZTODP4H0',0,NULL,'','2022-02-10 07:35:42','0U8AZTODP4H0',NULL,'',0,'0Y8HSHJC34BW','VIEW_PROJECT_INFO','0Y8HM3UAYUBK','0Y8HM3UU0BM0','0P8HE307W6IO',0,1,NULL,'COMMON'),	 (862170965868546,'2022-02-10 07:36:54','0U8AZTODP4H0',0,NULL,'','2022-02-10 07:36:54','0U8AZTODP4H0',NULL,'',0,NULL,'EDIT_PROJECT_INFO','0Y8HM3UAYUBK','0Y8HM3VGHEKG','0P8HE307W6IO',0,1,NULL,'COMMON'),	 (862170991034369,'2022-02-10 07:37:41','0U8AZTODP4H0',0,NULL,'','2022-02-10 07:37:41','0U8AZTODP4H0',NULL,'',0,NULL,'CLIENT_MNGMT','0Y8HM3TG2CJL','0Y8HM3VVGSN4','0P8HE307W6IO',0,1,NULL,'COMMON'),	 (862170994180097,'2022-02-10 07:37:48','0U8AZTODP4H0',0,NULL,'','2022-02-10 07:37:48','0U8AZTODP4H0',NULL,'',0,NULL,'API_MNGMT','0Y8HM3TG2CJL','0Y8HM3VXC7WG','0P8HE307W6IO',0,1,NULL,'COMMON'),	 (862170997325824,'2022-02-10 07:37:53','0U8AZTODP4H0',0,NULL,'','2022-02-10 07:37:53','0U8AZTODP4H0',NULL,'',0,NULL,'ROLE_MNGMT','0Y8HM3TG2CJL','0Y8HM3VYWEM9','0P8HE307W6IO',0,1,NULL,'COMMON'),	 (862171001520128,'2022-02-10 07:38:01','0U8AZTODP4H0',0,NULL,'','2022-02-10 07:38:01','0U8AZTODP4H0',NULL,'',0,NULL,'PERMISSION_MNGMT','0Y8HM3TG2CJL','0Y8HM3W1EAYP','0P8HE307W6IO',0,1,NULL,'COMMON');
INSERT INTO permission (id,created_at,created_by,deleted,deleted_at,deleted_by,modified_at,modified_by,restored_at,restored_by,version,linked_permission_id,name,parent_id,domain_id,project_id,shared,system_create,tenant_id,`type`) VALUES	 (862171046084609,'2022-02-10 07:39:27','0U8AZTODP4H0',0,NULL,'','2022-02-10 07:39:27','0U8AZTODP4H0',NULL,'',0,NULL,'USER_MNGMT','0Y8HM3TG2CJL','0Y8HM3WS8POG','0P8HE307W6IO',0,1,NULL,'COMMON'),	 (862171060240394,'2022-02-10 07:39:53','0U8AZTODP4H0',0,NULL,'','2022-02-10 07:39:53','0U8AZTODP4H0',NULL,'',0,'0Y8HHJ47NBD6','CREATE_CLIENT','0Y8HM3VVGSN4','0Y8HM3X0O4CG','0P8HE307W6IO',0,1,NULL,'COMMON'),	 (862171066007552,'2022-02-10 07:40:04','0U8AZTODP4H0',0,NULL,'','2022-02-10 07:40:04','0U8AZTODP4H0',NULL,'',0,'0Y8HHJ47NBD7','EDIT_CLIENT','0Y8HM3VVGSN4','0Y8HM3X3SHS1','0P8HE307W6IO',0,1,NULL,'COMMON'),	 (862171072299018,'2022-02-10 07:40:16','0U8AZTODP4H0',0,NULL,'','2022-02-10 07:40:16','0U8AZTODP4H0',NULL,'',0,'0Y8HHJ47NBD8','DELETE_CLIENT','0Y8HM3VVGSN4','0Y8HM3X7UKU8','0P8HE307W6IO',0,1,NULL,'COMMON'),	 (862171094319114,'2022-02-10 07:40:59','0U8AZTODP4H0',0,NULL,'','2022-02-10 07:40:59','0U8AZTODP4H0',NULL,'',0,'0Y8HHJ47NBDP','VIEW_CLIENT','0Y8HM3VVGSN4','0Y8HM3XKYJNK','0P8HE307W6IO',0,1,NULL,'COMMON'),	 (862171132592128,'2022-02-10 07:42:11','0U8AZTODP4H0',0,NULL,'','2022-02-10 07:42:11','0U8AZTODP4H0',NULL,'',0,'0Y8HHJ47NBD4','VIEW_CLIENT_SUMMARY','0Y8HM3VVGSN4','0Y8HM3Y7FMX4','0P8HE307W6IO',0,1,NULL,'COMMON'),	 (862171157757962,'2022-02-10 07:42:59','0U8AZTODP4H0',0,NULL,'','2022-02-10 07:42:59','0U8AZTODP4H0',NULL,'',0,'0Y8HHJ47NBDQ','PATCH_CLIENT','0Y8HM3VVGSN4','0Y8HM3YMQ9DS','0P8HE307W6IO',0,1,NULL,'COMMON'),	 (862171168768010,'2022-02-10 07:43:21','0U8AZTODP4H0',0,NULL,'','2022-02-10 07:43:21','0U8AZTODP4H0',NULL,'',0,'0Y8HHJ47NBDM','VIEW_API_SUMMARY','0Y8HM3VXC7WG','0Y8HM3YTA8SG','0P8HE307W6IO',0,1,NULL,'COMMON'),	 (862171185020938,'2022-02-10 07:43:52','0U8AZTODP4H0',0,NULL,'','2022-02-10 07:43:52','0U8AZTODP4H0',NULL,'',0,'0Y8HHJ47NBDS','VIEW_API','0Y8HM3VXC7WG','0Y8HM3Z2YLMO','0P8HE307W6IO',0,1,NULL,'COMMON'),	 (862171185020939,'2022-02-10 07:43:52','0U8AZTODP4H0',0,NULL,'','2022-02-10 07:43:52','0U8AZTODP4H0',NULL,'',0,'0Y8HHJ47NBEH','VIEW_CORS_SUMMARY','0Y8HM3VXC7WG','0Y8HM3Z2YLM1','0P8HE307W6IO',0,1,NULL,'COMMON');
INSERT INTO permission (id,created_at,created_by,deleted,deleted_at,deleted_by,modified_at,modified_by,restored_at,restored_by,version,linked_permission_id,name,parent_id,domain_id,project_id,shared,system_create,tenant_id,`type`) VALUES	 (862171185020940,'2022-02-10 07:43:52','0U8AZTODP4H0',0,NULL,'','2022-02-10 07:43:52','0U8AZTODP4H0',NULL,'',0,'0Y8HHJ47NBEM','VIEW_CACHE_SUMMARY','0Y8HM3VXC7WG','0Y8HM3Z2YLM2','0P8HE307W6IO',0,1,NULL,'COMMON'),	 (862171196030985,'2022-02-10 07:44:12','0U8AZTODP4H0',0,NULL,'','2022-02-10 07:44:12','0U8AZTODP4H0',NULL,'',0,'0Y8HHJ47NBDN','EDIT_API','0Y8HM3VXC7WG','0Y8HM3Z97CHT','0P8HE307W6IO',0,1,NULL,'COMMON'),	 (862171201798155,'2022-02-10 07:44:24','0U8AZTODP4H0',0,NULL,'','2022-02-10 07:44:24','0U8AZTODP4H0',NULL,'',0,'0Y8HHJ47NBDO','DELETE_API','0Y8HM3VXC7WG','0Y8HM3ZCY70G','0P8HE307W6IO',0,1,NULL,'COMMON'),	 (862171208613899,'2022-02-10 07:44:37','0U8AZTODP4H0',0,NULL,'','2022-02-10 07:44:37','0U8AZTODP4H0',NULL,'',0,'0Y8HHJ47NBDL','CREATE_API','0Y8HM3VXC7WG','0Y8HM3ZH0A2O','0P8HE307W6IO',0,1,NULL,'COMMON'),	 (862171220672521,'2022-02-10 07:44:59','0U8AZTODP4H0',0,NULL,'','2022-02-10 07:44:59','0U8AZTODP4H0',NULL,'',0,'0Y8HHJ47NBDW','PATCH_API','0Y8HM3VXC7WG','0Y8HM3ZNVI0X','0P8HE307W6IO',0,1,NULL,'COMMON'),	 (862171229585417,'2022-02-10 07:45:16','0U8AZTODP4H0',0,NULL,'','2022-02-10 07:45:16','0U8AZTODP4H0',NULL,'',0,'0Y8HHJ47NBDV','BATCH_DELETE_API','0Y8HM3VXC7WG','0Y8HM3ZT6JEW','0P8HE307W6IO',0,1,NULL,'COMMON'),	 (862171295645705,'2022-02-10 07:47:22','0U8AZTODP4H0',0,NULL,'','2022-02-10 07:47:22','0U8AZTODP4H0',NULL,'',0,'0Y8HKE2QAIVF','DELETE_ROLE','0Y8HM3VYWEM9','0Y8HM40WIFPD','0P8HE307W6IO',0,1,NULL,'COMMON'),	 (862171299840010,'2022-02-10 07:47:30','0U8AZTODP4H0',0,NULL,'','2022-02-10 07:47:30','0U8AZTODP4H0',NULL,'',0,'0Y8HKE24FWUI','EDIT_ROLE','0Y8HM3VYWEM9','0Y8HM40ZBKLC','0P8HE307W6IO',0,1,NULL,'COMMON'),	 (862171306655753,'2022-02-10 07:47:43','0U8AZTODP4H0',0,NULL,'','2022-02-10 07:47:43','0U8AZTODP4H0',NULL,'',0,'0Y8HKACDVMDL','VIEW_ROLE','0Y8HM3VYWEM9','0Y8HM4132F41','0P8HE307W6IO',0,1,NULL,'COMMON'),	 (862171316617227,'2022-02-10 07:48:03','0U8AZTODP4H0',0,NULL,'','2022-02-10 07:48:03','0U8AZTODP4H0',NULL,'',0,'0Y8HHJ47NBEY','CREATE_ROLE','0Y8HM3VYWEM9','0Y8HM419B5Z5','0P8HE307W6IO',0,1,NULL,'COMMON');
INSERT INTO permission (id,created_at,created_by,deleted,deleted_at,deleted_by,modified_at,modified_by,restored_at,restored_by,version,linked_permission_id,name,parent_id,domain_id,project_id,shared,system_create,tenant_id,`type`) VALUES	 (862171325006034,'2022-02-10 07:48:19','0U8AZTODP4H0',0,NULL,'','2022-02-10 07:48:19','0U8AZTODP4H0',NULL,'',0,'0Y8HHJ47NBEX','VIEW_ROLE_SUMMARY','0Y8HM3VYWEM9','0Y8HM41EAYTJ','0P8HE307W6IO',0,1,NULL,'COMMON'),	 (862171388968970,'2022-02-10 07:50:20','0U8AZTODP4H0',0,NULL,'','2022-02-10 07:50:20','0U8AZTODP4H0',NULL,'',0,'0Y8HHJ47NBEW','CREATE_PERMISSION','0Y8HM3W1EAYP','0Y8HM42GDWXS','0P8HE307W6IO',0,1,NULL,'COMMON'),	 (862171397881866,'2022-02-10 07:50:37','0U8AZTODP4H0',0,NULL,'','2022-02-10 07:50:37','0U8AZTODP4H0',NULL,'',0,'0Y8HHJ47NBEV','VIEW_PERMISSION_SUMMARY','0Y8HM3W1EAYP','0Y8HM42LOY68','0P8HE307W6IO',0,1,NULL,'COMMON'),	 (862171406270472,'2022-02-10 07:50:53','0U8AZTODP4H0',0,NULL,'','2022-02-10 07:50:53','0U8AZTODP4H0',NULL,'',0,'0Y8HLUWG1UJ8','VIEW_PERMISSION','0Y8HM3W1EAYP','0Y8HM42QOQV4','0P8HE307W6IO',0,1,NULL,'COMMON'),	 (862171421474823,'2022-02-10 07:51:22','0U8AZTODP4H0',0,NULL,'','2022-02-10 07:51:22','0U8AZTODP4H0',NULL,'',0,'0Y8HLUWKQEJ1','EDIT_PERMISSION','0Y8HM3W1EAYP','0Y8HM42ZFE88','0P8HE307W6IO',0,1,NULL,'COMMON'),	 (862171430387721,'2022-02-10 07:51:40','0U8AZTODP4H0',0,NULL,'','2022-02-10 07:51:40','0U8AZTODP4H0',NULL,'',0,'0Y8HLUWOH91P','DELETE_PERMISSION','0Y8HM3W1EAYP','0Y8HM4351NUP','0P8HE307W6IO',0,1,NULL,'COMMON'),	 (862171436154889,'2022-02-10 07:51:51','0U8AZTODP4H0',0,NULL,'','2022-02-10 07:51:51','0U8AZTODP4H0',NULL,'',0,'0Y8HLUWMX2BX','PATCH_PERMISSION','0Y8HM3W1EAYP','0Y8HM438H9TS','0P8HE307W6IO',0,1,NULL,'COMMON'),	 (862171488583689,'2022-02-10 07:53:30','0U8AZTODP4H0',0,NULL,'','2022-02-10 07:53:30','0U8AZTODP4H0',NULL,'',0,'0Y8HK4ZLA03Q','VIEW_TENANT_USER_SUMMARY','0Y8HM3WS8POG','0Y8HM443DRLT','0P8HE307W6IO',0,1,NULL,'COMMON'),	 (862171494350859,'2022-02-10 07:53:42','0U8AZTODP4H0',0,NULL,'','2022-02-10 07:53:42','0U8AZTODP4H0',NULL,'',0,'0Y8HKEMUH34B','VIEW_TENANT_USER','0Y8HM3WS8POG','0Y8HM4474M4G','0P8HE307W6IO',0,1,NULL,'COMMON'),	 (862171502215178,'2022-02-10 07:53:57','0U8AZTODP4H0',0,NULL,'','2022-02-10 07:53:57','0U8AZTODP4H0',NULL,'',0,'0Y8HKEMWNQX7','EDIT_TENANT_USER','0Y8HM3WS8POG','0Y8HM44BT69S','0P8HE307W6IO',0,1,NULL,'COMMON');
INSERT INTO permission (id,created_at,created_by,deleted,deleted_at,deleted_by,modified_at,modified_by,restored_at,restored_by,version,linked_permission_id,name,parent_id,domain_id,project_id,shared,system_create,tenant_id,`type`) VALUES	 (862382467317778,'2022-02-14 23:40:21','NOT_HTTP',0,NULL,'','2022-02-14 23:40:21','NOT_HTTP',NULL,'',0,NULL,'0E8HOT1AO8OW','0Y8HHJ47NBD3','0Y8HOT1AO8P8','0P8HE307W6IO',0,1,NULL,'API'),	 (862382501396561,'2022-02-14 23:41:26','NOT_HTTP',0,NULL,'','2022-02-14 23:41:26','NOT_HTTP',NULL,'',0,NULL,'0E8HOT1UYO00','0Y8HHJ47NBD3','0Y8HOT1UYO0D','0P8HE307W6IO',0,1,NULL,'API'),	 (862382517649415,'2022-02-14 23:41:57','NOT_HTTP',0,NULL,'','2022-02-14 23:41:57','NOT_HTTP',NULL,'',0,NULL,'0E8HOT24N0U8','0Y8HHJ47NBD3','0Y8HOT24N0UK','0P8HE307W6IO',0,1,NULL,'API'),	 (862382524465170,'2022-02-14 23:42:10','NOT_HTTP',0,NULL,'','2022-02-14 23:42:10','NOT_HTTP',NULL,'',0,NULL,'0E8HOT28P3WG','0Y8HHJ47NBD3','0Y8HOT28P3WT','0P8HE307W6IO',0,1,NULL,'API'),	 (862382783987793,'2022-02-14 23:50:25','NOT_HTTP',0,NULL,'','2022-02-14 23:50:25','NOT_HTTP',NULL,'',0,NULL,'0E8HOT6J7KSH','0Y8HHJ47NBD3','0Y8HOT6J7KST','0P8HE307W6IO',0,1,NULL,'API'),	 (862382793424903,'2022-02-14 23:50:43','NOT_HTTP',0,NULL,'','2022-02-14 23:50:43','NOT_HTTP',NULL,'',0,NULL,'0E8HOT6OTUKG','0Y8HHJ47NBD3','0Y8HOT6OTUKS','0P8HE307W6IO',0,1,NULL,'API'),	 (862402490401254,'2022-02-15 10:16:52','NOT_HTTP',0,NULL,'','2022-02-15 10:16:52','NOT_HTTP',NULL,'',0,NULL,'0E8HP28FWEF5','0Y8HHJ47NBD3','0Y8HP28G7MYV','0P8HE307W6IO',0,1,NULL,'API'),	 (862433015496708,'2022-02-16 02:27:13','NOT_HTTP',0,NULL,'','2022-02-16 02:27:13','NOT_HTTP',NULL,'',0,NULL,'0P8HPG99R56P',NULL,'0Y8HPG9A2DQB','0P8HE307W6IO',0,1,'0P8HPG99R56P','PROJECT'),	 (862433015496710,'2022-02-16 02:27:13','NOT_HTTP',0,NULL,'','2022-02-16 02:27:13','NOT_HTTP',NULL,'',0,NULL,'PROJECT_INFO_MNGMT','0Y8HPG9A2DQB','0Y8HPG9A2DQD','0P8HE307W6IO',0,1,'0P8HPG99R56P','COMMON'),	 (862433015496712,'2022-02-16 02:27:13','NOT_HTTP',0,NULL,'','2022-02-16 02:27:13','NOT_HTTP',NULL,'',0,'0Y8HSHJC34BW','VIEW_PROJECT_INFO','0Y8HPG9A2DQD','0Y8HPG9A2DQF','0P8HE307W6IO',0,1,'0P8HPG99R56P','COMMON');
INSERT INTO permission (id,created_at,created_by,deleted,deleted_at,deleted_by,modified_at,modified_by,restored_at,restored_by,version,linked_permission_id,name,parent_id,domain_id,project_id,shared,system_create,tenant_id,`type`) VALUES	 (862433015496714,'2022-02-16 02:27:13','NOT_HTTP',0,NULL,'','2022-02-16 02:27:13','NOT_HTTP',NULL,'',0,NULL,'EDIT_PROJECT_INFO','0Y8HPG9A2DQD','0Y8HPG9A2DQH','0P8HE307W6IO',0,1,'0P8HPG99R56P','COMMON'),	 (862433015496716,'2022-02-16 02:27:13','NOT_HTTP',0,NULL,'','2022-02-16 02:27:13','NOT_HTTP',NULL,'',0,NULL,'CLIENT_MNGMT','0Y8HPG9A2DQB','0Y8HPG9A2DQJ','0P8HE307W6IO',0,1,'0P8HPG99R56P','COMMON'),	 (862433015496718,'2022-02-16 02:27:13','NOT_HTTP',0,NULL,'','2022-02-16 02:27:13','NOT_HTTP',NULL,'',0,'0Y8HHJ47NBD6','CREATE_CLIENT','0Y8HPG9A2DQJ','0Y8HPG9A2DQL','0P8HE307W6IO',0,1,'0P8HPG99R56P','COMMON'),	 (862433015496720,'2022-02-16 02:27:13','NOT_HTTP',0,NULL,'','2022-02-16 02:27:13','NOT_HTTP',NULL,'',0,'0Y8HHJ47NBDP','VIEW_CLIENT','0Y8HPG9A2DQJ','0Y8HPG9A2DQN','0P8HE307W6IO',0,1,'0P8HPG99R56P','COMMON'),	 (862433015496722,'2022-02-16 02:27:13','NOT_HTTP',0,NULL,'','2022-02-16 02:27:13','NOT_HTTP',NULL,'',0,'0Y8HHJ47NBD7','EDIT_CLIENT','0Y8HPG9A2DQJ','0Y8HPG9A2DQP','0P8HE307W6IO',0,1,'0P8HPG99R56P','COMMON'),	 (862433015496724,'2022-02-16 02:27:13','NOT_HTTP',0,NULL,'','2022-02-16 02:27:13','NOT_HTTP',NULL,'',0,'0Y8HHJ47NBD8','DELETE_CLIENT','0Y8HPG9A2DQJ','0Y8HPG9A2DQR','0P8HE307W6IO',0,1,'0P8HPG99R56P','COMMON'),	 (862433015496726,'2022-02-16 02:27:13','NOT_HTTP',0,NULL,'','2022-02-16 02:27:13','NOT_HTTP',NULL,'',0,'0Y8HHJ47NBD4','VIEW_CLIENT_SUMMARY','0Y8HPG9A2DQJ','0Y8HPG9A2DQT','0P8HE307W6IO',0,1,'0P8HPG99R56P','COMMON'),	 (862433015496728,'2022-02-16 02:27:13','NOT_HTTP',0,NULL,'','2022-02-16 02:27:13','NOT_HTTP',NULL,'',0,'0Y8HHJ47NBDQ','PATCH_CLIENT','0Y8HPG9A2DQJ','0Y8HPG9A2DQV','0P8HE307W6IO',0,1,'0P8HPG99R56P','COMMON'),	 (862433015496730,'2022-02-16 02:27:13','NOT_HTTP',0,NULL,'','2022-02-16 02:27:13','NOT_HTTP',NULL,'',0,NULL,'API_MNGMT','0Y8HPG9A2DQB','0Y8HPG9A2DQX','0P8HE307W6IO',0,1,'0P8HPG99R56P','COMMON'),	 (862433015496732,'2022-02-16 02:27:13','NOT_HTTP',0,NULL,'','2022-02-16 02:27:13','NOT_HTTP',NULL,'',0,'0Y8HHJ47NBDM','VIEW_API_SUMMARY','0Y8HPG9A2DQX','0Y8HPG9A2DQZ','0P8HE307W6IO',0,1,'0P8HPG99R56P','COMMON');
INSERT INTO permission (id,created_at,created_by,deleted,deleted_at,deleted_by,modified_at,modified_by,restored_at,restored_by,version,linked_permission_id,name,parent_id,domain_id,project_id,shared,system_create,tenant_id,`type`) VALUES	 (862433015496734,'2022-02-16 02:27:13','NOT_HTTP',0,NULL,'','2022-02-16 02:27:13','NOT_HTTP',NULL,'',0,'0Y8HHJ47NBDS','VIEW_API','0Y8HPG9A2DQX','0Y8HPG9A2DR1','0P8HE307W6IO',0,1,'0P8HPG99R56P','COMMON'),	 (862433015496736,'2022-02-16 02:27:13','NOT_HTTP',0,NULL,'','2022-02-16 02:27:13','NOT_HTTP',NULL,'',0,'0Y8HHJ47NBDN','EDIT_API','0Y8HPG9A2DQX','0Y8HPG9A2DR3','0P8HE307W6IO',0,1,'0P8HPG99R56P','COMMON'),	 (862433015496738,'2022-02-16 02:27:13','NOT_HTTP',0,NULL,'','2022-02-16 02:27:13','NOT_HTTP',NULL,'',0,'0Y8HHJ47NBDO','DELETE_API','0Y8HPG9A2DQX','0Y8HPG9A2DR5','0P8HE307W6IO',0,1,'0P8HPG99R56P','COMMON'),	 (862433015496740,'2022-02-16 02:27:13','NOT_HTTP',0,NULL,'','2022-02-16 02:27:13','NOT_HTTP',NULL,'',0,'0Y8HHJ47NBDL','CREATE_API','0Y8HPG9A2DQX','0Y8HPG9A2DR7','0P8HE307W6IO',0,1,'0P8HPG99R56P','COMMON'),	 (862433015496742,'2022-02-16 02:27:13','NOT_HTTP',0,NULL,'','2022-02-16 02:27:13','NOT_HTTP',NULL,'',0,'0Y8HHJ47NBDW','PATCH_API','0Y8HPG9A2DQX','0Y8HPG9A2DR9','0P8HE307W6IO',0,1,'0P8HPG99R56P','COMMON'),	 (862433015496744,'2022-02-16 02:27:13','NOT_HTTP',0,NULL,'','2022-02-16 02:27:13','NOT_HTTP',NULL,'',0,'0Y8HHJ47NBDV','BATCH_DELETE_API','0Y8HPG9A2DQX','0Y8HPG9A2DRB','0P8HE307W6IO',0,1,'0P8HPG99R56P','COMMON'),	 (862433015496746,'2022-02-16 02:27:13','NOT_HTTP',0,NULL,'','2022-02-16 02:27:13','NOT_HTTP',NULL,'',0,'0Y8HHJ47NBEH','VIEW_CORS_SUMMARY','0Y8HPG9A2DQX','0Y8HPG9A2DRD','0P8HE307W6IO',0,1,'0P8HPG99R56P','COMMON'),	 (862433015496748,'2022-02-16 02:27:13','NOT_HTTP',0,NULL,'','2022-02-16 02:27:13','NOT_HTTP',NULL,'',0,'0Y8HHJ47NBEM','VIEW_CACHE_SUMMARY','0Y8HPG9A2DQX','0Y8HPG9A2DRF','0P8HE307W6IO',0,1,'0P8HPG99R56P','COMMON'),	 (862433015496750,'2022-02-16 02:27:13','NOT_HTTP',0,NULL,'','2022-02-16 02:27:13','NOT_HTTP',NULL,'',0,NULL,'ROLE_MNGMT','0Y8HPG9A2DQB','0Y8HPG9A2DRH','0P8HE307W6IO',0,1,'0P8HPG99R56P','COMMON'),	 (862433015496752,'2022-02-16 02:27:13','NOT_HTTP',0,NULL,'','2022-02-16 02:27:13','NOT_HTTP',NULL,'',0,'0Y8HKE2QAIVF','DELETE_ROLE','0Y8HPG9A2DRH','0Y8HPG9A2DRJ','0P8HE307W6IO',0,1,'0P8HPG99R56P','COMMON');
INSERT INTO permission (id,created_at,created_by,deleted,deleted_at,deleted_by,modified_at,modified_by,restored_at,restored_by,version,linked_permission_id,name,parent_id,domain_id,project_id,shared,system_create,tenant_id,`type`) VALUES	 (862433015496754,'2022-02-16 02:27:13','NOT_HTTP',0,NULL,'','2022-02-16 02:27:13','NOT_HTTP',NULL,'',0,'0Y8HKE24FWUI','EDIT_ROLE','0Y8HPG9A2DRH','0Y8HPG9A2DRL','0P8HE307W6IO',0,1,'0P8HPG99R56P','COMMON'),	 (862433015496756,'2022-02-16 02:27:13','NOT_HTTP',0,NULL,'','2022-02-16 02:27:13','NOT_HTTP',NULL,'',0,'0Y8HHJ47NBEY','CREATE_ROLE','0Y8HPG9A2DRH','0Y8HPG9A2DRN','0P8HE307W6IO',0,1,'0P8HPG99R56P','COMMON'),	 (862433015496758,'2022-02-16 02:27:13','NOT_HTTP',0,NULL,'','2022-02-16 02:27:13','NOT_HTTP',NULL,'',0,'0Y8HKACDVMDL','VIEW_ROLE','0Y8HPG9A2DRH','0Y8HPG9A2DRP','0P8HE307W6IO',0,1,'0P8HPG99R56P','COMMON'),	 (862433015496760,'2022-02-16 02:27:13','NOT_HTTP',0,NULL,'','2022-02-16 02:27:13','NOT_HTTP',NULL,'',0,'0Y8HHJ47NBEX','VIEW_ROLE_SUMMARY','0Y8HPG9A2DRH','0Y8HPG9A2DRR','0P8HE307W6IO',0,1,'0P8HPG99R56P','COMMON'),	 (862433015496762,'2022-02-16 02:27:13','NOT_HTTP',0,NULL,'','2022-02-16 02:27:13','NOT_HTTP',NULL,'',0,NULL,'PERMISSION_MNGMT','0Y8HPG9A2DQB','0Y8HPG9A2DRT','0P8HE307W6IO',0,1,'0P8HPG99R56P','COMMON'),	 (862433015496764,'2022-02-16 02:27:13','NOT_HTTP',0,NULL,'','2022-02-16 02:27:13','NOT_HTTP',NULL,'',0,'0Y8HHJ47NBEW','CREATE_PERMISSION','0Y8HPG9A2DRT','0Y8HPG9A2DRV','0P8HE307W6IO',0,1,'0P8HPG99R56P','COMMON'),	 (862433015496766,'2022-02-16 02:27:13','NOT_HTTP',0,NULL,'','2022-02-16 02:27:13','NOT_HTTP',NULL,'',0,'0Y8HHJ47NBEV','VIEW_PERMISSION_SUMMARY','0Y8HPG9A2DRT','0Y8HPG9A2DRX','0P8HE307W6IO',0,1,'0P8HPG99R56P','COMMON'),	 (862433015496768,'2022-02-16 02:27:13','NOT_HTTP',0,NULL,'','2022-02-16 02:27:13','NOT_HTTP',NULL,'',0,'0Y8HLUWG1UJ8','VIEW_PERMISSION','0Y8HPG9A2DRT','0Y8HPG9A2DRZ','0P8HE307W6IO',0,1,'0P8HPG99R56P','COMMON'),	 (862433015496770,'2022-02-16 02:27:13','NOT_HTTP',0,NULL,'','2022-02-16 02:27:13','NOT_HTTP',NULL,'',0,'0Y8HLUWKQEJ1','EDIT_PERMISSION','0Y8HPG9A2DRT','0Y8HPG9A2DS1','0P8HE307W6IO',0,1,'0P8HPG99R56P','COMMON'),	 (862433015496772,'2022-02-16 02:27:13','NOT_HTTP',0,NULL,'','2022-02-16 02:27:13','NOT_HTTP',NULL,'',0,'0Y8HLUWOH91P','DELETE_PERMISSION','0Y8HPG9A2DRT','0Y8HPG9A2DS3','0P8HE307W6IO',0,1,'0P8HPG99R56P','COMMON');
INSERT INTO permission (id,created_at,created_by,deleted,deleted_at,deleted_by,modified_at,modified_by,restored_at,restored_by,version,linked_permission_id,name,parent_id,domain_id,project_id,shared,system_create,tenant_id,`type`) VALUES	 (862433015496774,'2022-02-16 02:27:13','NOT_HTTP',0,NULL,'','2022-02-16 02:27:13','NOT_HTTP',NULL,'',0,'0Y8HLUWMX2BX','PATCH_PERMISSION','0Y8HPG9A2DRT','0Y8HPG9A2DS5','0P8HE307W6IO',0,1,'0P8HPG99R56P','COMMON'),	 (862433015496776,'2022-02-16 02:27:13','NOT_HTTP',0,NULL,'','2022-02-16 02:27:13','NOT_HTTP',NULL,'',0,NULL,'USER_MNGMT','0Y8HPG9A2DQB','0Y8HPG9A2DS7','0P8HE307W6IO',0,1,'0P8HPG99R56P','COMMON'),	 (862433015496778,'2022-02-16 02:27:13','NOT_HTTP',0,NULL,'','2022-02-16 02:27:13','NOT_HTTP',NULL,'',0,'0Y8HK4ZLA03Q','VIEW_TENANT_USER_SUMMARY','0Y8HPG9A2DS7','0Y8HPG9A2DS9','0P8HE307W6IO',0,1,'0P8HPG99R56P','COMMON'),	 (862433015496780,'2022-02-16 02:27:13','NOT_HTTP',0,NULL,'','2022-02-16 02:27:13','NOT_HTTP',NULL,'',0,'0Y8HKEMUH34B','VIEW_TENANT_USER','0Y8HPG9A2DS7','0Y8HPG9A2DSB','0P8HE307W6IO',0,1,'0P8HPG99R56P','COMMON'),	 (862433015496782,'2022-02-16 02:27:13','NOT_HTTP',0,NULL,'','2022-02-16 02:27:13','NOT_HTTP',NULL,'',0,'0Y8HKEMWNQX7','EDIT_TENANT_USER','0Y8HPG9A2DS7','0Y8HPG9A2DSD','0P8HE307W6IO',0,1,'0P8HPG99R56P','COMMON'),	 (862433015496784,'2022-02-16 02:27:13','NOT_HTTP',0,NULL,'','2022-02-16 02:27:13','NOT_HTTP',NULL,'',0,NULL,'API_ACCESS',NULL,'0Y8HPG9A2DSF','0P8HPG99R56P',0,1,NULL,'API_ROOT'),	 (862446240661532,'2022-02-16 09:27:39','NOT_HTTP',0,NULL,'','2022-02-16 09:27:39','NOT_HTTP',NULL,'',0,NULL,'0E8HPMBZOBNL','0Y8HPG9A2DSF','0Y8HPMBZOBO0','0P8HPG99R56P',0,1,NULL,'API'),	 (862469695209494,'2022-02-16 21:53:14','NOT_HTTP',0,NULL,'','2022-02-16 21:53:14','NOT_HTTP',NULL,'',0,NULL,'0E8HPX3VLG5D','0Y8HPG9A2DSF','0Y8HPX3VWOP1','0P8HPG99R56P',0,1,NULL,'API'),	 (862469705170971,'2022-02-16 21:53:33','NOT_HTTP',0,NULL,'','2022-02-16 21:53:33','NOT_HTTP',NULL,'',0,NULL,'0E8HPX41U70G','0Y8HPG9A2DSF','0Y8HPX41U70V','0P8HPG99R56P',0,1,NULL,'API'),	 (862469723521282,'2022-02-16 21:54:08','NOT_HTTP',0,NULL,'','2022-02-16 21:54:08','NOT_HTTP',NULL,'',0,NULL,'0E8HPX4CG9HD','0Y8HPG9A2DSF','0Y8HPX4CRI11','0P8HPG99R56P',0,1,NULL,'API');
INSERT INTO permission (id,created_at,created_by,deleted,deleted_at,deleted_by,modified_at,modified_by,restored_at,restored_by,version,linked_permission_id,name,parent_id,domain_id,project_id,shared,system_create,tenant_id,`type`) VALUES	 (862469747114011,'2022-02-16 21:54:53','NOT_HTTP',0,NULL,'','2022-02-16 21:54:53','NOT_HTTP',NULL,'',0,NULL,'0E8HPX4QHY35','0Y8HPG9A2DSF','0Y8HPX4QHY3K','0P8HPG99R56P',0,1,NULL,'API'),	 (862469759172898,'2022-02-16 21:55:16','NOT_HTTP',0,NULL,'','2022-02-16 21:55:16','NOT_HTTP',NULL,'',0,NULL,'0E8HPX4XOEF5','0Y8HPG9A2DSF','0Y8HPX4XZMYT','0P8HPG99R56P',0,1,NULL,'API'),	 (862469786959899,'2022-02-16 21:56:09','NOT_HTTP',0,NULL,'','2022-02-16 21:56:09','NOT_HTTP',NULL,'',0,NULL,'0E8HPX5EJ7R4','0Y8HPG9A2DSF','0Y8HPX5EJ7RJ','0P8HPG99R56P',0,1,NULL,'API'),	 (862469790106430,'2022-02-16 21:56:15','NOT_HTTP',0,NULL,'','2022-02-16 21:56:15','NOT_HTTP',NULL,'',0,NULL,'0E8HPX5G3EGX','0Y8HPG9A2DSF','0Y8HPX5G3EHC','0P8HPG99R56P',0,1,NULL,'API'),	 (862469893390369,'2022-02-16 21:59:32','NOT_HTTP',0,NULL,'','2022-02-16 21:59:32','NOT_HTTP',NULL,'',0,NULL,'0E8HPX75L5HQ','0Y8HPG9A2DSF','0Y8HPX75L5I5','0P8HPG99R56P',0,1,NULL,'API'),	 (862469944770935,'2022-02-16 22:01:10','NOT_HTTP',0,NULL,'','2022-02-16 22:01:10','NOT_HTTP',NULL,'',0,NULL,'0E8HPX806EPS','0Y8HPG9A2DSF','0Y8HPX806EQ8','0P8HPG99R56P',0,1,NULL,'API'),	 (862469958402064,'2022-02-16 22:01:36','NOT_HTTP',0,NULL,'','2022-02-16 22:01:36','NOT_HTTP',NULL,'',0,NULL,'0E8HPX88AKU8','0Y8HPG9A2DSF','0Y8HPX88AKUN','0P8HPG99R56P',0,1,NULL,'API'),	 (862470017646628,'2022-02-16 22:03:29','NOT_HTTP',0,NULL,'','2022-02-16 22:03:29','NOT_HTTP',NULL,'',0,NULL,'0E8HPX97VMRY','0Y8HPG9A2DSF','0Y8HPX97VMSD','0P8HPG99R56P',0,1,NULL,'API'),	 (862470037569568,'2022-02-16 22:04:07','NOT_HTTP',0,NULL,'','2022-02-16 22:04:07','NOT_HTTP',NULL,'',0,NULL,'0E8HPX9JFEV4','0Y8HPG9A2DSF','0Y8HPX9JFEVJ','0P8HPG99R56P',0,1,NULL,'API'),	 (862470049628187,'2022-02-16 22:04:30','NOT_HTTP',0,NULL,'','2022-02-16 22:04:30','NOT_HTTP',NULL,'',0,NULL,'0E8HPX9QX3WG','0Y8HPG9A2DSF','0Y8HPX9QX3WV','0P8HPG99R56P',0,1,NULL,'API');
INSERT INTO permission (id,created_at,created_by,deleted,deleted_at,deleted_by,modified_at,modified_by,restored_at,restored_by,version,linked_permission_id,name,parent_id,domain_id,project_id,shared,system_create,tenant_id,`type`) VALUES	 (862470056968205,'2022-02-16 22:04:44','NOT_HTTP',0,NULL,'','2022-02-16 22:04:44','NOT_HTTP',NULL,'',0,NULL,'0E8HPX9UZ6YO','0Y8HPG9A2DSF','0Y8HPX9UZ6Z4','0P8HPG99R56P',0,1,NULL,'API'),	 (862470864371746,'2022-02-16 22:30:24','NOT_HTTP',0,NULL,'','2022-02-16 22:30:24','NOT_HTTP',NULL,'',0,NULL,'0E8HPXN7ONI8','0Y8HPG9A2DSF','0Y8HPXN7ZW1S','0P8HPG99R56P',0,1,NULL,'API'),	 (862470882197538,'2022-02-16 22:30:58','NOT_HTTP',0,NULL,'','2022-02-16 22:30:58','NOT_HTTP',NULL,'',0,NULL,'0E8HPXNIAQ4W','0Y8HPG9A2DSF','0Y8HPXNIAQ5C','0P8HPG99R56P',0,1,NULL,'API'),	 (862470894780449,'2022-02-16 22:31:22','NOT_HTTP',0,NULL,'','2022-02-16 22:31:22','NOT_HTTP',NULL,'',0,NULL,'0E8HPXNPSF0H','0Y8HPG9A2DSF','0Y8HPXNQ3NK5','0P8HPG99R56P',0,1,NULL,'API'),	 (862470929907760,'2022-02-16 22:32:29','NOT_HTTP',0,NULL,'','2022-02-16 22:32:29','NOT_HTTP',NULL,'',0,NULL,'0E8HPXOB0JY8','0Y8HPG9A2DSF','0Y8HPXOB0JYN','0P8HPG99R56P',0,1,NULL,'API'),	 (862470953500941,'2022-02-16 22:33:14','NOT_HTTP',0,NULL,'','2022-02-16 22:33:14','NOT_HTTP',NULL,'',0,NULL,'0E8HPXOOQZUO','0Y8HPG9A2DSF','0Y8HPXOOQZV3','0P8HPG99R56P',0,1,NULL,'API'),	 (862470960316450,'2022-02-16 22:33:27','NOT_HTTP',0,NULL,'','2022-02-16 22:33:27','NOT_HTTP',NULL,'',0,NULL,'0E8HPXOST2WW','0Y8HPG9A2DSF','0Y8HPXOST2XC','0P8HPG99R56P',0,1,NULL,'API'),	 (862470972899723,'2022-02-16 22:33:51','NOT_HTTP',0,NULL,'','2022-02-16 22:33:51','NOT_HTTP',NULL,'',0,NULL,'0E8HPXP0ARY8','0Y8HPG9A2DSF','0Y8HPXP0ARYN','0P8HPG99R56P',0,1,NULL,'API'),	 (862470984433698,'2022-02-16 22:34:13','NOT_HTTP',0,NULL,'','2022-02-16 22:34:13','NOT_HTTP',NULL,'',0,NULL,'0E8HPXP7601H','0Y8HPG9A2DSF','0Y8HPXP7601W','0P8HPG99R56P',0,1,NULL,'API'),	 (862470999638326,'2022-02-16 22:34:42','NOT_HTTP',0,NULL,'','2022-02-16 22:34:42','NOT_HTTP',NULL,'',0,NULL,'0E8HPXPG7VNK','0Y8HPG9A2DSF','0Y8HPXPG7VNZ','0P8HPG99R56P',0,1,NULL,'API');
INSERT INTO permission (id,created_at,created_by,deleted,deleted_at,deleted_by,modified_at,modified_by,restored_at,restored_by,version,linked_permission_id,name,parent_id,domain_id,project_id,shared,system_create,tenant_id,`type`) VALUES	 (862471005929733,'2022-02-16 22:34:54','NOT_HTTP',0,NULL,'','2022-02-16 22:34:54','NOT_HTTP',NULL,'',0,NULL,'0E8HPXPK9YPS','0Y8HPG9A2DSF','0Y8HPXPK9YQ7','0P8HPG99R56P',0,1,NULL,'API'),	 (862471118651787,'2022-02-16 22:38:29','NOT_HTTP',0,NULL,'','2022-02-16 22:38:29','NOT_HTTP',NULL,'',0,NULL,'0E8HPXRF2R4G','0Y8HPG9A2DSF','0Y8HPXRF2R4W','0P8HPG99R56P',0,1,NULL,'API'),	 (862471127040048,'2022-02-16 22:38:45','NOT_HTTP',0,NULL,'','2022-02-16 22:38:45','NOT_HTTP',NULL,'',0,NULL,'0E8HPXRKDS74','0Y8HPG9A2DSF','0Y8HPXRKDS7J','0P8HPG99R56P',0,1,NULL,'API'),	 (862471321026583,'2022-02-16 22:44:55','NOT_HTTP',0,NULL,'','2022-02-16 22:44:55','NOT_HTTP',NULL,'',0,NULL,'0E8HPXURKCS5','0Y8HPG9A2DSF','0Y8HPXURKCSK','0P8HPG99R56P',0,1,NULL,'API'),	 (862471360348188,'2022-02-16 22:46:10','NOT_HTTP',0,NULL,'','2022-02-16 22:46:10','NOT_HTTP',NULL,'',0,NULL,'0E8HPXVFADXC','0Y8HPG9A2DSF','0Y8HPXVFADXR','0P8HPG99R56P',0,1,NULL,'API'),	 (862471366640010,'2022-02-16 22:46:22','NOT_HTTP',0,NULL,'','2022-02-16 22:46:22','NOT_HTTP',NULL,'',0,NULL,'0E8HPXVIPZWH','0Y8HPG9A2DSF','0Y8HPXVJ18G5','0P8HPG99R56P',0,1,NULL,'API'),	 (862471375028266,'2022-02-16 22:46:38','NOT_HTTP',0,NULL,'','2022-02-16 22:46:38','NOT_HTTP',NULL,'',0,NULL,'0E8HPXVO114W','0Y8HPG9A2DSF','0Y8HPXVO115B','0P8HPG99R56P',0,1,NULL,'API'),	 (862471387087350,'2022-02-16 22:47:01','NOT_HTTP',0,NULL,'','2022-02-16 22:47:01','NOT_HTTP',NULL,'',0,NULL,'0E8HPXVUW934','0Y8HPG9A2DSF','0Y8HPXVUW93J','0P8HPG99R56P',0,1,NULL,'API'),	 (862471398097654,'2022-02-16 22:47:22','NOT_HTTP',0,NULL,'','2022-02-16 22:47:22','NOT_HTTP',NULL,'',0,NULL,'0E8HPXW1G8HS','0Y8HPG9A2DSF','0Y8HPXW1G8I7','0P8HPG99R56P',0,1,NULL,'API'),	 (862471406485537,'2022-02-16 22:47:38','NOT_HTTP',0,NULL,'','2022-02-16 22:47:38','NOT_HTTP',NULL,'',0,NULL,'0E8HPXW6G16P','0Y8HPG9A2DSF','0Y8HPXW6R9QM','0P8HPG99R56P',0,1,NULL,'API');
INSERT INTO permission (id,created_at,created_by,deleted,deleted_at,deleted_by,modified_at,modified_by,restored_at,restored_by,version,linked_permission_id,name,parent_id,domain_id,project_id,shared,system_create,tenant_id,`type`) VALUES	 (862471423262752,'2022-02-16 22:48:10','NOT_HTTP',0,NULL,'','2022-02-16 22:48:10','NOT_HTTP',NULL,'',0,NULL,'0E8HPXWGFMQ9','0Y8HPG9A2DSF','0Y8HPXWGQV45','0P8HPG99R56P',0,1,NULL,'API'),	 (862471787119009,'2022-02-16 22:59:45','NOT_HTTP',0,NULL,'','2022-02-16 22:59:45','NOT_HTTP',NULL,'',0,NULL,'0E8HPY2HDK6D','0Y8HPG9A2DSF','0Y8HPY2HDK6S','0P8HPG99R56P',0,1,NULL,'API'),	 (862471789742108,'2022-02-16 22:59:49','NOT_HTTP',0,NULL,'','2022-02-16 22:59:49','NOT_HTTP',NULL,'',0,NULL,'0E8HPY2IXQTD','0Y8HPG9A2DSF','0Y8HPY2IXQTS','0P8HPG99R56P',0,1,NULL,'API'),	 (862471831685160,'2022-02-16 23:01:09','NOT_HTTP',0,NULL,'','2022-02-16 23:01:09','NOT_HTTP',NULL,'',0,NULL,'0E8HPY37WQ9T','0Y8HPG9A2DSF','0Y8HPY37WQA8','0P8HPG99R56P',0,1,NULL,'API'),	 (862471834304910,'2022-02-16 23:01:14','NOT_HTTP',0,NULL,'','2022-02-16 23:01:14','NOT_HTTP',NULL,'',0,NULL,'0E8HPY395OG1','0Y8HPG9A2DSF','0Y8HPY39GWZP','0P8HPG99R56P',0,1,NULL,'API'),	 (862473203220878,'2022-02-16 23:44:46','NOT_HTTP',0,NULL,'','2022-02-16 23:44:46','NOT_HTTP',NULL,'',0,NULL,'0E8HPYPW6ARL','0Y8HPG9A2DSF','0Y8HPYPW6AS0','0P8HPG99R56P',0,1,NULL,'API'),	 (862473210561286,'2022-02-16 23:44:59','NOT_HTTP',0,NULL,'','2022-02-16 23:44:59','NOT_HTTP',NULL,'',0,NULL,'0E8HPYQ0UUWX','0Y8HPG9A2DSF','0Y8HPYQ0UUXC','0P8HPG99R56P',0,1,NULL,'API'),	 (862473265087127,'2022-02-16 23:46:43','NOT_HTTP',0,NULL,'','2022-02-16 23:46:43','NOT_HTTP',NULL,'',0,NULL,'0E8HPYQXBJEP','0Y8HPG9A2DSF','0Y8HPYQXBJF4','0P8HPG99R56P',0,1,NULL,'API'),	 (862473282388444,'2022-02-16 23:47:16','NOT_HTTP',0,NULL,'','2022-02-16 23:47:16','NOT_HTTP',NULL,'',0,NULL,'0E8HPYR7MDH2','0Y8HPG9A2DSF','0Y8HPYR7MDHH','0P8HPG99R56P',0,1,NULL,'API'),	 (862473296544234,'2022-02-16 23:47:43','NOT_HTTP',0,NULL,'','2022-02-16 23:47:43','NOT_HTTP',NULL,'',0,NULL,'0E8HPYRG1S01','0Y8HPG9A2DSF','0Y8HPYRG1S0G','0P8HPG99R56P',0,1,NULL,'API');
INSERT INTO permission (id,created_at,created_by,deleted,deleted_at,deleted_by,modified_at,modified_by,restored_at,restored_by,version,linked_permission_id,name,parent_id,domain_id,project_id,shared,system_create,tenant_id,`type`) VALUES	 (862473311224484,'2022-02-16 23:48:12','NOT_HTTP',0,NULL,'','2022-02-16 23:48:12','NOT_HTTP',NULL,'',0,NULL,'0E8HPYROSF7L','0Y8HPG9A2DSF','0Y8HPYROSF80','0P8HPG99R56P',0,1,NULL,'API'),	 (862473431286182,'2022-02-16 23:52:00','NOT_HTTP',0,NULL,'','2022-02-16 23:52:00','NOT_HTTP',NULL,'',0,NULL,'0E8HPYTNYJ81','0Y8HPG9A2DSF','0Y8HPYTO9RLX','0P8HPG99R56P',0,1,NULL,'API'),	 (862473437053403,'2022-02-16 23:52:11','NOT_HTTP',0,NULL,'','2022-02-16 23:52:11','NOT_HTTP',NULL,'',0,NULL,'0E8HPYTRPDKX','0Y8HPG9A2DSF','0Y8HPYTRPDLC','0P8HPG99R56P',0,1,NULL,'API'),	 (862473456452059,'2022-02-16 23:52:48','NOT_HTTP',0,NULL,'','2022-02-16 23:52:48','NOT_HTTP',NULL,'',0,NULL,'0E8HPYU395OH','0Y8HPG9A2DSF','0Y8HPYU395OW','0P8HPG99R56P',0,1,NULL,'API'),	 (862473465365239,'2022-02-16 23:53:05','NOT_HTTP',0,NULL,'','2022-02-16 23:53:05','NOT_HTTP',NULL,'',0,NULL,'0E8HPYU8K6WW','0Y8HPG9A2DSF','0Y8HPYU8K6XC','0P8HPG99R56P',0,1,NULL,'API'),	 (862473474802423,'2022-02-16 23:53:23','NOT_HTTP',0,NULL,'','2022-02-16 23:53:23','NOT_HTTP',NULL,'',0,NULL,'0E8HPYUE6GOW','0Y8HPG9A2DSF','0Y8HPYUE6GPC','0P8HPG99R56P',0,1,NULL,'API'),	 (862473487909320,'2022-02-16 23:53:48','NOT_HTTP',0,NULL,'','2022-02-16 23:53:48','NOT_HTTP',NULL,'',0,NULL,'0E8HPYULZE9T','0Y8HPG9A2DSF','0Y8HPYULZEA8','0P8HPG99R56P',0,1,NULL,'API'),	 (862473497346807,'2022-02-16 23:54:06','NOT_HTTP',0,NULL,'','2022-02-16 23:54:06','NOT_HTTP',NULL,'',0,NULL,'0E8HPYURLO1S','0Y8HPG9A2DSF','0Y8HPYURLO28','0P8HPG99R56P',0,1,NULL,'API'),	 (862473513599461,'2022-02-16 23:54:37','NOT_HTTP',0,NULL,'','2022-02-16 23:54:37','NOT_HTTP',NULL,'',0,NULL,'0E8HPYV0YSCH','0Y8HPG9A2DSF','0Y8HPYV1A0W6','0P8HPG99R56P',0,1,NULL,'API'),	 (862473524085168,'2022-02-16 23:54:57','NOT_HTTP',0,NULL,'','2022-02-16 23:54:57','NOT_HTTP',NULL,'',0,NULL,'0E8HPYV7IRR5','0Y8HPG9A2DSF','0Y8HPYV7IRRK','0P8HPG99R56P',0,1,NULL,'API');
INSERT INTO permission (id,created_at,created_by,deleted,deleted_at,deleted_by,modified_at,modified_by,restored_at,restored_by,version,linked_permission_id,name,parent_id,domain_id,project_id,shared,system_create,tenant_id,`type`) VALUES	 (862473546105317,'2022-02-16 23:55:39','NOT_HTTP',0,NULL,'','2022-02-16 23:55:39','NOT_HTTP',NULL,'',0,NULL,'0E8HPYVKMQPI','0Y8HPG9A2DSF','0Y8HPYVKMQPX','0P8HPG99R56P',0,1,NULL,'API'),	 (862473552396675,'2022-02-16 23:55:51','NOT_HTTP',0,NULL,'','2022-02-16 23:55:51','NOT_HTTP',NULL,'',0,NULL,'0E8HPYVO2CJL','0Y8HPG9A2DSF','0Y8HPYVO2CK0','0P8HPG99R56P',0,1,NULL,'API'),	 (862473559736718,'2022-02-16 23:56:05','NOT_HTTP',0,NULL,'','2022-02-16 23:56:05','NOT_HTTP',NULL,'',0,NULL,'0E8HPYVSFO5D','0Y8HPG9A2DSF','0Y8HPYVSFO5S','0P8HPG99R56P',0,1,NULL,'API'),	 (862473566552451,'2022-02-16 23:56:18','NOT_HTTP',0,NULL,'','2022-02-16 23:56:18','NOT_HTTP',NULL,'',0,NULL,'0E8HPYVWHR7L','0Y8HPG9A2DSF','0Y8HPYVWSZR9','0P8HPG99R56P',0,1,NULL,'API'),	 (862473573892586,'2022-02-16 23:56:32','NOT_HTTP',0,NULL,'','2022-02-16 23:56:32','NOT_HTTP',NULL,'',0,NULL,'0E8HPYW16BCX','0Y8HPG9A2DSF','0Y8HPYW16BDC','0P8HPG99R56P',0,1,NULL,'API'),	 (862473582281463,'2022-02-16 23:56:48','NOT_HTTP',0,NULL,'','2022-02-16 23:56:48','NOT_HTTP',NULL,'',0,NULL,'0E8HPYW6641S','0Y8HPG9A2DSF','0Y8HPYW66428','0P8HPG99R56P',0,1,NULL,'API'),	 (862473588572635,'2022-02-16 23:57:00','NOT_HTTP',0,NULL,'','2022-02-16 23:57:00','NOT_HTTP',NULL,'',0,NULL,'0E8HPYW9WYKH','0Y8HPG9A2DSF','0Y8HPYW9WYKW','0P8HPG99R56P',0,1,NULL,'API'),	 (862473596436847,'2022-02-16 23:57:15','NOT_HTTP',0,NULL,'','2022-02-16 23:57:15','NOT_HTTP',NULL,'',0,NULL,'0E8HPYWEAA69','0Y8HPG9A2DSF','0Y8HPYWEAA6O','0P8HPG99R56P',0,1,NULL,'API'),	 (862473629991613,'2022-02-16 23:58:19','NOT_HTTP',0,NULL,'','2022-02-16 23:58:19','NOT_HTTP',NULL,'',0,NULL,'0E8HPYWYKPHC','0Y8HPG9A2DSF','0Y8HPYWYKPHS','0P8HPG99R56P',0,1,NULL,'API'),	 (862473636283006,'2022-02-16 23:58:31','NOT_HTTP',0,NULL,'','2022-02-16 23:58:31','NOT_HTTP',NULL,'',0,NULL,'0E8HPYX20BGH','0Y8HPG9A2DSF','0Y8HPYX20BGW','0P8HPG99R56P',0,1,NULL,'API');
INSERT INTO permission (id,created_at,created_by,deleted,deleted_at,deleted_by,modified_at,modified_by,restored_at,restored_by,version,linked_permission_id,name,parent_id,domain_id,project_id,shared,system_create,tenant_id,`type`) VALUES	 (862473720693505,'2022-02-17 00:01:13','NOT_HTTP',0,NULL,'','2022-02-17 00:01:13','NOT_HTTP',NULL,'',0,NULL,'0E8HPYYG9IWX','0Y8HPG9A2DSF','0Y8HPYYGKRGM','0P8HPG99R56P',0,1,NULL,'API'),	 (862473737995024,'2022-02-17 00:01:46','NOT_HTTP',0,NULL,'','2022-02-17 00:01:46','NOT_HTTP',NULL,'',0,NULL,'0E8HPYYQVLDT','0Y8HPG9A2DSF','0Y8HPYYQVLE8','0P8HPG99R56P',0,1,NULL,'API'),	 (862473909961102,'2022-02-17 00:07:14','NOT_HTTP',0,NULL,'','2022-02-17 00:07:14','NOT_HTTP',NULL,'',0,NULL,'0E8HPZ1KY769','0Y8HPG9A2DSF','0Y8HPZ1L9FK6','0P8HPG99R56P',0,1,NULL,'API'),	 (862473918873998,'2022-02-17 00:07:30','NOT_HTTP',0,NULL,'','2022-02-17 00:07:30','NOT_HTTP',NULL,'',0,NULL,'0E8HPZ1Q988X','0Y8HPG9A2DSF','0Y8HPZ1Q989C','0P8HPG99R56P',0,1,NULL,'API'),	 (862473933029774,'2022-02-17 00:07:57','NOT_HTTP',0,NULL,'','2022-02-17 00:07:57','NOT_HTTP',NULL,'',0,NULL,'0E8HPZ1YOMWX','0Y8HPG9A2DSF','0Y8HPZ1YZVGL','0P8HPG99R56P',0,1,NULL,'API'),	 (862473939845601,'2022-02-17 00:08:10','NOT_HTTP',0,NULL,'','2022-02-17 00:08:10','NOT_HTTP',NULL,'',0,NULL,'0E8HPZ231YIP','0Y8HPG9A2DSF','0Y8HPZ231YJ4','0P8HPG99R56P',0,1,NULL,'API'),	 (862473950331370,'2022-02-17 00:08:30','NOT_HTTP',0,NULL,'','2022-02-17 00:08:30','NOT_HTTP',NULL,'',0,NULL,'0E8HPZ29APDT','0Y8HPG9A2DSF','0Y8HPZ29APE8','0P8HPG99R56P',0,1,NULL,'API'),	 (862473959244256,'2022-02-17 00:08:47','NOT_HTTP',0,NULL,'','2022-02-17 00:08:47','NOT_HTTP',NULL,'',0,NULL,'0E8HPZ2ELQM9','0Y8HPG9A2DSF','0Y8HPZ2ELQMO','0P8HPG99R56P',0,1,NULL,'API'),	 (862473971302798,'2022-02-17 00:09:10','NOT_HTTP',0,NULL,'','2022-02-17 00:09:10','NOT_HTTP',NULL,'',0,NULL,'0E8HPZ2LGYKH','0Y8HPG9A2DSF','0Y8HPZ2LS745','0P8HPG99R56P',0,1,NULL,'API'),	 (862473984410065,'2022-02-17 00:09:35','NOT_HTTP',0,NULL,'','2022-02-17 00:09:35','NOT_HTTP',NULL,'',0,NULL,'0E8HPZ2TL4OX','0Y8HPG9A2DSF','0Y8HPZ2TL4PC','0P8HPG99R56P',0,1,NULL,'API');
INSERT INTO permission (id,created_at,created_by,deleted,deleted_at,deleted_by,modified_at,modified_by,restored_at,restored_by,version,linked_permission_id,name,parent_id,domain_id,project_id,shared,system_create,tenant_id,`type`) VALUES	 (862670893351306,'2022-02-21 08:29:09','NOT_HTTP',0,NULL,'','2022-02-21 08:29:09','NOT_HTTP',NULL,'',0,NULL,'0E8HSHJC34BK','0Y8HHJ47NBD3','0Y8HSHJC34BW','0P8HE307W6IO',0,1,NULL,'API'),	 (862670893351407,'2022-02-21 08:29:09','NOT_HTTP',0,NULL,'','2022-02-21 08:29:09','NOT_HTTP',NULL,'',0,NULL,'0E8CFEHEM0W0','0Y8HHJ47NBD3','0Y8HVWH0K64P','0P8HE307W6IO',0,1,NULL,'API'),	 (863019435295462,'2022-03-01 01:09:01','NOT_HTTP',0,NULL,'','2022-03-01 01:09:01','NOT_HTTP',NULL,'',0,NULL,'0E8HWXNKYL8H','0Y8HPG9A2DSF','0Y8HWXNKYL8W','0P8HPG99R56P',0,1,NULL,'API'),	 (863019443159718,'2022-03-01 01:09:16','NOT_HTTP',0,NULL,'','2022-03-01 01:09:16','NOT_HTTP',NULL,'',0,NULL,'0E8HWXNPBWU9','0Y8HPG9A2DSF','0Y8HWXNPN5DX','0P8HPG99R56P',0,1,NULL,'API'),	 (863019449975539,'2022-03-01 01:09:29','NOT_HTTP',0,NULL,'','2022-03-01 01:09:29','NOT_HTTP',NULL,'',0,NULL,'0E8HWXNTP8G1','0Y8HPG9A2DSF','0Y8HWXNTP8GG','0P8HPG99R56P',0,1,NULL,'API'),	 (863019458364080,'2022-03-01 01:09:45','NOT_HTTP',0,NULL,'','2022-03-01 01:09:45','NOT_HTTP',NULL,'',0,NULL,'0E8HWXNYP14W','0Y8HPG9A2DSF','0Y8HWXNYP15C','0P8HPG99R56P',0,1,NULL,'API'),	 (863019458364081,'2022-03-01 01:09:45','NOT_HTTP',0,NULL,'','2022-03-01 01:09:45','NOT_HTTP',NULL,'',0,NULL,'0E8BPAEMD3B7','0Y8HPG9A2DSF','0Y8HHJ47NBE9','0P8HPG99R56P',0,1,NULL,'API'),	 (863019458364082,'2022-03-01 01:09:45','NOT_HTTP',0,NULL,'','2022-03-01 01:09:45','NOT_HTTP',NULL,'',0,NULL,'0E8CFEHOWUTC','0Y8HPG9A2DSF','0Y8HYA2GSU80','0P8HPG99R56P',0,1,NULL,'API'),	 (863019458364083,'2022-03-01 01:09:45','NOT_HTTP',0,NULL,'','2022-03-01 01:09:45','NOT_HTTP',NULL,'',0,NULL,'0E8BPAEMD3B6','0Y8HPG9A2DSF','0Y8HHJ47NBE8','0P8HPG99R56P',0,1,NULL,'API'),	 (863374104068935,'2022-03-08 21:03:38','NOT_HTTP',0,NULL,'','2022-03-08 21:03:38','NOT_HTTP',NULL,'',0,NULL,'0E8I1GL5LA81','0Y8HHJ47NBD3','0Y8I1GL5LA8B','0P8HE307W6IO',0,1,NULL,'API');
INSERT INTO permission (id,created_at,created_by,deleted,deleted_at,deleted_by,modified_at,modified_by,restored_at,restored_by,version,linked_permission_id,name,parent_id,domain_id,project_id,shared,system_create,tenant_id,`type`) VALUES	 (863374104068937,'2022-03-08 21:03:38','NOT_HTTP',0,NULL,'','2022-03-08 21:03:38','NOT_HTTP',NULL,'',0,NULL,'0E8I1GL5LA82','0Y8HHJ47NBD3','0Y8I1GL5LA8C','0P8HE307W6IO',0,1,NULL,'API');


INSERT INTO `role` (id,created_at,created_by,deleted,deleted_at,deleted_by,modified_at,modified_by,restored_at,restored_by,version,description,external_permission_ids,name,parent_id,permission_ids,project_id,domain_id,system_create,tenant_id,`type`) VALUES	 (861812327186435,'2022-02-02 09:36:04','NOT_HTTP',0,NULL,NULL,'2022-02-02 09:36:04','NOT_HTTP',NULL,NULL,0,NULL,NULL,'0P8HE307W6IO',NULL,NULL,'0P8HE307W6IO','0Z8HHJ488SEC',1,'0P8HE307W6IO','PROJECT'),	 (861812327186436,'2022-02-02 09:36:04','NOT_HTTP',0,NULL,NULL,'2022-02-02 09:36:05','NOT_HTTP',NULL,NULL,0,NULL,NULL,'CLIENT_ROOT',NULL,NULL,'0P8HE307W6IO','0Z8HHJ489SA0',1,NULL,'CLIENT_ROOT'),	 (861812327186437,'2022-02-02 09:36:04','NOT_HTTP',0,NULL,NULL,'2022-02-02 09:36:04','NOT_HTTP',NULL,NULL,0,NULL,NULL,'PROJECT_SUPER_ADMIN','0Z8HHJ488SEC','0Y8HVWH0K64P,0Y8HOT1AO8P8,0Y8HHJ47NBEU,0Y8HHJ47NBES,0Y8HOT1UYO0D,0Y8HOT28P3WT,0Y8HHJ47NBDK,0Y8HHJ47NB00,0Y8HHJ47NBDB,0Y8HHJ47NBDZ,0Y8HHJ47NBEA,0Y8HOT24N0UK,0Y8HHJ47NBEB,0Y8HHJ47NBDT,0Y8HHJ47NBE6,0Y8HHJ47NBDU,0Y8HHJ47NBDY,0Y8HHJ47NBE7,0Y8HOT6OTUKS,0Y8HHJ47NBEM,0Y8HHJ47NBEN,0Y8HHJ47NBEK,0Y8HHJ47NBEL,0Y8HHJ47NBEQ,0Y8HP28G7MYV,0Y8HHJ47NBEO,0Y8HHJ47NBEP,0Y8HOT6J7KST,0Y8HHJ47NBEI,0Y8HHJ47NBEJ,0Y8HHJ47NBEH','0P8HE307W6IO','0Z8HHJ489SEC',1,'0P8HE307W6IO','USER'),	 (861812327186439,'2022-02-02 09:36:04','NOT_HTTP',0,NULL,NULL,'2022-02-16 03:44:13','0U8AZTODP4H0',NULL,NULL,2,NULL,NULL,'PROJECT_USER','0Z8HHJ488SEC','0Y8HLUWOH92P,0Y8HHJ47NBDD,0Y8HHJ47NBD5,0Y8HHJ47NBDE,0Y8HHJ47NBET,0Y8HHJ47NBEZ,0Y8I1GL5LA8B,0Y8I1GL5LA8C','0P8HE307W6IO','0Z8HHJ489SEE',1,'0P8HE307W6IO','USER'),	 (861812327186440,'2022-02-02 09:36:04','NOT_HTTP',0,NULL,NULL,'2022-02-02 09:36:05','NOT_HTTP',NULL,NULL,0,NULL,NULL,'0C8AZTODP4HT','0Z8HHJ489SA0',NULL,'0P8HE307W6IO','0Z8HHJ489SE0',1,NULL,'CLIENT'),	 (861812327186441,'2022-02-02 09:36:04','NOT_HTTP',0,NULL,NULL,'2022-02-02 09:36:05','NOT_HTTP',NULL,NULL,0,NULL,NULL,'0C8AZTODP4H0','0Z8HHJ489SA0',NULL,'0P8HE307W6IO','0Z8HHJ489SE1',1,NULL,'CLIENT'),	 (861812327186443,'2022-02-02 09:36:04','NOT_HTTP',0,NULL,NULL,'2022-02-02 09:36:05','NOT_HTTP',NULL,NULL,0,NULL,NULL,'0C8AZTODP4H8','0Z8HHJ489SA0',NULL,'0P8HE307W6IO','0Z8HHJ489SE9',1,NULL,'CLIENT'),	 (861812327186444,'2022-02-02 09:36:04','NOT_HTTP',0,NULL,NULL,'2022-02-02 09:36:05','NOT_HTTP',NULL,NULL,0,NULL,NULL,'0C8AZTODP4HZ','0Z8HHJ489SA0',NULL,'0P8HE307W6IO','0Z8HHJ489SEA',1,NULL,'CLIENT'),	 (861812327186445,'2022-02-02 09:36:04','NOT_HTTP',0,NULL,NULL,'2022-02-02 09:36:05','NOT_HTTP',NULL,NULL,0,NULL,NULL,'0C8AZYTQ5W5C','0Z8HHJ489SA0',NULL,'0P8HE307W6IO','0Z8HHJ489SEB',1,NULL,'CLIENT'),	 (861812327186446,'2022-02-02 09:36:04','NOT_HTTP',0,NULL,NULL,'2022-02-02 09:36:05','NOT_HTTP',NULL,NULL,0,NULL,NULL,'0C8AZZ16LZB4','0Z8HHJ489SA0',NULL,'0P8HE307W6IO','0Z8HHJ489SEH',1,NULL,'CLIENT');
INSERT INTO `role` (id,created_at,created_by,deleted,deleted_at,deleted_by,modified_at,modified_by,restored_at,restored_by,version,description,external_permission_ids,name,parent_id,permission_ids,project_id,domain_id,system_create,tenant_id,`type`) VALUES	 (861812327186447,'2022-02-02 09:36:04','NOT_HTTP',0,NULL,NULL,'2022-02-02 09:36:05','NOT_HTTP',NULL,NULL,0,NULL,NULL,'0C8B00098WLD','0Z8HHJ489SA0','0Y8HHJ47NBDH,0Y8HHJ47NBD9,0Y8HHJ47NBDI,0Y8HHJ47NBDG','0P8HE307W6IO','0Z8HHJ489SED',1,NULL,'CLIENT'),	 (861812327186448,'2022-02-02 09:36:04','NOT_HTTP',0,NULL,NULL,'2022-02-02 09:36:05','NOT_HTTP',NULL,NULL,0,NULL,NULL,'0C8B00CSATJ6','0Z8HHJ489SA0',NULL,'0P8HE307W6IO','0Z8HHJ489SEF',1,NULL,'CLIENT'),	 (861812327186449,'2022-02-02 09:36:04','NOT_HTTP',0,NULL,NULL,'2022-02-02 09:36:05','NOT_HTTP',NULL,NULL,0,NULL,NULL,'0C8AZTODP4I0','0Z8HHJ489SA0',NULL,'0P8HE307W6IO','0Z8HHJ489SEG',1,NULL,'CLIENT'),	 (862172156002538,'2022-02-10 08:14:43','0U8AZTODP4H0',0,NULL,NULL,'2022-02-10 08:14:43','0U8AZTODP4H0',NULL,NULL,0,NULL,NULL,'PROJECT_ADMIN','0Z8HHJ488SEC','0Y8HHJ47NBEH,0Y8HHJ47NBEM,0Y8HM3Z2YLM1,0Y8HM3Z2YLM2,0Y8HM42LOY68,0Y8HM3ZH0A2O,0Y8HM3VVGSN4,0Y8HKE2QAIVF,0Y8HM438H9TS,0Y8HSHJC34BW,0Y8HHJ47NBEV,0Y8HM419B5Z5,0Y8HM41EAYTJ,0Y8HHJ47NBEY,0Y8HM3ZNVI0X,0Y8HHJ47NBEW,0Y8HLUWMX2BX,0Y8HHJ47NBEX,0Y8HM3WS8POG,0Y8HM4132F41,0Y8HM3YTA8SG,0Y8HM42QOQV4,0Y8HM4351NUP,0Y8HM3VYWEM9,0Y8HM3VXC7WG,0Y8HM42GDWXS,0Y8HM3ZCY70G,0Y8HM3Z97CHT,0Y8HM443DRLT,0Y8HM3Y7FMX4,0Y8HM42ZFE88,0Y8HKEMWNQX7,0Y8HHJ47NBDS,0Y8HHJ47NBDV,0Y8HM3XKYJNK,0Y8HHJ47NBDW,0Y8HM3ZT6JEW,0Y8HM3Z2YLMO,0Y8HM3UU0BM0,0Y8HK4ZLA03Q,0Y8HHJ47NBD4,0Y8HM40WIFPD,0Y8HHJ47NBD8,0Y8HKE24FWUI,0Y8HM3VGHEKG,0Y8HHJ47NBD6,0Y8HM44BT69S,0Y8HHJ47NBD7,0Y8HHJ47NBDL,0Y8HHJ47NBDM,0Y8HM3YMQ9DS,0Y8HM4474M4G,0Y8HHJ47NBDP,0Y8HHJ47NBDQ,0Y8HM3TG2CJL,0Y8HHJ47NBDN,0Y8HLUWOH91P,0Y8HHJ47NBDO,0Y8HM3X7UKU8,0Y8HLUWG1UJ8,0Y8HKACDVMDL,0Y8HM3X0O4CG,0Y8HM3W1EAYP,0Y8HKEMUH34B,0Y8HM40ZBKLC,0Y8HM3UAYUBK,0Y8HM3X3SHS1,0Y8HLUWKQEJ1','0P8HE307W6IO','0Z8HM4F4QV41',1,'0P8HE307W6IO','USER'),	 (862433016545286,'2022-02-16 02:27:15','NOT_HTTP',0,NULL,NULL,'2022-02-16 02:27:15','NOT_HTTP',NULL,NULL,0,NULL,NULL,'0P8HPG99R56P',NULL,'0Y8HPG9A2DQP,0Y8HPG9A2DR1,0Y8HPG9A2DQR,0Y8HPG9A2DR3,0Y8HPG9A2DQT,0Y8HPG9A2DR5,0Y8HPG9A2DQV,0Y8HPG9A2DR7,0Y8HKE2QAIVF,0Y8HPG9A2DQH,0Y8HHJ47NBEU,0Y8HHJ47NBEV,0Y8HPG9A2DQJ,0Y8HPG9A2DQL,0Y8HHJ47NBEY,0Y8HPG9A2DQN,0Y8HHJ47NBEW,0Y8HLUWMX2BX,0Y8HHJ47NBEX,0Y8HPG9A2DRB,0Y8HPG9A2DRD,0Y8HPG9A2DRF,0Y8HPG9A2DQX,0Y8HPG9A2DR9,0Y8HPG9A2DQZ,0Y8HPG9A2DRP,0Y8HPG9A2DS1,0Y8HPG9A2DS3,0Y8HPG9A2DRR,0Y8HKEMWNQX7,0Y8HPG9A2DS5,0Y8HPG9A2DRT,0Y8HPG9A2DS7,0Y8HPG9A2DRV,0Y8HPG9A2DRH,0Y8HHJ47NBDS,0Y8HPG9A2DRJ,0Y8HPG9A2DRL,0Y8HHJ47NBDV,0Y8HHJ47NBDW,0Y8HPG9A2DRN,0Y8HHJ47NBEM,0Y8HPG9A2DSB,0Y8HPG9A2DSD,0Y8HPG9A2DS9,0Y8HPG9A2DRX,0Y8HPG9A2DRZ,0Y8HK4ZLA03Q,0Y8HHJ47NBEH,0Y8HHJ47NBD4,0Y8HHJ47NBD8,0Y8HKE24FWUI,0Y8HHJ47NBD6,0Y8HHJ47NBD7,0Y8HHJ47NBDL,0Y8HHJ47NBDM,0Y8HHJ47NBDP,0Y8HHJ47NBDQ,0Y8HHJ47NBDN,0Y8HLUWOH91P,0Y8HHJ47NBDO,0Y8HLUWG1UJ8,0Y8HKACDVMDL,0Y8HKEMUH34B,0Y8HPG9A2DQB,0Y8HPG9A2DQD,0Y8HPG9A2DQF,0Y8HLUWKQEJ1','0P8HE307W6IO','0Z8HPG9AOUTG',1,'0P8HPG99R56P','PROJECT'),	 (862433016545288,'2022-02-16 02:27:15','NOT_HTTP',0,NULL,NULL,'2022-02-16 02:27:15','NOT_HTTP',NULL,NULL,0,NULL,NULL,'PROJECT_ADMIN','0Z8HPG9AOUTG','0Y8HPG9A2DQP,0Y8HPG9A2DR1,0Y8HPG9A2DQR,0Y8HPG9A2DR3,0Y8HPG9A2DQT,0Y8HPG9A2DR5,0Y8HPG9A2DQV,0Y8HPG9A2DR7,0Y8HKE2QAIVF,0Y8HPG9A2DQH,0Y8HSHJC34BW,0Y8HHJ47NBEV,0Y8HPG9A2DQJ,0Y8HPG9A2DQL,0Y8HHJ47NBEY,0Y8HPG9A2DQN,0Y8HHJ47NBEW,0Y8HLUWMX2BX,0Y8HHJ47NBEX,0Y8HPG9A2DRB,0Y8HPG9A2DRD,0Y8HPG9A2DRF,0Y8HPG9A2DQX,0Y8HPG9A2DR9,0Y8HPG9A2DQZ,0Y8HPG9A2DRP,0Y8HPG9A2DS1,0Y8HPG9A2DS3,0Y8HPG9A2DRR,0Y8HKEMWNQX7,0Y8HPG9A2DS5,0Y8HPG9A2DRT,0Y8HPG9A2DS7,0Y8HPG9A2DRV,0Y8HPG9A2DRH,0Y8HHJ47NBDS,0Y8HPG9A2DRJ,0Y8HPG9A2DRL,0Y8HHJ47NBDV,0Y8HHJ47NBDW,0Y8HPG9A2DRN,0Y8HHJ47NBEM,0Y8HPG9A2DSB,0Y8HPG9A2DSD,0Y8HPG9A2DS9,0Y8HPG9A2DRX,0Y8HPG9A2DRZ,0Y8HK4ZLA03Q,0Y8HHJ47NBEH,0Y8HHJ47NBD4,0Y8HHJ47NBD8,0Y8HKE24FWUI,0Y8HHJ47NBD6,0Y8HHJ47NBD7,0Y8HHJ47NBDL,0Y8HHJ47NBDM,0Y8HHJ47NBDP,0Y8HHJ47NBDQ,0Y8HHJ47NBDN,0Y8HLUWOH91P,0Y8HHJ47NBDO,0Y8HLUWG1UJ8,0Y8HKACDVMDL,0Y8HKEMUH34B,0Y8HPG9A2DQB,0Y8HPG9A2DQD,0Y8HPG9A2DQF,0Y8HLUWKQEJ1','0P8HE307W6IO','0Z8HPG9AOUTJ',1,'0P8HPG99R56P','USER'),	 (862433016545290,'2022-02-16 02:27:15','NOT_HTTP',0,NULL,NULL,'2022-02-17 00:35:47','0U8HPG93IED3',NULL,NULL,4,NULL,NULL,'PROJECT_USER','0Z8HPG9AOUTH','0Y8HPXNQ3NK5,0Y8HPYTRPDLC,0Y8HPYUE6GPC,0Y8HPX4QHY3K,0Y8HPX4CRI11,0Y8HPX4XZMYT,0Y8HPYURLO28,0Y8HPX5G3EHC,0Y8HPYULZEA8,0Y8HPMBZOBO0,0Y8HPX5EJ7RJ,0Y8HPYU8K6XC,0Y8HPYTO9RLX,0Y8HPXNIAQ5C,0Y8HPYU395OW','0P8HPG99R56P','0Z8HPG9AOUTL',1,NULL,'USER'),	 (862433016545292,'2022-02-16 02:27:15','NOT_HTTP',0,NULL,NULL,'2022-02-16 02:27:16','NOT_HTTP',NULL,NULL,1,NULL,NULL,'CLIENT_ROOT',NULL,NULL,'0P8HPG99R56P','0Z8HPG9AOUTN',1,NULL,'CLIENT_ROOT'),	 (862433016545293,'2022-02-16 02:27:15','NOT_HTTP',0,NULL,NULL,'2022-02-16 02:27:16','NOT_HTTP',NULL,NULL,1,NULL,NULL,'0P8HPG99R56P',NULL,NULL,'0P8HPG99R56P','0Z8HPG9AOUTH',1,NULL,'PROJECT'),	 (862433369915464,'2022-02-16 02:38:29','NOT_HTTP',0,NULL,NULL,'2022-02-16 10:08:06','0U8HPG93IED3',NULL,NULL,2,NULL,NULL,'0C8HPGF4GBUP','0Z8HPG9AOUTN',NULL,'0P8HPG99R56P','0Z8HPGF4RKEA',1,NULL,'CLIENT');
INSERT INTO `role` (id,created_at,created_by,deleted,deleted_at,deleted_by,modified_at,modified_by,restored_at,restored_by,version,description,external_permission_ids,name,parent_id,permission_ids,project_id,domain_id,system_create,tenant_id,`type`) VALUES	 (862433781481554,'2022-02-16 02:51:34','NOT_HTTP',0,NULL,NULL,'2022-02-16 10:08:03','0U8HPG93IED3',NULL,NULL,2,NULL,NULL,'0C8HPGLXHMET','0Z8HPG9AOUTN',NULL,'0P8HPG99R56P','0Z8HPGLXHMF5',1,NULL,'CLIENT'),	 (862433827094538,'2022-02-16 02:53:01','NOT_HTTP',0,NULL,NULL,'2022-02-16 10:08:00','0U8HPG93IED3',NULL,NULL,3,NULL,NULL,'0C8HPGMON9J5','0Z8HPG9AOUTN',NULL,'0P8HPG99R56P','0Z8HPGMOYI2P',1,NULL,'CLIENT'),	 (862486461939723,'2022-02-17 06:46:15','0U8HPG93IED3',0,NULL,NULL,'2022-02-18 06:59:08','0U8HPG93IED3',NULL,NULL,3,NULL,NULL,'商城管理员','0Z8HPG9AOUTH','0Y8HHJ47NBE8,0Y8HYA2GSU80,0Y8HHJ47NBE9,0Y8HWXNTP8GG,0Y8HPXMP9NGV,0Y8HPZ0BDJPS,0Y8HPXOST2XC,0Y8HPXMIEFIO,0Y8HPXXKP8NJ,0Y8HPYW16BDC,0Y8HPXP0ARYN,0Y8HPZ2ELQMO,0Y8HPXID6ZV3,0Y8HPXWGQV45,0Y8HPXKFHH5B,0Y8HPYW66428,0Y8HPXHMCL51,0Y8HPXOOQZV3,0Y8HPXURKCSK,0Y8HPX75L5I5,0Y8HPYW9WYKW,0Y8HPY39GWZP,0Y8HPZ0O69ZK,0Y8HPXL79LHQ,0Y8HPXIMVCPB,0Y8HPZ231YJ4,0Y8HPXTGQR67,0Y8HPX41U70V,0Y8HPZ3U3W92,0Y8HPXPK9YQ7,0Y8HPZ1L9FK6,0Y8HPX88AKUN,0Y8HPY1GJK0G,0Y8HWXNPN5DX,0Y8HPXOB0JYN,0Y8HPXPG7VNZ,0Y8HPXMECCGF,0Y8HPYVKMQPX,0Y8HPXP7601W,0Y8HPXI5E2A7,0Y8HPXHXWDDW,0Y8HPX3VWOP1,0Y8HPZ2LS745,0Y8HPXL9RHTX,0Y8HPXW1G8I7,0Y8HPX9QX3WV,0Y8HPXK5HVRJ,0Y8HPYVSFO5S,0Y8HPZ3QD1QO,0Y8HPXSXE1HR,0Y8HPYQ0UUXC,0Y8HPXT7DMVK,0Y8HPXVUW93J,0Y8HWXNYP15C,0Y8HPXLQMBC0,0Y8HPZ2TL4PC,0Y8HPY1L845S,0Y8HPZ29APE8,0Y8HPX9UZ6Z4,0Y8HPZ40CN4G,0Y8HPY2HDK6S,0Y8HPYZR34KG,0Y8HPXTY81LB,0Y8HPZ1Q989C,0Y8HPXJUKKW4,0Y8HPXVFADXR,0Y8HPXVO115B,0Y8HPXKILUKW,0Y8HPY37WQA8,0Y8HPY2IXQTS,0Y8HPXKVEKUD,0Y8HPXH6QPZK,0Y8HPXSNPONJ,0Y8HPYPW6AS0,0Y8HPYZV57GW,0Y8HPYWEAA6O,0Y8HPXVJ18G5,0Y8HPZ0IV8R4,0Y8HPYQXBJF4,0Y8HPXHAST1R,0Y8HPYVO2CK0,0Y8HPYVWSZR9,0Y8HPXIY3W9B,0Y8HPX97VMSD,0Y8HPXT1RD8K,0Y8HPZ1YZVGL,0Y8HPXIQAYOF,0Y8HPXJXOY6O,0Y8HPXSBJFGW,0Y8HPXTRO26N,0Y8HPXSFLIJ3,0Y8HWXNKYL8W,0Y8HPZ00RH8W,0Y8HPXW6R9QM,0Y8HPX9JFEVJ,0Y8HPX806EQ8','0P8HPG99R56P','0Z8HQ4T6P535',0,NULL,'USER'),	 (862524187082847,'2022-02-18 02:45:30','NOT_HTTP',0,NULL,NULL,'2022-02-18 02:45:30','NOT_HTTP',NULL,NULL,1,NULL,NULL,'0C8HQM52YN7K','0Z8HPG9AOUTN',NULL,'0P8HPG99R56P','0Z8HQM52YN7W',1,NULL,'CLIENT');

INSERT INTO user_relation (id,created_at,created_by,deleted,deleted_at,deleted_by,modified_at,modified_by,restored_at,restored_by,version,organization_id,position_id,project_id,standalone_roles,tenant_ids,user_id) VALUES	 (861812327710759,'2022-02-02 04:36:05','NOT_HTTP',0,NULL,NULL,'2022-02-02 04:36:05','NOT_HTTP',NULL,NULL,0,NULL,NULL,'0P8HE307W6IO','0Z8HHJ489SEE,0Z8HHJ489SEC,0Z8HM4F4QV41','0P8HE307W6IO','0U8AZTODP4H0'),	 (862433005010945,'2022-02-15 21:26:53','0C8B00098WLD',0,NULL,NULL,'2022-02-15 21:27:16','NOT_HTTP',NULL,NULL,1,NULL,NULL,'0P8HE307W6IO','0Z8HHJ489SEE,0Z8HPG9AOUTJ','0P8HPG99R56P','0U8HPG93IED3'),	 (862433017069645,'2022-02-15 21:27:16','NOT_HTTP',0,NULL,NULL,'2022-02-18 01:38:08','0U8HPG93IED3',NULL,NULL,1,NULL,NULL,'0P8HPG99R56P','0Z8HQ4T6P535,0Z8HPG9AOUTL','','0U8HPG93IED3'),	 (862525411819525,'2022-02-17 22:24:25','ONBOARD_TENANT_USER',0,NULL,NULL,'2022-02-17 22:24:25','ONBOARD_TENANT_USER',NULL,NULL,0,NULL,NULL,'0P8HPG99R56P','0Z8HPG9AOUTL',NULL,'0U8AZTODP4H0'),	 (862531308486705,'2022-02-18 01:31:53','0C8B00098WLD',0,NULL,NULL,'2022-02-18 01:31:53','0C8B00098WLD',NULL,NULL,0,NULL,NULL,'0P8HE307W6IO','0Z8HHJ489SEE',NULL,'0U8HQPEV6A7K'),	 (862531311632420,'2022-02-18 01:31:59','ONBOARD_TENANT_USER',0,NULL,NULL,'2022-02-18 01:31:59','ONBOARD_TENANT_USER',NULL,NULL,0,NULL,NULL,'0P8HPG99R56P','0Z8HPG9AOUTL',NULL,'0U8HQPEV6A7K'),	 (862531434315778,'2022-02-18 01:35:53','0C8B00098WLD',0,NULL,NULL,'2022-02-18 01:35:53','0C8B00098WLD',NULL,NULL,0,NULL,NULL,'0P8HE307W6IO','0Z8HHJ489SEE',NULL,'0U8HQPGY38JL'),	 (862531463151652,'2022-02-18 01:36:48','ONBOARD_TENANT_USER',0,NULL,NULL,'2022-02-18 01:38:14','0U8HPG93IED3',NULL,NULL,1,NULL,NULL,'0P8HPG99R56P','0Z8HQ4T6P535,0Z8HPG9AOUTL','','0U8HQPGY38JL');
