INSERT INTO client (id,created_at,created_by,deleted,deleted_at,deleted_by,modified_at,modified_by,restored_at,restored_by,version,accessible_,auto_approve,redirect_urls,domain_id,description,grant_types,name,`path`,project_id,role_id,secret,access_token_validity_seconds,refresh_token_validity_seconds,types) VALUES	 (843594578001960,'2020-12-27 05:29:26','0',0,NULL,'','2022-01-05 01:07:48','0U8AZTODP4H0',NULL,'',7,0,1,0x5B7B2276616C7565223A22687474703A2F2F6C6F63616C686F73743A33303030227D5D,'0C8AZTODP4H9','BBS前端（现阶段暂停止维护与开发）','AUTHORIZATION_CODE','BBS前端UI',NULL,'0P8HE307W6I2','0Z8HHJ489SEI','$2a$12$5PlVPPijEbr69oYIdC9e2uvDzW7NPqxnoxU9aKFiemB2vG7UmaC1S',120,0,'THIRD_PARTY,FRONTEND_APP'),	 (843498099048453,'2020-12-25 02:22:27','0',0,NULL,'','2022-01-05 01:07:56','0U8AZTODP4H0',NULL,'',4,1,0,NULL,'0C8AZTODP4H2','BBS后端（现阶段暂停止维护与开发）','CLIENT_CREDENTIALS','bbs','bbs-svc','0P8HE307W6I2','0Z8HHJ489SE3','$2a$12$3ke5rpx81DFfYlLXpQW6TOvTw2W8OkG.p5oFOmFsnmh7LVp11khna',120,0,'THIRD_PARTY,BACKEND_APP'),	 (843498099048451,'2020-12-25 02:22:27','0',0,NULL,'','2022-01-05 00:55:31','0U8AZTODP4H0',NULL,'',2,1,0,NULL,'0C8AZTODP4H0','暂未使用，一个简单的NoSQL存储服务','CLIENT_CREDENTIALS','store','object-svc','0P8HE307W6IO','0Z8HHJ489SE1','$2a$12$3ke5rpx81DFfYlLXpQW6TOvTw2W8OkG.p5oFOmFsnmh7LVp11khna',122,0,'ROOT_APPLICATION,FIRST_PARTY,BACKEND_APP'),	 (843512635457561,'2020-12-25 10:04:33','0',0,NULL,'','2022-01-05 00:52:23','0U8AZTODP4H0',NULL,'',2,1,0,NULL,'0C8AZTODP4I0','仅供测试使用','PASSWORD','测试用资源应用',NULL,'0P8HE307W6IO','0Z8HHJ489SEG','$2a$12$k73Ru5FaxyoX5NxQ775SxefRDY04HVvUNekQ.X/tBZJcsUuBUqiMS',120,0,'FIRST_PARTY,BACKEND_APP'),	 (843512635457539,'2020-12-25 10:04:33','0',0,NULL,'','2022-01-05 01:09:22','0U8AZTODP4H0',NULL,'',4,0,0,NULL,'0C8B00CSATJ6','用户密码验证策略','PASSWORD','测试应用','','0P8HE307W6IO','0Z8HHJ489SEF','$2a$12$k73Ru5FaxyoX5NxQ775SxefRDY04HVvUNekQ.X/tBZJcsUuBUqiMS',120,0,'FIRST_PARTY,BACKEND_APP'),	 (843511877861378,'2020-12-25 09:40:28','0',0,NULL,'','2022-01-05 00:53:31','0U8AZTODP4H0',NULL,'',4,0,0,NULL,'0C8B00098WLD','用户注册时使用','CLIENT_CREDENTIALS','注册客户端UI',NULL,'0P8HE307W6IO','0Z8HHJ489SED','$2a$12$lBpm19kTPZserQCa72/67OAPAjPZWc0yJ9Kh6xPYPYOSVuFWS94IC',120,0,'ROOT_APPLICATION,FIRST_PARTY,FRONTEND_APP'),	 (843509757116417,'2020-12-25 08:33:03','0',0,NULL,'','2022-01-05 00:52:02','0U8AZTODP4H0',NULL,'',3,0,0,NULL,'0C8AZZ16LZB4','mt-auth前端','PASSWORD,REFRESH_TOKEN','登陆客户端UI',NULL,'0P8HE307W6IO','0Z8HHJ489SEC','$2a$12$lBpm19kTPZserQCa72/67OAPAjPZWc0yJ9Kh6xPYPYOSVuFWS94IC',120,1200,'ROOT_APPLICATION,FIRST_PARTY,FRONTEND_APP'),	 (843509306228737,'2020-12-25 08:18:43','0',0,NULL,'','2022-01-05 01:08:35','0U8AZTODP4H0',NULL,'',3,1,0,NULL,'0C8AZYTQ5W5C','反向代理服务，负责处理mt-auth的核心功能','CLIENT_CREDENTIALS','反向代理',NULL,'0P8HE307W6IO','0Z8HHJ489SEB','$2a$12$.HPmCVWM86g.OmWmWgsttuXB95onmQXhsNqwA.ugS9qdn/rxnLk/6',120,0,'ROOT_APPLICATION,FIRST_PARTY,BACKEND_APP'),	 (843498099048553,'2020-12-25 02:22:27','0',0,NULL,'','2022-01-05 00:52:39','0U8AZTODP4H0',NULL,'',2,1,0,NULL,'0C8AZTODP4HZ','仅供测试使用','CLIENT_CREDENTIALS','test','test-svc','0P8HE307W6IO','0Z8HHJ489SEA','$2a$12$3ke5rpx81DFfYlLXpQW6TOvTw2W8OkG.p5oFOmFsnmh7LVp11khna',122,0,'FIRST_PARTY,BACKEND_APP'),	 (843498099048459,'2020-12-25 02:22:27','0',0,NULL,'','2022-01-05 00:52:59','0U8AZTODP4H0',NULL,'',2,0,0,NULL,'0C8AZTODP4H8','<script>test</script>','CLIENT_CREDENTIALS','rightRoleNotSufficientResourceId',NULL,'0P8HE307W6IO','0Z8HHJ489SE9','$2a$12$5PlVPPijEbr69oYIdC9e2uvDzW7NPqxnoxU9aKFiemB2vG7UmaC1S',120,0,'FIRST_PARTY,BACKEND_APP');
INSERT INTO client (id,created_at,created_by,deleted,deleted_at,deleted_by,modified_at,modified_by,restored_at,restored_by,version,accessible_,auto_approve,redirect_urls,domain_id,description,grant_types,name,`path`,project_id,role_id,secret,access_token_validity_seconds,refresh_token_validity_seconds,types) VALUES	 (843498099048456,'2020-12-25 02:22:27','0',0,NULL,'','2022-01-05 00:51:10','0U8AZTODP4H0',NULL,'',2,1,0,NULL,'0C8AZTODP4H5','负责邮件与websocket通知','CLIENT_CREDENTIALS','通知中心','messenger-svc','0P8HE307W6IO','0Z8HHJ489SE6','$2a$12$3ke5rpx81DFfYlLXpQW6TOvTw2W8OkG.p5oFOmFsnmh7LVp11khna',120,0,'ROOT_APPLICATION,FIRST_PARTY,BACKEND_APP'),	 (843498099048450,'2020-12-25 02:22:27','0',0,NULL,'','2022-01-05 00:50:53','0U8AZTODP4H0',NULL,'',4,1,0,NULL,'0C8AZTODP4HT','负责管理应用，用户等信息','CLIENT_CREDENTIALS','权限中心','auth-svc','0P8HE307W6IO','0Z8HHJ489SE0','$2a$12$3ke5rpx81DFfYlLXpQW6TOvTw2W8OkG.p5oFOmFsnmh7LVp11khna',120,0,'ROOT_APPLICATION,FIRST_PARTY,BACKEND_APP'),	 (862433338458124,'2022-02-15 21:37:30','0U8HPG93IED3',0,NULL,NULL,'2022-02-16 21:20:06','0U8HPG93IED3',NULL,NULL,1,1,0,NULL,'0C8HPGEMCKCH',NULL,'CLIENT_CREDENTIALS','支付服务','payment-svc','0P8HPG99R56P','0Z8HPGEMCKCT','$2a$12$iG3yHimcpDiPy9vcmGkFRun.rCfgaqgew6WdL2xEGkiRqsQcc7QC2',123,0,'FIRST_PARTY,BACKEND_APP'),	 (862433348943873,'2022-02-15 21:37:49','0U8HPG93IED3',0,NULL,NULL,'2022-02-16 21:21:28','0U8HPG93IED3',NULL,NULL,1,1,0,NULL,'0C8HPGESA2O1',NULL,'CLIENT_CREDENTIALS','图片服务','file-upload-svc','0P8HPG99R56P','0Z8HPGESLB7M','$2a$12$xYoswWsVCV8YjgGa.FvHgeErdiS7kCiJ0BGvEqm6ag6yJ5VmZbi46',123,0,'FIRST_PARTY,BACKEND_APP'),	 (862433369391105,'2022-02-15 21:38:28','0U8HPG93IED3',0,NULL,NULL,'2022-02-16 21:20:33','0U8HPG93IED3',NULL,NULL,2,1,0,NULL,'0C8HPGF4GBUP',NULL,'CLIENT_CREDENTIALS','分布式事务服务','saga-svc','0P8HPG99R56P','0Z8HPGF4RKEA','$2a$12$YQ7pI6YcDzbmbBYL1GXdEO3NT3hh34UBqKbY4XLt16XhFIMJ.h6c.',123,0,'FIRST_PARTY,BACKEND_APP'),	 (862433780433088,'2022-02-15 21:51:33','0U8HPG93IED3',0,NULL,NULL,'2022-02-16 21:19:51','0U8HPG93IED3',NULL,NULL,1,1,0,NULL,'0C8HPGLXHMET','负责产品目录等','CLIENT_CREDENTIALS','商城服务','product-svc','0P8HPG99R56P','0Z8HPGLXHMF5','$2a$12$bQOLGCybO.4EfjfvVdcCKOmUC3O9izskZisesUHcUzK2MsqPq.jX.',123,0,'FIRST_PARTY,BACKEND_APP'),	 (862433802453003,'2022-02-15 21:52:15','0U8HPG93IED3',0,NULL,NULL,'2022-02-16 04:26:59','0U8HPG93IED3',NULL,NULL,1,1,0,NULL,'0C8HPGMALL34','用户订单与送货地址管理','CLIENT_CREDENTIALS','订单服务','profile-svc','0P8HPG99R56P','0Z8HPGMALL3G','$2a$12$ngbOm8JvIJK59UZPWaKJIOiWFW9TtVeh0fBKJIRdg7t7N9sHZLVMq',123,0,'FIRST_PARTY,BACKEND_APP'),	 (862433826570240,'2022-02-15 21:53:00','0U8HPG93IED3',0,NULL,NULL,'2022-02-16 05:03:23','NOT_HTTP',NULL,NULL,4,0,1,0x5B7B2276616C7565223A22687474703A2F2F6C6F63616C686F73743A343230302F6163636F756E74227D5D,'0C8HPGMON9J5',NULL,'AUTHORIZATION_CODE','商城UI',NULL,'0P8HPG99R56P','0Z8HPGMOYI2P','$2a$12$Hk/uzmLBZt6JpIjQcFLedOnXZTHznBsBalKfPHjJDfRUVpt2vvjLK',1200,0,'FIRST_PARTY,FRONTEND_APP');


INSERT INTO resources_map (id,domain_id) VALUES	 (843498099048450,'0C8AZTODP4H5'),	 (843498099048450,'0C8AZTODP4HT'),	 (843498099048450,'0C8AZYTQ5W5C'),	 (843498099048456,'0C8AZTODP4HT'),	 (843498099048459,'0C8AZTODP4HT'),	 (843509306228737,'0C8AZTODP4HT'),	 (843509757116417,'0C8AZTODP4H0'),	 (843509757116417,'0C8AZTODP4H2'),	 (843509757116417,'0C8AZTODP4H4'),	 (843509757116417,'0C8AZTODP4H5');
INSERT INTO resources_map (id,domain_id) VALUES	 (843509757116417,'0C8AZTODP4HT'),	 (843509757116417,'0C8AZYTQ5W5C'),	 (843509757116417,'0C8BLWABG1S0'),	 (843511877861378,'0C8AZTODP4HT'),	 (843512635457539,'0C8AZTODP4H4'),	 (843512635457539,'0C8AZTODP4HT'),	 (843512635457539,'0C8AZYTQ5W5C'),	 (843512635457561,'0C8AZTODP4HT'),	 (843594578001960,'0C8AZTODP4H2'),	 (843594578001960,'0C8AZTODP4H4');
INSERT INTO resources_map (id,domain_id) VALUES	 (862433826570240,'0C8HPGEMCKCH'),	 (862433826570240,'0C8HPGESA2O1'),	 (862433826570240,'0C8HPGLXHMET'),	 (862433826570240,'0C8HPGMALL34');

INSERT INTO endpoint (id,created_at,created_by,deleted,deleted_at,deleted_by,modified_at,modified_by,restored_at,restored_by,version,cache_profile_id,client_id,cors_profile_id,csrf_enabled,description,domain_id,is_websocket,`method`,name,`path`,permission_id,project_id,secured) VALUES	 (0,NULL,'',0,NULL,'','2022-01-05 15:18:31','0U8AZTODP4H0',NULL,'',5,'0X8G900BJFGG','0C8AZTODP4HT','0O8G2WE71L35',1,'','0E8AZTODP400',0,'GET','读取应用简略信息','projects/**/clients','0Y8HHJ47NBD4','0P8HE307W6IO',1),	 (1,NULL,'',0,NULL,'','2022-01-05 16:14:49','0U8AZTODP4H0',NULL,'',3,'','0C8AZTODP4HT','0O8G2WE71L35',1,'','0E8AZTODP401',0,'GET','查询目标应用是否可以自动批准第三方登录请求','projects/**/clients/**/autoApprove','0Y8HHJ47NBD5','0P8HE307W6IO',1),	 (2,NULL,'',0,NULL,'','2022-01-05 15:18:43','0U8AZTODP4H0',NULL,'',2,'','0C8AZTODP4HT','0O8G2WE71L35',1,'','0E8AZTODP402',0,'POST','创建应用','projects/**/clients','0Y8HHJ47NBD6','0P8HE307W6IO',1),	 (3,NULL,'',0,NULL,'','2022-01-05 15:18:56','0U8AZTODP4H0',NULL,'',2,'','0C8AZTODP4HT','0O8G2WE71L35',1,'','0E8AZTODP403',0,'PUT','更新应用','projects/**/clients/**','0Y8HHJ47NBD7','0P8HE307W6IO',1),	 (4,NULL,'',0,NULL,'','2022-01-05 15:19:03','0U8AZTODP4H0',NULL,'',2,'','0C8AZTODP4HT','0O8G2WE71L35',1,'','0E8AZTODP404',0,'DELETE','删除应用','projects/**/clients/**','0Y8HHJ47NBD8','0P8HE307W6IO',1),	 (5,NULL,'',0,NULL,'','2022-01-05 15:21:25','0U8AZTODP4H0',NULL,'',3,'','0C8AZTODP4HT','0O8G2WE71L35',1,'','0E8AZTODP405',0,'POST','注册用户','users','0Y8HHJ47NBD9','0P8HE307W6IO',1),	 (7,NULL,'',0,NULL,'','2022-01-05 15:28:19','0U8AZTODP4H0',NULL,'',3,'','0C8AZTODP4HT','0O8G2WE71L35',1,'','0E8AZTODP407',0,'PUT','更新单个用户信息','mngmt/users/**','0Y8HHJ47NBDB','0P8HE307W6IO',1),	 (8,NULL,'',0,NULL,'','2022-01-05 15:28:26','0U8AZTODP4H0',NULL,'',3,'','0C8AZTODP4HT','0O8G2WE71L35',1,'','0E8AZTODP408',0,'DELETE','删除单个用户','mngmt/users/**','0Y8HHJ47NBDC','0P8HE307W6IO',1),	 (9,NULL,'',0,NULL,'','2022-01-05 15:28:38','0U8AZTODP4H0',NULL,'',4,'','0C8AZTODP4HT','0O8G2WE71L35',1,'','0E8AZTODP409',0,'PUT','用户更改密码','users/pwd','0Y8HHJ47NBDD','0P8HE307W6IO',1),	 (10,NULL,'',0,NULL,'','2022-01-05 15:22:39','0U8AZTODP4H0',NULL,'',3,'','0C8AZTODP4HT','0O8G2WE71L35',1,'','0E8AZTODP40A',0,'POST','OAuth2 authorize端口','authorize','0Y8HHJ47NBDE','0P8HE307W6IO',1);
INSERT INTO endpoint (id,created_at,created_by,deleted,deleted_at,deleted_by,modified_at,modified_by,restored_at,restored_by,version,cache_profile_id,client_id,cors_profile_id,csrf_enabled,description,domain_id,is_websocket,`method`,name,`path`,permission_id,project_id,secured) VALUES	 (12,NULL,'',0,NULL,'','2022-01-05 15:24:07','0U8AZTODP4H0',NULL,'',2,'','0C8AZTODP4HT','0O8G2WE71L35',1,'','0E8AZTODP40C',0,'POST','创建待注册用户','pending-users','0Y8HHJ47NBDG','0P8HE307W6IO',1),	 (13,NULL,'',0,NULL,'','2022-01-05 15:28:50','0U8AZTODP4H0',NULL,'',3,'','0C8AZTODP4HT','0O8G2WE71L35',1,'','0E8AZTODP40D',0,'POST','用户忘记密码','users/forgetPwd','0Y8HHJ47NBDH','0P8HE307W6IO',1),	 (14,NULL,'',0,NULL,'','2022-01-05 15:24:40','0U8AZTODP4H0',NULL,'',2,'','0C8AZTODP4HT','0O8G2WE71L35',1,'','0E8AZTODP40E',0,'POST','重置用户密码','users/resetPwd','0Y8HHJ47NBDI','0P8HE307W6IO',1),	 (15,NULL,'',0,NULL,'','2022-01-05 15:29:20','0U8AZTODP4H0',NULL,'',2,'','0C8AZTODP4HT','0O8G2WE71L35',0,'','0E8AZTODP40F',0,'POST','申请身份令牌','oauth/token',NULL,'0P8HE307W6IO',0),	 (16,NULL,'',0,NULL,'','2022-01-05 15:29:15','0U8AZTODP4H0',NULL,'',3,'','0C8AZTODP4HT','0O8G2WE71L35',1,'','0E8AZTODP40G',0,'POST','将已签发的用户或应用的身份令牌回收','mngmt/revoke-tokens','0Y8HHJ47NBDK','0P8HE307W6IO',1),	 (18,NULL,'',0,NULL,'','2022-01-05 15:29:35','0U8AZTODP4H0',NULL,'',3,'','0C8AZTODP4HT','0O8G2WE71L35',1,'','0E8AZTODP40I',0,'POST','创建api端口','projects/**/endpoints','0Y8HHJ47NBDL','0P8HE307W6IO',1),	 (19,NULL,'',0,NULL,'','2022-01-05 15:26:21','0U8AZTODP4H0',NULL,'',2,'','0C8AZTODP4HT','0O8G2WE71L35',1,'','0E8AZTODP40J',0,'GET','读取当前所有api端口简略信息','projects/**/endpoints','0Y8HHJ47NBDM','0P8HE307W6IO',1),	 (20,NULL,'',0,NULL,'','2022-01-05 15:29:50','0U8AZTODP4H0',NULL,'',3,'','0C8AZTODP4HT','0O8G2WE71L35',1,'','0E8AZTODP40K',0,'PUT','更新单个api端口信息','projects/**/endpoints/**','0Y8HHJ47NBDN','0P8HE307W6IO',1),	 (21,NULL,'',0,NULL,'','2022-01-05 15:30:02','0U8AZTODP4H0',NULL,'',2,'','0C8AZTODP4HT','0O8G2WE71L35',1,'','0E8AZTODP40L',0,'DELETE','删除单个api端口','projects/**/endpoints/**','0Y8HHJ47NBDO','0P8HE307W6IO',1),	 (57,NULL,'',0,NULL,'',NULL,'',NULL,'',0,'','0C8AZTODP4H5','0O8G2WE71L35',1,'','0E8AZTODP41B',0,'POST','','notifyBy/email/newOrder',NULL,'0P8HE307W6I1',1);
INSERT INTO endpoint (id,created_at,created_by,deleted,deleted_at,deleted_by,modified_at,modified_by,restored_at,restored_by,version,cache_profile_id,client_id,cors_profile_id,csrf_enabled,description,domain_id,is_websocket,`method`,name,`path`,permission_id,project_id,secured) VALUES	 (58,NULL,'',0,NULL,'',NULL,'',NULL,'',0,'','0C8AZTODP4H5','0O8G2WE71L35',1,'','0E8AZTODP41C',0,'GET','','systemNotifications/root',NULL,'0P8HE307W6I1',1),	 (65,NULL,'',0,NULL,'',NULL,'',NULL,'',0,'','0C8AZTODP4H2','0O8G2WE71L35',1,'','0E8AZTODP41I',0,'GET','','private/comments',NULL,'0P8HE307W6I2',1),	 (66,NULL,'',0,NULL,'',NULL,'',NULL,'',0,'','0C8AZTODP4H2','0O8G2WE71L35',1,'','0E8AZTODP41J',0,'GET','','public/posts/**/comments',NULL,'0P8HE307W6I2',0),	 (67,NULL,'',0,NULL,'',NULL,'',NULL,'',0,'','0C8AZTODP4H2','0O8G2WE71L35',1,'','0E8AZTODP41K',0,'POST','','private/posts/**/comments',NULL,'0P8HE307W6I2',1),	 (68,NULL,'',0,NULL,'',NULL,'',NULL,'',0,'','0C8AZTODP4H2','0O8G2WE71L35',1,'','0E8AZTODP41L',0,'DELETE','','private/comments/**',NULL,'0P8HE307W6I2',1),	 (69,NULL,'',0,NULL,'',NULL,'',NULL,'',0,'','0C8AZTODP4H2','0O8G2WE71L35',1,'','0E8AZTODP41M',0,'GET','','public/posts',NULL,'0P8HE307W6I2',0),	 (70,NULL,'',0,NULL,'',NULL,'',NULL,'',0,'','0C8AZTODP4H2','0O8G2WE71L35',1,'','0E8AZTODP41N',0,'GET','','private/posts',NULL,'0P8HE307W6I2',1),	 (71,NULL,'',0,NULL,'',NULL,'',NULL,'',0,'','0C8AZTODP4H2','0O8G2WE71L35',1,'','0E8AZTODP41O',0,'POST','','private/posts',NULL,'0P8HE307W6I2',1),	 (72,NULL,'',0,NULL,'',NULL,'',NULL,'',0,'','0C8AZTODP4H2','0O8G2WE71L35',1,'','0E8AZTODP41P',0,'GET','','public/posts/**',NULL,'0P8HE307W6I2',0),	 (73,NULL,'',0,NULL,'',NULL,'',NULL,'',0,'','0C8AZTODP4H2','0O8G2WE71L35',1,'','0E8AZTODP41Q',0,'PUT','','private/posts/**',NULL,'0P8HE307W6I2',1);
INSERT INTO endpoint (id,created_at,created_by,deleted,deleted_at,deleted_by,modified_at,modified_by,restored_at,restored_by,version,cache_profile_id,client_id,cors_profile_id,csrf_enabled,description,domain_id,is_websocket,`method`,name,`path`,permission_id,project_id,secured) VALUES	 (74,NULL,'',0,NULL,'',NULL,'',NULL,'',0,'','0C8AZTODP4H2','0O8G2WE71L35',1,'','0E8AZTODP41R',0,'DELETE','','private/posts/**',NULL,'0P8HE307W6I2',1),	 (75,NULL,'',0,NULL,'',NULL,'',NULL,'',0,'','0C8AZTODP4H2','0O8G2WE71L35',1,'','0E8AZTODP41S',0,'POST','','private/posts/**/likes',NULL,'0P8HE307W6I2',1),	 (76,NULL,'',0,NULL,'',NULL,'',NULL,'',0,'','0C8AZTODP4H2','0O8G2WE71L35',1,'','0E8AZTODP41T',0,'DELETE','','private/posts/**/likes',NULL,'0P8HE307W6I2',1),	 (77,NULL,'',0,NULL,'',NULL,'',NULL,'',0,'','0C8AZTODP4H2','0O8G2WE71L35',1,'','0E8AZTODP41U',0,'POST','','private/comments/**/likes',NULL,'0P8HE307W6I2',1),	 (78,NULL,'',0,NULL,'',NULL,'',NULL,'',0,'','0C8AZTODP4H2','0O8G2WE71L35',1,'','0E8AZTODP41V',0,'DELETE','','private/comments/**/likes',NULL,'0P8HE307W6I2',1),	 (79,NULL,'',0,NULL,'',NULL,'',NULL,'',0,'','0C8AZTODP4H2','0O8G2WE71L35',1,'','0E8AZTODP41W',0,'POST','','private/posts/**/dislikes',NULL,'0P8HE307W6I2',1),	 (80,NULL,'',0,NULL,'',NULL,'',NULL,'',0,'','0C8AZTODP4H2','0O8G2WE71L35',1,'','0E8AZTODP41X',0,'DELETE','','private/posts/**/dislikes',NULL,'0P8HE307W6I2',1),	 (81,NULL,'',0,NULL,'',NULL,'',NULL,'',0,'','0C8AZTODP4H2','0O8G2WE71L35',1,'','0E8AZTODP41Y',0,'POST','','private/comments/**/dislikes',NULL,'0P8HE307W6I2',1),	 (82,NULL,'',0,NULL,'',NULL,'',NULL,'',0,'','0C8AZTODP4H2','0O8G2WE71L35',1,'','0E8AZTODP41Z',0,'DELETE','','private/comments/**/dislikes',NULL,'0P8HE307W6I2',1),	 (83,NULL,'',0,NULL,'',NULL,'',NULL,'',0,'','0C8AZTODP4H2','0O8G2WE71L35',1,'','0E8AZTODP420',0,'POST','','private/posts/**/reports',NULL,'0P8HE307W6I2',1);
INSERT INTO endpoint (id,created_at,created_by,deleted,deleted_at,deleted_by,modified_at,modified_by,restored_at,restored_by,version,cache_profile_id,client_id,cors_profile_id,csrf_enabled,description,domain_id,is_websocket,`method`,name,`path`,permission_id,project_id,secured) VALUES	 (84,NULL,'',0,NULL,'',NULL,'',NULL,'',0,'','0C8AZTODP4H2','0O8G2WE71L35',1,'','0E8AZTODP421',0,'DELETE','','private/posts/**/reports',NULL,'0P8HE307W6I2',1),	 (85,NULL,'',0,NULL,'',NULL,'',NULL,'',0,'','0C8AZTODP4H2','0O8G2WE71L35',1,'','0E8AZTODP422',0,'POST','','private/comments/**/reports',NULL,'0P8HE307W6I2',1),	 (86,NULL,'',0,NULL,'',NULL,'',NULL,'',0,'','0C8AZTODP4H2','0O8G2WE71L35',1,'','0E8AZTODP423',0,'DELETE','','private/comments/**/reports',NULL,'0P8HE307W6I2',1),	 (87,NULL,'',0,NULL,'',NULL,'',NULL,'',0,'','0C8AZTODP4H2','0O8G2WE71L35',1,'','0E8AZTODP424',0,'POST','','private/posts/**/notInterested',NULL,'0P8HE307W6I2',1),	 (88,NULL,'',0,NULL,'',NULL,'',NULL,'',0,'','0C8AZTODP4H2','0O8G2WE71L35',1,'','0E8AZTODP425',0,'DELETE','','private/posts/**/notInterested',NULL,'0P8HE307W6I2',1),	 (89,NULL,'',0,NULL,'',NULL,'',NULL,'',0,'','0C8AZTODP4H2','0O8G2WE71L35',1,'','0E8AZTODP426',0,'POST','','private/comments/**/notInterested',NULL,'0P8HE307W6I2',1),	 (90,NULL,'',0,NULL,'',NULL,'',NULL,'',0,'','0C8AZTODP4H2','0O8G2WE71L35',1,'','0E8AZTODP427',0,'DELETE','','private/comments/**/notInterested',NULL,'0P8HE307W6I2',1),	 (91,NULL,'',0,NULL,'',NULL,'',NULL,'',0,'','0C8AZTODP4H2','0O8G2WE71L35',1,'','0E8AZTODP428',0,'GET','','admin/posts',NULL,'0P8HE307W6I2',1),	 (92,NULL,'',0,NULL,'',NULL,'',NULL,'',0,'','0C8AZTODP4H2','0O8G2WE71L35',1,'','0E8AZTODP429',0,'DELETE','','admin/posts/**',NULL,'0P8HE307W6I2',1),	 (93,NULL,'',0,NULL,'',NULL,'',NULL,'',0,'','0C8AZTODP4H2','0O8G2WE71L35',1,'','0E8AZTODP42A',0,'GET','','admin/comments',NULL,'0P8HE307W6I2',1);
INSERT INTO endpoint (id,created_at,created_by,deleted,deleted_at,deleted_by,modified_at,modified_by,restored_at,restored_by,version,cache_profile_id,client_id,cors_profile_id,csrf_enabled,description,domain_id,is_websocket,`method`,name,`path`,permission_id,project_id,secured) VALUES	 (94,NULL,'',0,NULL,'',NULL,'',NULL,'',0,'','0C8AZTODP4H2','0O8G2WE71L35',1,'','0E8AZTODP42B',0,'DELETE','','admin/comments/**',NULL,'0P8HE307W6I2',1),	 (95,NULL,'',0,NULL,'',NULL,'',NULL,'',0,'','0C8AZTODP4H2','0O8G2WE71L35',1,'','0E8AZTODP42C',0,'GET','','admin/likes',NULL,'0P8HE307W6I2',1),	 (96,NULL,'',0,NULL,'',NULL,'',NULL,'',0,'','0C8AZTODP4H2','0O8G2WE71L35',1,'','0E8AZTODP42D',0,'GET','','admin/dislikes',NULL,'0P8HE307W6I2',1),	 (97,NULL,'',0,NULL,'',NULL,'',NULL,'',0,'','0C8AZTODP4H2','0O8G2WE71L35',1,'','0E8AZTODP42E',0,'GET','','admin/reports',NULL,'0P8HE307W6I2',1),	 (98,NULL,'',0,NULL,'',NULL,'',NULL,'',0,'','0C8AZTODP4H2','0O8G2WE71L35',1,'','0E8AZTODP42F',0,'GET','','admin/notInterested',NULL,'0P8HE307W6I2',1),	 (125,NULL,'',0,NULL,'','2022-01-05 15:31:06','0U8AZTODP4H0',NULL,'',2,'','0C8AZTODP4HT','0O8G2WE71L35',1,'','0E8AZTODP432',0,'GET','读取单个应用详细信息','projects/**/clients/**','0Y8HHJ47NBDP','0P8HE307W6IO',1),	 (126,NULL,'',0,NULL,'','2022-01-05 15:31:23','0U8AZTODP4H0',NULL,'',2,'','0C8AZTODP4HT','0O8G2WE71L35',1,'','0E8AZTODP433',0,'PATCH','更改单个应用的部分信息','projects/**/clients/**','0Y8HHJ47NBDQ','0P8HE307W6IO',1),	 (128,NULL,'',0,NULL,'','2022-01-05 15:31:49','0U8AZTODP4H0',NULL,'',2,'','0C8AZTODP4HT','0O8G2WE71L35',1,'','0E8AZTODP435',0,'GET','读取单个api端口的详细信息','projects/**/endpoints/**','0Y8HHJ47NBDS','0P8HE307W6IO',1),	 (130,NULL,'',0,NULL,'','2022-01-05 15:32:08','0U8AZTODP4H0',NULL,'',2,'','0C8AZTODP4HT','0O8G2WE71L35',1,'','0E8AZTODP437',0,'PATCH','更改单个用户的部分信息','mngmt/users/**','0Y8HHJ47NBDT','0P8HE307W6IO',1),	 (131,NULL,'',0,NULL,'','2022-01-05 15:33:30','0U8AZTODP4H0',NULL,'',3,'','0C8AZTODP4HT','0O8G2WE71L35',1,'','0E8AZTODP438',0,'PATCH','批量更改多个用户的部分信息','mngmt/users','0Y8HHJ47NBDU','0P8HE307W6IO',1);
INSERT INTO endpoint (id,created_at,created_by,deleted,deleted_at,deleted_by,modified_at,modified_by,restored_at,restored_by,version,cache_profile_id,client_id,cors_profile_id,csrf_enabled,description,domain_id,is_websocket,`method`,name,`path`,permission_id,project_id,secured) VALUES	 (132,NULL,'',0,NULL,'','2022-01-05 15:33:15','0U8AZTODP4H0',NULL,'',2,'','0C8AZTODP4HT','0O8G2WE71L35',1,'','0E8AZTODP439',0,'DELETE','批量删除多个api端口','projects/**/endpoints','0Y8HHJ47NBDV','0P8HE307W6IO',1),	 (137,NULL,'',0,NULL,'','2022-01-05 15:33:50','0U8AZTODP4H0',NULL,'',2,'','0C8AZTODP4HT','0O8G2WE71L35',1,'','0E8AZTODP43E',0,'PATCH','更改单个api端口的部分信息','projects/**/endpoints/**','0Y8HHJ47NBDW','0P8HE307W6IO',1),	 (143,NULL,'',0,NULL,'','2022-01-05 15:35:02','0U8AZTODP4H0',NULL,'',2,'','0C8AZTODP4HT','0O8G2WE71L35',1,'','0E8AZTODP43I',0,'GET','读取mt-auth中的改动','changes/root','0Y8HHJ47NBDY','0P8HE307W6IO',1),	 (149,NULL,'',0,NULL,'','2022-01-05 15:35:26','0U8AZTODP4H0',NULL,'',2,'','0C8AZTODP4HT','0O8G2WE71L35',1,'','0E8AZTODP43N',0,'GET','查看当前回收的身份令牌','mngmt/revoke-tokens','0Y8HHJ47NBDZ','0P8HE307W6IO',1),	 (180,NULL,'',0,NULL,'','2022-01-05 15:35:53','0U8AZTODP4H0',NULL,'',2,'','0C8AZTODP4HT','0O8G2WE71L35',1,'','0E8AZTODP450',0,'POST','发布重新载入代理缓存事件','mngmt/endpoints/event/reload','0Y8HHJ47NB00','0P8HE307W6IO',1),	 (181,NULL,'',0,NULL,'',NULL,'',NULL,'',0,'','0C8BLWABG1S0','0O8G2WE71L35',1,'','0E8AZTODP451',0,'GET','测试延迟','test/delay/**',NULL,'0P8HE307W6IO',0),	 (182,NULL,'',0,NULL,'',NULL,'',NULL,'',0,'','0C8BLWABG1S0','0O8G2WE71L35',1,'','0E8AZTODP452',0,'GET','测试Http返回码','test/status/**',NULL,'0P8HE307W6IO',0),	 (183,'2021-02-06 08:13:40','0U8AZTODP4H0',0,NULL,'','2021-02-06 08:13:40','0U8AZTODP4H0',NULL,'',0,'','0C8AZTODP4H5','0O8G2WE71L35',0,'','0E8BO3KAHURK',0,'GET','系统监控websocket get初始化请求','system-monitor','0Y8HHJ47NBE6','0P8HE307W6IO',1),	 (184,NULL,'',0,NULL,'','2022-01-05 15:36:26','0U8AZTODP4H0',NULL,'',3,'','0C8AZTODP4HT','0O8G2WE71L35',1,'','0E8BPAEMD3B5',0,'POST','获取websocket链接使用的令牌','tickets/**','0Y8HHJ47NBE7','0P8HE307W6IO',1),	 (185,NULL,'',0,NULL,'',NULL,'',NULL,'',0,'','0C8AZTODP4H5','0O8G2WE71L35',1,'','0E8BPAEMD3B6',0,'GET','获取商城通知历史','mallNotifications/admin','0Y8HHJ47NBE8','0P8HE307W6I1',1);
INSERT INTO endpoint (id,created_at,created_by,deleted,deleted_at,deleted_by,modified_at,modified_by,restored_at,restored_by,version,cache_profile_id,client_id,cors_profile_id,csrf_enabled,description,domain_id,is_websocket,`method`,name,`path`,permission_id,project_id,secured) VALUES	 (186,'2021-02-06 08:13:40','0U8AZTODP4H0',0,NULL,'','2021-02-06 08:13:40','0U8AZTODP4H0',NULL,'',0,'','0C8AZTODP4H5','0O8G2WE71L35',0,'','0E8BPAEMD3B7',0,'GET','商城监控websocket get初始化请求','mall-monitor','0Y8HHJ47NBE9','0P8HE307W6I1',1),	 (847539962118150,'2021-03-25 06:49:49','0U8AZTODP4H0',0,NULL,'','2021-03-25 06:49:49','0U8AZTODP4H0',NULL,'',0,'','0C8AZTODP4H5','0O8G2WE71L35',0,'','0E8CFEHEM0W0',1,'','','system-monitor',NULL,'0P8HE307W6I1',1),	 (847539979419653,'2021-03-25 06:50:22','0U8AZTODP4H0',0,NULL,'','2021-03-25 06:50:22','0U8AZTODP4H0',NULL,'',0,'','0C8AZTODP4H5','0O8G2WE71L35',0,'','0E8CFEHOWUTC',1,'','','mall-monitor',NULL,'0P8HE307W6I1',1),	 (855088528097288,'2021-09-07 18:12:16','0U8AZTODP4H0',0,NULL,'','2022-01-05 15:36:38','0U8AZTODP4H0',NULL,'',2,'','0C8AZTODP4HT','0O8G2WE71L35',1,'','0E8F3Q8VWB9C',0,'POST','重试系统事件','mngmt/events/**/retry','0Y8HHJ47NBEA','0P8HE307W6IO',1),	 (855088539107336,'2021-09-07 18:12:37','0U8AZTODP4H0',0,NULL,'','2022-01-05 15:37:44','0U8AZTODP4H0',NULL,'',2,'','0C8AZTODP4HT','0O8G2WE71L35',1,'','0E8F3Q92GAO0',0,'GET','读取当前系统事件','mngmt/events','0Y8HHJ47NBEB','0P8HE307W6IO',1),	 (857818816053257,'2021-11-07 00:45:47','0U8AZTODP4H0',0,NULL,'','2022-01-05 15:39:35','0U8AZTODP4H0',NULL,'',2,'','0C8AZTODP4HT','0O8G2WE71L35',1,'','0E8G2KIUUOZK',0,'GET','读取CORS配置','mngmt/cors','0Y8HHJ47NBEH','0P8HE307W6IO',1),	 (857818863763465,'2021-11-07 00:47:18','0U8AZTODP4H0',0,NULL,'','2022-01-05 15:40:28','0U8AZTODP4H0',NULL,'',2,'','0C8AZTODP4HT','0O8G2WE71L35',1,'','0E8G2KJN9AF5',0,'POST','添加新的CORS配置','mngmt/cors','0Y8HHJ47NBEI','0P8HE307W6IO',1),	 (857818891550729,'2021-11-07 00:48:11','0U8AZTODP4H0',0,NULL,'','2022-01-05 15:40:44','0U8AZTODP4H0',NULL,'',2,'','0C8AZTODP4HT','0O8G2WE71L35',1,'','0E8G2KK3SV7L',0,'PUT','替换已有的CORS配置','mngmt/cors/**','0Y8HHJ47NBEJ','0P8HE307W6IO',1),	 (857818936639497,'2021-11-07 00:49:37','0U8AZTODP4H0',0,NULL,'','2022-01-05 15:41:06','0U8AZTODP4H0',NULL,'',2,'','0C8AZTODP4HT','0O8G2WE71L35',1,'','0E8G2KKUN9XD',0,'PATCH','部分更改单一CORS配置','mngmt/cors/**','0Y8HHJ47NBEK','0P8HE307W6IO',1),	 (857818980155392,'2021-11-07 00:50:59','0U8AZTODP4H0',0,NULL,'','2022-01-05 15:41:24','0U8AZTODP4H0',NULL,'',2,'','0C8AZTODP4HT','0O8G2WE71L35',1,'','0E8G2KLK8QGX',0,'DELETE','删除已有的CORS配置','mngmt/cors/**','0Y8HHJ47NBEL','0P8HE307W6IO',1);
INSERT INTO endpoint (id,created_at,created_by,deleted,deleted_at,deleted_by,modified_at,modified_by,restored_at,restored_by,version,cache_profile_id,client_id,cors_profile_id,csrf_enabled,description,domain_id,is_websocket,`method`,name,`path`,permission_id,project_id,secured) VALUES	 (858028290605063,'2021-11-11 16:44:47','0U8AZTODP4H0',0,NULL,'','2022-01-05 15:41:43','0U8AZTODP4H0',NULL,'',2,'','0C8AZTODP4HT','0O8G2WE71L35',1,'','0E8G58R6A328',0,'GET','读取当前缓存配置简略信息','mngmt/cache-profile','0Y8HHJ47NBEM','0P8HE307W6IO',1),	 (858028295847944,'2021-11-11 16:44:57','0U8AZTODP4H0',0,NULL,'','2022-01-05 15:41:57','0U8AZTODP4H0',NULL,'',2,'','0C8AZTODP4HT','0O8G2WE71L35',1,'','0E8G58R9PP1C',0,'POST','添加新的缓存配置','mngmt/cache-profile','0Y8HHJ47NBEN','0P8HE307W6IO',1),	 (858028300566696,'2021-11-11 16:45:07','0U8AZTODP4H0',0,NULL,'','2022-01-05 15:42:13','0U8AZTODP4H0',NULL,'',2,'','0C8AZTODP4HT','0O8G2WE71L35',1,'','0E8G58RCITXC',0,'PUT','替换已有的缓存配置','mngmt/cache-profile/**','0Y8HHJ47NBEO','0P8HE307W6IO',1),	 (858028305809415,'2021-11-11 16:45:16','0U8AZTODP4H0',0,NULL,'','2022-01-05 15:42:51','0U8AZTODP4H0',NULL,'',2,'','0C8AZTODP4HT','0O8G2WE71L35',1,'','0E8G58RFBYXT',0,'DELETE','删除选中的缓存配置','mngmt/cache-profile/**','0Y8HHJ47NBEP','0P8HE307W6IO',1),	 (858028322586632,'2021-11-11 16:45:49','0U8AZTODP4H0',0,NULL,'','2022-01-05 15:43:10','0U8AZTODP4H0',NULL,'',2,'','0C8AZTODP4HT','0O8G2WE71L35',1,'','0E8G58RPMSQO',0,'PATCH','部分更新选中的缓存配置','mngmt/cache-profile/**','0Y8HHJ47NBEQ','0P8HE307W6IO',1),	 (858486057992192,'2021-11-21 14:16:49','0U8AZTODP4H0',0,NULL,'','2021-11-21 15:20:41','0U8AZTODP4H0',NULL,'',1,'','0C8AZYTQ5W5C','',0,'','0E8GB31T5VK2',0,'GET','查询代理缓存MD5值','/info/checkSum',NULL,'0P8HE307W6IO',0),	 (858491679408138,'2021-11-21 17:15:32','0U8AZTODP4H0',0,NULL,'','2022-01-05 15:43:27','0U8AZTODP4H0',NULL,'',2,'0X8G9HEVMSCH','0C8AZTODP4HT','0O8G2WE71L35',1,'','0E8GB5MSBKE8',0,'GET','检查代理缓存是否同步','mngmt/proxy/check','0Y8HHJ47NBES','0P8HE307W6IO',1),	 (861497201262599,'2022-01-26 20:38:29','0U8AZTODP4H0',0,NULL,'','2022-01-26 20:38:29','0U8AZTODP4H0',NULL,'',0,'','0C8AZTODP4HT','0O8G2WE71L35',1,'','0E8HDICM4CU8',0,'POST','创建新项目','projects','0Y8HHJ47NBET','0P8HE307W6IO',1),	 (861497574031368,'2022-01-26 20:50:21','0U8AZTODP4H0',0,NULL,'','2022-01-26 20:50:21','0U8AZTODP4H0',NULL,'',0,'','0C8AZTODP4HT','0O8G2WE71L35',1,'','0E8HDIISDBLS',0,'GET','查询已有项目','projects','0Y8HHJ47NBEU','0P8HE307W6IO',1),	 (861540772741129,'2022-01-27 19:43:36','0U8AZTODP4H0',0,NULL,'','2022-01-27 19:43:36','0U8AZTODP4H0',NULL,'',0,'','0C8AZTODP4HT','0O8G2WE71L35',1,'','0E8HE2D7RLDT',0,'GET','查询当前全部权限简要信息','projects/**/permissions','0Y8HHJ47NBEV','0P8HE307W6IO',1);
INSERT INTO endpoint (id,created_at,created_by,deleted,deleted_at,deleted_by,modified_at,modified_by,restored_at,restored_by,version,cache_profile_id,client_id,cors_profile_id,csrf_enabled,description,domain_id,is_websocket,`method`,name,`path`,permission_id,project_id,secured) VALUES	 (861541373050887,'2022-01-27 20:02:40','0U8AZTODP4H0',0,NULL,'','2022-01-27 20:04:03','0U8AZTODP4H0',NULL,'',1,'','0C8AZTODP4HT','0O8G2WE71L35',1,'','0E8HE2N4V2TD',0,'POST','创建权限配置','projects/**/permissions','0Y8HHJ47NBEW','0P8HE307W6IO',1),	 (861612640567304,'2022-01-29 09:48:12','0U8AZTODP4H0',0,NULL,'','2022-01-29 09:48:12','0U8AZTODP4H0',NULL,'',0,'','0C8AZTODP4HT','0O8G2WE71L35',1,'','0E8HEZDS0IYO',0,'GET','查询当前全部角色简要信息','projects/**/roles','0Y8HHJ47NBEX','0P8HE307W6IO',1),	 (861612644761608,'2022-01-29 09:48:21','0U8AZTODP4H0',0,NULL,'','2022-01-29 09:48:21','0U8AZTODP4H0',NULL,'',0,'','0C8AZTODP4HT','0O8G2WE71L35',1,'','0E8HEZDUIFB4',0,'POST','创建角色','projects/**/roles','0Y8HHJ47NBEY','0P8HE307W6IO',1),	 (861809903403018,'2022-02-02 13:19:01','0U8AZTODP4H0',0,NULL,'','2022-02-02 13:19:01','0U8AZTODP4H0',NULL,'',0,'','0C8AZTODP4HT','0O8G2WE71L35',1,'','0E8HHI057P4W',0,'GET','查询租户项目','projects/tenant','0Y8HHJ47NBEZ','0P8HE307W6IO',1),	 (862016664240135,'2022-02-06 21:51:46','0U8AZTODP4H0',0,NULL,'','2022-02-06 21:51:46','0U8AZTODP4H0',NULL,'',0,'','0C8AZTODP4HT','0O8G2WE71L35',1,'','0E8HK4ZKYRP1',0,'GET','查询租户用户','projects/**/users','0Y8HK4ZLA03Q','0P8HE307W6IO',1),	 (862028321783818,'2022-02-07 04:02:21','0U8AZTODP4H0',0,NULL,'','2022-02-07 04:02:21','0U8AZTODP4H0',NULL,'',0,'','0C8AZTODP4HT','0O8G2WE71L35',1,'','0E8HKACDKDTT',0,'GET','查看角色','projects/**/roles/**','0Y8HKACDVMDL','0P8HE307W6IO',1),	 (862036408401931,'2022-02-07 08:19:26','0U8AZTODP4H0',0,NULL,'','2022-02-07 08:19:26','0U8AZTODP4H0',NULL,'',0,'','0C8AZTODP4HT','0O8G2WE71L35',1,'','0E8HKE24FWU8',0,'PUT','更新角色','projects/**/roles/**','0Y8HKE24FWUI','0P8HE307W6IO',1),	 (862036445102092,'2022-02-07 08:20:36','0U8AZTODP4H0',0,NULL,'','2022-02-07 08:20:36','0U8AZTODP4H0',NULL,'',0,'','0C8AZTODP4HT','0O8G2WE71L35',1,'','0E8HKE2QAIV4',0,'DELETE','删除角色','projects/**/roles/**','0Y8HKE2QAIVF','0P8HE307W6IO',1),	 (862037661450252,'2022-02-07 08:59:15','0U8AZTODP4H0',0,NULL,'','2022-02-07 08:59:15','0U8AZTODP4H0',NULL,'',0,'','0C8AZTODP4HT','0O8G2WE71L35',1,'查询当前用户角色信息','0E8HKEMUH340',0,'GET','查询项目用户详细信息','projects/**/users/**','0Y8HKEMUH34B','0P8HE307W6IO',1),	 (862037665120268,'2022-02-07 08:59:22','0U8AZTODP4H0',0,NULL,'','2022-02-07 08:59:22','0U8AZTODP4H0',NULL,'',0,'','0C8AZTODP4HT','0O8G2WE71L35',1,'更改用户角色信息','0E8HKEMWNQWX',0,'PUT','更改项目用户信息','projects/**/users/**','0Y8HKEMWNQX7','0P8HE307W6IO',1);
INSERT INTO endpoint (id,created_at,created_by,deleted,deleted_at,deleted_by,modified_at,modified_by,restored_at,restored_by,version,cache_profile_id,client_id,cors_profile_id,csrf_enabled,description,domain_id,is_websocket,`method`,name,`path`,permission_id,project_id,secured) VALUES	 (862151434567893,'2022-02-09 16:16:01','0U8AZTODP4H0',0,NULL,NULL,'2022-02-09 16:16:01','0U8AZTODP4H0',NULL,NULL,0,NULL,'0C8AZTODP4HT','0O8G2WE71L35',1,NULL,'0E8HLUWG1UIW',0,'GET','查询单个权限信息','projects/**/permissions/**','0Y8HLUWG1UJ8','0P8HE307W6IO',1),	 (862151442432014,'2022-02-09 16:16:16','0U8AZTODP4H0',0,NULL,NULL,'2022-02-09 16:16:16','0U8AZTODP4H0',NULL,NULL,0,NULL,'0C8AZTODP4HT','0O8G2WE71L35',1,NULL,'0E8HLUWKQEIP',0,'PUT','更改单个权限信息','projects/**/permissions/**','0Y8HLUWKQEJ1','0P8HE307W6IO',1),	 (862151446102030,'2022-02-09 16:16:23','0U8AZTODP4H0',0,NULL,NULL,'2022-02-09 16:16:23','0U8AZTODP4H0',NULL,NULL,0,NULL,'0C8AZTODP4HT','0O8G2WE71L35',1,NULL,'0E8HLUWMX2BL',0,'DELETE','部分更改单个权限信息','projects/**/permissions/**','0Y8HLUWMX2BX','0P8HE307W6IO',1),	 (862151448723470,'2022-02-09 16:16:28','0U8AZTODP4H0',0,NULL,NULL,'2022-02-09 16:16:28','0U8AZTODP4H0',NULL,NULL,0,NULL,'0C8AZTODP4HT','0O8G2WE71L35',1,NULL,'0E8HLUWOH91D',0,'PATCH','删除单个权限信息','projects/**/permissions/**','0Y8HLUWOH91P','0P8HE307W6IO',1),	 (862151448723471,'2022-02-09 16:16:28','0U8AZTODP4H0',0,NULL,NULL,'2022-02-09 16:16:28','0U8AZTODP4H0',NULL,NULL,0,NULL,'0C8AZTODP4HT','0O8G2WE71L35',1,NULL,'0E8HLUWOH91E',0,'GET','查看我的用户信息','users/profile','0Y8HLUWOH92P','0P8HE307W6IO',1),	 (862382466793485,'2022-02-14 18:40:20','0U8AZTODP4H0',0,NULL,NULL,'2022-02-14 18:40:20','0U8AZTODP4H0',NULL,NULL,0,NULL,'0C8AZTODP4HT','0O8G2WE71L35',1,NULL,'0E8HOT1AO8OW',0,'GET','管理员查询任意应用简略信息','mngmt/clients','0Y8HOT1AO8P8','0P8HE307W6IO',1),	 (862382500872206,'2022-02-14 18:41:25','0U8AZTODP4H0',0,NULL,NULL,'2022-02-14 18:41:25','0U8AZTODP4H0',NULL,NULL,0,NULL,'0C8AZTODP4HT','0O8G2WE71L35',1,NULL,'0E8HOT1UYO00',0,'GET','管理员查询任意应用详细信息','mngmt/clients/**','0Y8HOT1UYO0D','0P8HE307W6IO',1),	 (862382517125133,'2022-02-14 18:41:55','0U8AZTODP4H0',0,NULL,NULL,'2022-02-14 18:41:55','0U8AZTODP4H0',NULL,NULL,0,NULL,'0C8AZTODP4HT','0O8G2WE71L35',1,NULL,'0E8HOT24N0U8',0,'GET','管理员查询任意API详细信息','mngmt/endpoints/**','0Y8HOT24N0UK','0P8HE307W6IO',1),	 (862382523940878,'2022-02-14 18:42:09','0U8AZTODP4H0',0,NULL,NULL,'2022-02-14 18:42:09','0U8AZTODP4H0',NULL,NULL,0,NULL,'0C8AZTODP4HT','0O8G2WE71L35',1,NULL,'0E8HOT28P3WG',0,'GET','管理员查询任意API简略信息','mngmt/endpoints','0Y8HOT28P3WT','0P8HE307W6IO',1),	 (862382783463438,'2022-02-14 18:50:24','0U8AZTODP4H0',0,NULL,NULL,'2022-02-14 18:50:24','0U8AZTODP4H0',NULL,NULL,0,NULL,'0C8AZTODP4HT','0O8G2WE71L35',1,NULL,'0E8HOT6J7KSH',0,'GET','管理员查询全部用户简略信息','mngmt/users','0Y8HOT6J7KST','0P8HE307W6IO',1);
INSERT INTO endpoint (id,created_at,created_by,deleted,deleted_at,deleted_by,modified_at,modified_by,restored_at,restored_by,version,cache_profile_id,client_id,cors_profile_id,csrf_enabled,description,domain_id,is_websocket,`method`,name,`path`,permission_id,project_id,secured) VALUES	 (862382792900621,'2022-02-14 18:50:41','0U8AZTODP4H0',0,NULL,NULL,'2022-02-14 18:50:41','0U8AZTODP4H0',NULL,NULL,0,NULL,'0C8AZTODP4HT','0O8G2WE71L35',1,NULL,'0E8HOT6OTUKG',0,'GET','管理员查询任意用户详细信息','mngmt/users/**','0Y8HOT6OTUKS','0P8HE307W6IO',1),	 (862402490400776,'2022-02-15 05:16:51','0U8AZTODP4H0',0,NULL,NULL,'2022-02-15 05:16:51','0U8AZTODP4H0',NULL,NULL,0,NULL,'0C8AZTODP4H5','0O8G2WE71L35',1,NULL,'0E8HP28FWEF5',0,'GET','获取系统通知','mngmt/notifications','0Y8HP28G7MYV','0P8HE307W6IO',1),	 (862446240137233,'2022-02-16 04:27:38','0U8HPG93IED3',0,NULL,NULL,'2022-02-16 04:27:38','0U8HPG93IED3',NULL,NULL,0,NULL,'0C8HPGMALL34','0O8G2WE71L35',1,NULL,'0E8HPMBZOBNL',0,'GET','获取购物车信息','cart/user','0Y8HPMBZOBO0','0P8HPG99R56P',1),	 (862469694685190,'2022-02-16 16:53:13','0U8HPG93IED3',0,NULL,NULL,'2022-02-16 16:53:13','0U8HPG93IED3',NULL,NULL,0,NULL,'0C8HPGMALL34','0O8G2WE71L35',1,'需要查看','0E8HPX3VLG5D',0,'GET','管理员获取所有地址简要信息','addresses/admin','0Y8HPX3VWOP1','0P8HPG99R56P',1),	 (862469704646672,'2022-02-16 16:53:32','0U8HPG93IED3',0,NULL,NULL,'2022-02-16 16:53:32','0U8HPG93IED3',NULL,NULL,0,NULL,'0C8HPGMALL34','0O8G2WE71L35',1,'需要查看','0E8HPX41U70G',0,'GET','管理员获取地址明细','addresses/admin/**','0Y8HPX41U70V','0P8HPG99R56P',1),	 (862469722996742,'2022-02-16 16:54:07','0U8HPG93IED3',0,NULL,NULL,'2022-02-16 16:54:07','0U8HPG93IED3',NULL,NULL,0,NULL,'0C8HPGMALL34','0O8G2WE71L35',1,NULL,'0E8HPX4CG9HD',0,'POST','用户添加地址','addresses/user','0Y8HPX4CRI11','0P8HPG99R56P',1),	 (862469746065633,'2022-02-16 16:54:52','0U8HPG93IED3',0,NULL,NULL,'2022-02-16 16:54:52','0U8HPG93IED3',NULL,NULL,0,NULL,'0C8HPGMALL34','0O8G2WE71L35',1,NULL,'0E8HPX4QHY35',0,'GET','用户获取所有地址','addresses/user','0Y8HPX4QHY3K','0P8HPG99R56P',1),	 (862469758648326,'2022-02-16 16:55:15','0U8HPG93IED3',0,NULL,NULL,'2022-02-16 16:55:15','0U8HPG93IED3',NULL,NULL,0,NULL,'0C8HPGMALL34','0O8G2WE71L35',1,NULL,'0E8HPX4XOEF5',0,'GET','用户获取地址明细','addresses/user/**','0Y8HPX4XZMYT','0P8HPG99R56P',1),	 (862469786435600,'2022-02-16 16:56:08','0U8HPG93IED3',0,NULL,NULL,'2022-02-16 16:56:08','0U8HPG93IED3',NULL,NULL,0,NULL,'0C8HPGMALL34','0O8G2WE71L35',1,NULL,'0E8HPX5EJ7R4',0,'DELETE','用户删除地址','addresses/user/**','0Y8HPX5EJ7RJ','0P8HPG99R56P',1),	 (862469789057041,'2022-02-16 16:56:14','0U8HPG93IED3',0,NULL,NULL,'2022-02-16 16:56:14','0U8HPG93IED3',NULL,NULL,0,NULL,'0C8HPGMALL34','0O8G2WE71L35',1,NULL,'0E8HPX5G3EGX',0,'PUT','用户更新地址','addresses/user/**','0Y8HPX5G3EHC','0P8HPG99R56P',1);
INSERT INTO endpoint (id,created_at,created_by,deleted,deleted_at,deleted_by,modified_at,modified_by,restored_at,restored_by,version,cache_profile_id,client_id,cors_profile_id,csrf_enabled,description,domain_id,is_websocket,`method`,name,`path`,permission_id,project_id,secured) VALUES	 (862469892341790,'2022-02-16 16:59:31','0U8HPG93IED3',0,NULL,NULL,'2022-02-16 16:59:31','0U8HPG93IED3',NULL,NULL,0,NULL,'0C8HPGLXHMET','0O8G2WE71L35',1,'需要查看','0E8HPX75L5HQ',0,'DELETE','管理员删除属性','attributes/admin','0Y8HPX75L5I5','0P8HPG99R56P',1),	 (862469943722001,'2022-02-16 17:01:09','0U8HPG93IED3',0,NULL,NULL,'2022-02-16 17:01:09','0U8HPG93IED3',NULL,NULL,0,NULL,'0C8HPGLXHMET','0O8G2WE71L35',1,'需要查看','0E8HPX806EPS',0,'POST','管理员创建属性','attributes/admin','0Y8HPX806EQ8','0P8HPG99R56P',1),	 (862469957353488,'2022-02-16 17:01:35','0U8HPG93IED3',0,NULL,NULL,'2022-02-16 17:01:35','0U8HPG93IED3',NULL,NULL,0,NULL,'0C8HPGLXHMET','0O8G2WE71L35',1,'需要查看','0E8HPX88AKU8',0,'GET','管理员获取当前所有属性简略信息','attributes/admin','0Y8HPX88AKUN','0P8HPG99R56P',1),	 (862470017122334,'2022-02-16 17:03:28','0U8HPG93IED3',0,NULL,NULL,'2022-02-16 17:03:28','0U8HPG93IED3',NULL,NULL,0,NULL,'0C8HPGLXHMET','0O8G2WE71L35',1,'需要查看','0E8HPX97VMRY',0,'GET','管理员获取单一属性明细','attributes/admin/**','0Y8HPX97VMSD','0P8HPG99R56P',1),	 (862470036520976,'2022-02-16 17:04:06','0U8HPG93IED3',0,NULL,NULL,'2022-02-16 17:04:06','0U8HPG93IED3',NULL,NULL,0,NULL,'0C8HPGLXHMET','0O8G2WE71L35',1,'需要查看','0E8HPX9JFEV4',0,'PATCH','管理员更改特定属性','attributes/admin/**','0Y8HPX9JFEVJ','0P8HPG99R56P',1),	 (862470049103888,'2022-02-16 17:04:29','0U8HPG93IED3',0,NULL,NULL,'2022-02-16 17:04:29','0U8HPG93IED3',NULL,NULL,0,NULL,'0C8HPGLXHMET','0O8G2WE71L35',1,'需要查看','0E8HPX9QX3WG',0,'PUT','管理员更新特定属性','attributes/admin/**','0Y8HPX9QX3WV','0P8HPG99R56P',1),	 (862470055919633,'2022-02-16 17:04:43','0U8HPG93IED3',0,NULL,NULL,'2022-02-16 17:04:43','0U8HPG93IED3',NULL,NULL,0,NULL,'0C8HPGLXHMET','0O8G2WE71L35',1,'需要查看','0E8HPX9UZ6YO',0,'DELETE','管理员删除特定属性','attributes/admin/**','0Y8HPX9UZ6Z4','0P8HPG99R56P',1),	 (862470498942993,'2022-02-16 17:18:48','0U8HPG93IED3',0,NULL,NULL,'2022-02-16 17:18:48','0U8HPG93IED3',NULL,NULL,0,NULL,'0C8HPGF4GBUP','0O8G2WE71L35',1,NULL,'0E8HPXH6QPZ4',0,'GET','读取取消确认订单事务','cancelConcludeOrderDtx/admin','0Y8HPXH6QPZK','0P8HPG99R56P',1),	 (862470505758736,'2022-02-16 17:19:00','0U8HPG93IED3',0,NULL,NULL,'2022-02-16 17:19:00','0U8HPG93IED3',NULL,NULL,0,NULL,'0C8HPGF4GBUP','0O8G2WE71L35',1,NULL,'0E8HPXHAST1C',0,'GET','读取取消确认订单事务明细','cancelConcludeOrderDtx/admin/**','0Y8HPXHAST1R','0P8HPG99R56P',1),	 (862470525157382,'2022-02-16 17:19:37','0U8HPG93IED3',0,NULL,NULL,'2022-02-16 17:19:37','0U8HPG93IED3',NULL,NULL,0,NULL,'0C8HPGF4GBUP','0O8G2WE71L35',1,NULL,'0E8HPXHM1CLD',0,'POST','标记取消确认订单事务为已解决','cancelConcludeOrderDtx/admin/**/resolve','0Y8HPXHMCL51','0P8HPG99R56P',1);
INSERT INTO endpoint (id,created_at,created_by,deleted,deleted_at,deleted_by,modified_at,modified_by,restored_at,restored_by,version,cache_profile_id,client_id,cors_profile_id,csrf_enabled,description,domain_id,is_websocket,`method`,name,`path`,permission_id,project_id,secured) VALUES	 (862470544556229,'2022-02-16 17:20:15','0U8HPG93IED3',0,NULL,NULL,'2022-02-16 17:20:15','0U8HPG93IED3',NULL,NULL,0,NULL,'0C8HPGF4GBUP','0O8G2WE71L35',1,NULL,'0E8HPXHXWDDH',0,'GET','读取取消确认支付订单事务','cancelConfirmOrderPaymentDtx/admin','0Y8HPXHXWDDW','0P8HPG99R56P',1),	 (862470557138960,'2022-02-16 17:20:39','0U8HPG93IED3',0,NULL,NULL,'2022-02-16 17:20:39','0U8HPG93IED3',NULL,NULL,0,NULL,'0C8HPGF4GBUP','0O8G2WE71L35',1,NULL,'0E8HPXI5E29S',0,'GET','读取取消确认支付订单事务明细','cancelConfirmOrderPaymentDtx/admin/**','0Y8HPXI5E2A7','0P8HPG99R56P',1),	 (862470570246160,'2022-02-16 17:21:04','0U8HPG93IED3',0,NULL,NULL,'2022-02-16 17:21:04','0U8HPG93IED3',NULL,NULL,0,NULL,'0C8HPGF4GBUP','0O8G2WE71L35',1,NULL,'0E8HPXID6ZUO',0,'POST','标记取消确认支付订单事务为已解决','cancelConfirmOrderPaymentDtx/admin/**/resolve','0Y8HPXID6ZV3','0P8HPG99R56P',1),	 (862470586499088,'2022-02-16 17:21:34','0U8HPG93IED3',0,NULL,NULL,'2022-02-16 17:21:34','0U8HPG93IED3',NULL,NULL,0,NULL,'0C8HPGF4GBUP','0O8G2WE71L35',1,NULL,'0E8HPXIMVCOW',0,'GET','获取取消创建订单事务','cancelCreateOrderDtx/admin','0Y8HPXIMVCPB','0P8HPG99R56P',1),	 (862470592266256,'2022-02-16 17:21:46','0U8HPG93IED3',0,NULL,NULL,'2022-02-16 17:21:46','0U8HPG93IED3',NULL,NULL,0,NULL,'0C8HPGF4GBUP','0O8G2WE71L35',1,NULL,'0E8HPXIQAYO0',0,'GET','获取取消创建订单事务明细','cancelCreateOrderDtx/admin/**','0Y8HPXIQAYOF','0P8HPG99R56P',1),	 (862470605373456,'2022-02-16 17:22:11','0U8HPG93IED3',0,NULL,NULL,'2022-02-16 17:22:11','0U8HPG93IED3',NULL,NULL,0,NULL,'0C8HPGF4GBUP','0O8G2WE71L35',1,NULL,'0E8HPXIY3W8W',0,'GET','标记取消创建订单事务为已解决','cancelCreateOrderDtx/admin/**/resolve','0Y8HPXIY3W9B','0P8HPG99R56P',1),	 (862470659899589,'2022-02-16 17:23:55','0U8HPG93IED3',0,NULL,NULL,'2022-02-16 17:23:55','0U8HPG93IED3',NULL,NULL,0,NULL,'0C8HPGF4GBUP','0O8G2WE71L35',1,NULL,'0E8HPXJUKKVP',0,'GET','获取取消注销订单事务','cancelInvalidOrderDtx/admin','0Y8HPXJUKKW4','0P8HPG99R56P',1),	 (862470665142289,'2022-02-16 17:24:05','0U8HPG93IED3',0,NULL,NULL,'2022-02-16 17:24:05','0U8HPG93IED3',NULL,NULL,0,NULL,'0C8HPGF4GBUP','0O8G2WE71L35',1,NULL,'0E8HPXJXOY68',0,'GET','获取取消注销订单事务明细','cancelInvalidOrderDtx/admin/**','0Y8HPXJXOY6O','0P8HPG99R56P',1),	 (862470678249488,'2022-02-16 17:24:30','0U8HPG93IED3',0,NULL,NULL,'2022-02-16 17:24:30','0U8HPG93IED3',NULL,NULL,0,NULL,'0C8HPGF4GBUP','0O8G2WE71L35',1,NULL,'0E8HPXK5HVR4',0,'POST','标记取消注销订单事务为已解决','cancelInvalidOrderDtx/admin/**/resolve','0Y8HPXK5HVRJ','0P8HPG99R56P',1),	 (862470695026704,'2022-02-16 17:25:01','0U8HPG93IED3',0,NULL,NULL,'2022-02-16 17:25:01','0U8HPG93IED3',NULL,NULL,0,NULL,'0C8HPGF4GBUP','0O8G2WE71L35',1,NULL,'0E8HPXKFHH4W',0,'GET','获取取消回收订单事务','cancelRecycleOrderDtx/admin','0Y8HPXKFHH5B','0P8HPG99R56P',1);
INSERT INTO endpoint (id,created_at,created_by,deleted,deleted_at,deleted_by,modified_at,modified_by,restored_at,restored_by,version,cache_profile_id,client_id,cors_profile_id,csrf_enabled,description,domain_id,is_websocket,`method`,name,`path`,permission_id,project_id,secured) VALUES	 (862470700269585,'2022-02-16 17:25:12','0U8HPG93IED3',0,NULL,NULL,'2022-02-16 17:25:12','0U8HPG93IED3',NULL,NULL,0,NULL,'0C8HPGF4GBUP','0O8G2WE71L35',1,NULL,'0E8HPXKILUKG',0,'GET','获取取消回收订单事务明细','cancelRecycleOrderDtx/admin/**','0Y8HPXKILUKW','0P8HPG99R56P',1),	 (862470721765382,'2022-02-16 17:25:52','0U8HPG93IED3',0,NULL,NULL,'2022-02-16 17:25:52','0U8HPG93IED3',NULL,NULL,0,NULL,'0C8HPGF4GBUP','0O8G2WE71L35',1,NULL,'0E8HPXKV3CAP',0,'POST','标记取消回收订单事务为已解决','cancelRecycleOrderDtx/admin/**','0Y8HPXKVEKUD','0P8HPG99R56P',1),	 (862470741688335,'2022-02-16 17:26:30','0U8HPG93IED3',0,NULL,NULL,'2022-02-16 17:26:30','0U8HPG93IED3',NULL,NULL,0,NULL,'0C8HPGF4GBUP','0O8G2WE71L35',1,NULL,'0E8HPXL6YCXT',0,'GET','获取取消预留订单事务','cancelReserveOrderDtx/admin','0Y8HPXL79LHQ','0P8HPG99R56P',1),	 (862470745882630,'2022-02-16 17:26:38','0U8HPG93IED3',0,NULL,NULL,'2022-02-16 17:26:38','0U8HPG93IED3',NULL,NULL,0,NULL,'0C8HPGF4GBUP','0O8G2WE71L35',1,NULL,'0E8HPXL9G9A8',0,'GET','获取取消预留订单事务明细','cancelReserveOrderDtx/admin/**','0Y8HPXL9RHTX','0P8HPG99R56P',1),	 (862470774194401,'2022-02-16 17:27:33','0U8HPG93IED3',0,NULL,NULL,'2022-02-16 17:27:33','0U8HPG93IED3',NULL,NULL,0,NULL,'0C8HPGF4GBUP','0O8G2WE71L35',1,NULL,'0E8HPXLQMBBK',0,'POST','标记取消预留订单事务为已解决','cancelReserveOrderDtx/admin/**/resolve','0Y8HPXLQMBC0','0P8HPG99R56P',1),	 (862470814040080,'2022-02-16 17:28:48','0U8HPG93IED3',0,NULL,NULL,'2022-02-16 17:28:48','0U8HPG93IED3',NULL,NULL,0,NULL,'0C8HPGF4GBUP','0O8G2WE71L35',1,NULL,'0E8HPXMECCG0',0,'GET','获取取消更新订单地址事务','cancelUpdateOrderAddressDtx/admin','0Y8HPXMECCGF','0P8HPG99R56P',1),	 (862470820855825,'2022-02-16 17:29:02','0U8HPG93IED3',0,NULL,NULL,'2022-02-16 17:29:02','0U8HPG93IED3',NULL,NULL,0,NULL,'0C8HPGF4GBUP','0O8G2WE71L35',1,NULL,'0E8HPXMIEFI8',0,'GET','获取取消更新订单地址事务明细','cancelUpdateOrderAddressDtx/admin/**','0Y8HPXMIEFIO','0P8HPG99R56P',1),	 (862470832390160,'2022-02-16 17:29:24','0U8HPG93IED3',0,NULL,NULL,'2022-02-16 17:29:24','0U8HPG93IED3',NULL,NULL,0,NULL,'0C8HPGF4GBUP','0O8G2WE71L35',1,NULL,'0E8HPXMP9NGG',0,'POST','标记取消更新订单地址事务为已解决','cancelUpdateOrderAddressDtx/admin/**/resolve','0Y8HPXMP9NGV','0P8HPG99R56P',1),	 (862470863847425,'2022-02-16 17:30:23','0U8HPG93IED3',0,NULL,NULL,'2022-02-16 17:30:23','0U8HPG93IED3',NULL,NULL,0,NULL,'0C8HPGMALL34','0O8G2WE71L35',1,NULL,'0E8HPXN7ONI8',0,'DELETE','系统清空购物车','cart/app','0Y8HPXN7ZW1S','0P8HPG99R56P',1),	 (862470881149153,'2022-02-16 17:30:57','0U8HPG93IED3',0,NULL,NULL,'2022-02-16 17:30:57','0U8HPG93IED3',NULL,NULL,0,NULL,'0C8HPGMALL34','0O8G2WE71L35',1,NULL,'0E8HPXNIAQ4W',0,'POST','用户添加商品到购物车','cart/user','0Y8HPXNIAQ5C','0P8HPG99R56P',1);
INSERT INTO endpoint (id,created_at,created_by,deleted,deleted_at,deleted_by,modified_at,modified_by,restored_at,restored_by,version,cache_profile_id,client_id,cors_profile_id,csrf_enabled,description,domain_id,is_websocket,`method`,name,`path`,permission_id,project_id,secured) VALUES	 (862470894256134,'2022-02-16 17:31:21','0U8HPG93IED3',0,NULL,NULL,'2022-02-16 17:31:21','0U8HPG93IED3',NULL,NULL,0,NULL,'0C8HPGMALL34','0O8G2WE71L35',1,NULL,'0E8HPXNPSF0H',0,'DELETE','用户删除购物车商品','cart/user/**','0Y8HPXNQ3NK5','0P8HPG99R56P',1),	 (862470929383440,'2022-02-16 17:32:28','0U8HPG93IED3',0,NULL,NULL,'2022-02-16 17:32:28','0U8HPG93IED3',NULL,NULL,0,NULL,'0C8HPGLXHMET','0O8G2WE71L35',1,'需要查看','0E8HPXOB0JY8',0,'DELETE','管理员删除目录','catalogs/admin','0Y8HPXOB0JYN','0P8HPG99R56P',1),	 (862470952452112,'2022-02-16 17:33:13','0U8HPG93IED3',0,NULL,NULL,'2022-02-16 17:33:13','0U8HPG93IED3',NULL,NULL,0,NULL,'0C8HPGLXHMET','0O8G2WE71L35',1,NULL,'0E8HPXOOQZUO',0,'GET','管理员获取商品目录','catalogs/admin','0Y8HPXOOQZV3','0P8HPG99R56P',1),	 (862470959267857,'2022-02-16 17:33:26','0U8HPG93IED3',0,NULL,NULL,'2022-02-16 17:33:26','0U8HPG93IED3',NULL,NULL,0,NULL,'0C8HPGLXHMET','0O8G2WE71L35',1,NULL,'0E8HPXOST2WW',0,'POST','管理员创建商品目录','catalogs/admin','0Y8HPXOST2XC','0P8HPG99R56P',1),	 (862470971850768,'2022-02-16 17:33:50','0U8HPG93IED3',0,NULL,NULL,'2022-02-16 17:33:50','0U8HPG93IED3',NULL,NULL,0,NULL,'0C8HPGLXHMET','0O8G2WE71L35',1,NULL,'0E8HPXP0ARY8',0,'PATCH','管理员部分更新商品目录','catalogs/admin/**','0Y8HPXP0ARYN','0P8HPG99R56P',1),	 (862470983385285,'2022-02-16 17:34:12','0U8HPG93IED3',0,NULL,NULL,'2022-02-16 17:34:12','0U8HPG93IED3',NULL,NULL,0,NULL,'0C8HPGLXHMET','0O8G2WE71L35',1,NULL,'0E8HPXP7601H',0,'GET','管理员获取商品目录明细','catalogs/admin/**','0Y8HPXP7601W','0P8HPG99R56P',1),	 (862470998589456,'2022-02-16 17:34:41','0U8HPG93IED3',0,NULL,NULL,'2022-02-16 17:34:41','0U8HPG93IED3',NULL,NULL,0,NULL,'0C8HPGLXHMET','0O8G2WE71L35',1,NULL,'0E8HPXPG7VNK',0,'DELETE','管理员删除特定商品目录','catalogs/admin/**','0Y8HPXPG7VNZ','0P8HPG99R56P',1),	 (862471005405200,'2022-02-16 17:34:53','0U8HPG93IED3',0,NULL,NULL,'2022-02-16 17:34:53','0U8HPG93IED3',NULL,NULL,0,NULL,'0C8HPGLXHMET','0O8G2WE71L35',1,NULL,'0E8HPXPK9YPS',0,'PUT','管理员更新特定商品目录','catalogs/admin/**','0Y8HPXPK9YQ7','0P8HPG99R56P',1),	 (862471028998159,'2022-02-16 17:35:39','0U8HPG93IED3',0,NULL,NULL,'2022-02-16 21:39:37','0U8HPG93IED3',NULL,NULL,1,NULL,'0C8HPGLXHMET','0O8G2WE71L35',1,NULL,'0E8HPXPYBN5S',0,'GET','获取商城商品目录信息','catalogs/public',NULL,'0P8HPG99R56P',0),	 (862471117603041,'2022-02-16 17:38:28','0U8HPG93IED3',0,NULL,NULL,'2022-02-16 17:38:28','0U8HPG93IED3',NULL,NULL,0,NULL,'0C8HPGF4GBUP','0O8G2WE71L35',1,NULL,'0E8HPXRF2R4G',0,'GET','获取该系统改动','changes/root','0Y8HPXRF2R4W','0P8HPG99R56P',1);
INSERT INTO endpoint (id,created_at,created_by,deleted,deleted_at,deleted_by,modified_at,modified_by,restored_at,restored_by,version,cache_profile_id,client_id,cors_profile_id,csrf_enabled,description,domain_id,is_websocket,`method`,name,`path`,permission_id,project_id,secured) VALUES	 (862471126515728,'2022-02-16 17:38:45','0U8HPG93IED3',0,NULL,NULL,'2022-02-16 17:38:45','0U8HPG93IED3',NULL,NULL,0,NULL,'0C8HPGLXHMET','0O8G2WE71L35',1,NULL,'0E8HPXRKDS74',0,'GET','获取该商城服务系统改动','changes/root','0Y8HPXRKDS7J','0P8HPG99R56P',1),	 (862471130710032,'2022-02-16 17:38:53','0U8HPG93IED3',0,NULL,NULL,'2022-02-16 17:38:53','0U8HPG93IED3',NULL,NULL,0,NULL,'0C8HPGESA2O1','0O8G2WE71L35',1,NULL,'0E8HPXRMVOJK',0,'GET','获取该图片服务系统改动','changes/root','0Y8HPXRMVOJZ','0P8HPG99R56P',1),	 (862471134904326,'2022-02-16 17:39:00','0U8HPG93IED3',0,NULL,NULL,'2022-02-16 17:39:00','0U8HPG93IED3',NULL,NULL,0,NULL,'0C8HPGEMCKCH','0O8G2WE71L35',1,NULL,'0E8HPXRP2CCH',0,'GET','获取该支付服务系统改动','changes/root','0Y8HPXRPDKW5','0P8HPG99R56P',1),	 (862471138574353,'2022-02-16 17:39:08','0U8HPG93IED3',0,NULL,NULL,'2022-02-16 17:39:08','0U8HPG93IED3',NULL,NULL,0,NULL,'0C8HPGMALL34','0O8G2WE71L35',1,NULL,'0E8HPXRRK8OW',0,'GET','获取该订单服务系统改动','changes/root','0Y8HPXRRK8PC','0P8HPG99R56P',1),	 (862471172128785,'2022-02-16 17:40:12','0U8HPG93IED3',0,NULL,NULL,'2022-02-16 17:40:12','0U8HPG93IED3',NULL,NULL,0,NULL,'0C8HPGF4GBUP','0O8G2WE71L35',1,NULL,'0E8HPXSBJFGG',0,'GET','读取确认订单事务','concludeOrderDtx/admin','0Y8HPXSBJFGW','0P8HPG99R56P',1),	 (862471178944528,'2022-02-16 17:40:24','0U8HPG93IED3',0,NULL,NULL,'2022-02-16 17:40:24','0U8HPG93IED3',NULL,NULL,0,NULL,'0C8HPGF4GBUP','0O8G2WE71L35',1,NULL,'0E8HPXSFLIIO',0,'GET','读取确认订单事务明细','concludeOrderDtx/admin/**','0Y8HPXSFLIJ3','0P8HPG99R56P',1),	 (862471192576016,'2022-02-16 17:40:51','0U8HPG93IED3',0,NULL,NULL,'2022-02-16 17:40:51','0U8HPG93IED3',NULL,NULL,0,NULL,'0C8HPGF4GBUP','0O8G2WE71L35',1,NULL,'0E8HPXSNPON4',0,'POST','取消特定确认订单事务','concludeOrderDtx/admin/**/cancel','0Y8HPXSNPONJ','0P8HPG99R56P',1),	 (862471208828944,'2022-02-16 17:41:22','0U8HPG93IED3',0,NULL,NULL,'2022-02-16 17:41:22','0U8HPG93IED3',NULL,NULL,0,NULL,'0C8HPGF4GBUP','0O8G2WE71L35',1,NULL,'0E8HPXSXE1HC',0,'GET','读取确认支付订单事务','confirmOrderPaymentDtx/admin','0Y8HPXSXE1HR','0P8HPG99R56P',1),	 (862471216169157,'2022-02-16 17:41:35','0U8HPG93IED3',0,NULL,NULL,'2022-02-16 17:41:35','0U8HPG93IED3',NULL,NULL,0,NULL,'0C8HPGF4GBUP','0O8G2WE71L35',1,NULL,'0E8HPXT1RD85',0,'GET','读取特定确认支付订单事务','confirmOrderPaymentDtx/admin/**','0Y8HPXT1RD8K','0P8HPG99R56P',1),	 (862471225606161,'2022-02-16 17:41:54','0U8HPG93IED3',0,NULL,NULL,'2022-02-16 17:41:54','0U8HPG93IED3',NULL,NULL,0,NULL,'0C8HPGF4GBUP','0O8G2WE71L35',1,NULL,'0E8HPXT7DMV4',0,'POST','取消特定确认支付订单事务','confirmOrderPaymentDtx/admin/**/cancel','0Y8HPXT7DMVK','0P8HPG99R56P',1);
INSERT INTO endpoint (id,created_at,created_by,deleted,deleted_at,deleted_by,modified_at,modified_by,restored_at,restored_by,version,cache_profile_id,client_id,cors_profile_id,csrf_enabled,description,domain_id,is_websocket,`method`,name,`path`,permission_id,project_id,secured) VALUES	 (862471241334800,'2022-02-16 17:42:23','0U8HPG93IED3',0,NULL,NULL,'2022-02-16 17:42:23','0U8HPG93IED3',NULL,NULL,0,NULL,'0C8HPGF4GBUP','0O8G2WE71L35',1,NULL,'0E8HPXTGQR5S',0,'GET','获取创建订单事务','createOrderDtx/admin','0Y8HPXTGQR67','0P8HPG99R56P',1),	 (862471259684880,'2022-02-16 17:42:59','0U8HPG93IED3',0,NULL,NULL,'2022-02-16 17:42:59','0U8HPG93IED3',NULL,NULL,0,NULL,'0C8HPGF4GBUP','0O8G2WE71L35',1,NULL,'0E8HPXTRO268',0,'GET','获取创建订单事务明细','createOrderDtx/admin/**','0Y8HPXTRO26N','0P8HPG99R56P',1),	 (862471270694928,'2022-02-16 17:43:19','0U8HPG93IED3',0,NULL,NULL,'2022-02-16 17:43:40','0U8HPG93IED3',NULL,NULL,1,NULL,'0C8HPGF4GBUP','0O8G2WE71L35',1,NULL,'0E8HPXTY81KW',0,'GET','取消特定创建订单事务','createOrderDtx/admin/**/cancel','0Y8HPXTY81LB','0P8HPG99R56P',1),	 (862471319978181,'2022-02-16 17:44:54','0U8HPG93IED3',0,NULL,NULL,'2022-02-16 17:44:54','0U8HPG93IED3',NULL,NULL,0,NULL,'0C8HPGESA2O1','0O8G2WE71L35',1,'需要查看','0E8HPXURKCS5',0,'POST','内部储存文件','files/app','0Y8HPXURKCSK','0P8HPG99R56P',1),	 (862471340425231,'2022-02-16 17:45:32','0U8HPG93IED3',0,NULL,NULL,'2022-02-16 17:45:32','0U8HPG93IED3',NULL,NULL,0,NULL,'0C8HPGESA2O1','0O8G2WE71L35',1,NULL,'0E8HPXV3QLTS',0,'GET','获取文件公共端口','files/public/**',NULL,'0P8HPG99R56P',0),	 (862471359823888,'2022-02-16 17:46:09','0U8HPG93IED3',0,NULL,NULL,'2022-02-16 17:46:09','0U8HPG93IED3',NULL,NULL,0,NULL,'0C8HPGLXHMET','0O8G2WE71L35',1,NULL,'0E8HPXVFADXC',0,'GET','读取商城目录过滤器','filters/admin','0Y8HPXVFADXR','0P8HPG99R56P',1),	 (862471366115334,'2022-02-16 17:46:21','0U8HPG93IED3',0,NULL,NULL,'2022-02-16 17:46:21','0U8HPG93IED3',NULL,NULL,0,NULL,'0C8HPGLXHMET','0O8G2WE71L35',1,NULL,'0E8HPXVIPZWH',0,'POST','创建商城目录过滤器','filters/admin','0Y8HPXVJ18G5','0P8HPG99R56P',1),	 (862471374503952,'2022-02-16 17:46:37','0U8HPG93IED3',0,NULL,NULL,'2022-02-16 17:46:37','0U8HPG93IED3',NULL,NULL,0,NULL,'0C8HPGLXHMET','0O8G2WE71L35',1,NULL,'0E8HPXVO114W',0,'DELETE','删除商城目录过滤器','filters/admin','0Y8HPXVO115B','0P8HPG99R56P',1),	 (862471386038288,'2022-02-16 17:47:00','0U8HPG93IED3',0,NULL,NULL,'2022-02-16 17:47:00','0U8HPG93IED3',NULL,NULL,0,NULL,'0C8HPGLXHMET','0O8G2WE71L35',1,NULL,'0E8HPXVUW934',0,'PATCH','更改部分商城目录过滤器','filters/admin/**','0Y8HPXVUW93J','0P8HPG99R56P',1),	 (862471397048336,'2022-02-16 17:47:21','0U8HPG93IED3',0,NULL,NULL,'2022-02-16 17:47:21','0U8HPG93IED3',NULL,NULL,0,NULL,'0C8HPGLXHMET','0O8G2WE71L35',1,NULL,'0E8HPXW1G8HS',0,'GET','读取特定商城目录过滤器','filters/admin/**','0Y8HPXW1G8I7','0P8HPG99R56P',1);
INSERT INTO endpoint (id,created_at,created_by,deleted,deleted_at,deleted_by,modified_at,modified_by,restored_at,restored_by,version,cache_profile_id,client_id,cors_profile_id,csrf_enabled,description,domain_id,is_websocket,`method`,name,`path`,permission_id,project_id,secured) VALUES	 (862471405961231,'2022-02-16 17:47:37','0U8HPG93IED3',0,NULL,NULL,'2022-02-16 17:47:37','0U8HPG93IED3',NULL,NULL,0,NULL,'0C8HPGLXHMET','0O8G2WE71L35',1,NULL,'0E8HPXW6G16P',0,'DELETE','删除特定商城目录过滤器','filters/admin/**','0Y8HPXW6R9QM','0P8HPG99R56P',1),	 (862471422738438,'2022-02-16 17:48:09','0U8HPG93IED3',0,NULL,NULL,'2022-02-16 17:48:09','0U8HPG93IED3',NULL,NULL,0,NULL,'0C8HPGLXHMET','0O8G2WE71L35',1,NULL,'0E8HPXWGFMQ9',0,'PUT','更新特定商城目录过滤器','filters/admin/**','0Y8HPXWGQV45','0P8HPG99R56P',1),	 (862471440564229,'2022-02-16 17:48:43','0U8HPG93IED3',0,NULL,NULL,'2022-02-16 17:48:43','0U8HPG93IED3',NULL,NULL,0,NULL,'0C8HPGLXHMET','0O8G2WE71L35',1,NULL,'0E8HPXWR1P1D',0,'GET','获取商城过滤器配置','filters/public',NULL,'0P8HPG99R56P',0),	 (862471489847312,'2022-02-16 17:50:18','0U8HPG93IED3',0,NULL,NULL,'2022-02-16 17:50:18','0U8HPG93IED3',NULL,NULL,0,NULL,'0C8HPGF4GBUP','0O8G2WE71L35',1,NULL,'0E8HPXXKP8N4',0,'POST','取消特定注销订单事务','invalidOrderDtx/admin/**/cancel','0Y8HPXXKP8NJ','0P8HPG99R56P',1),	 (862471724728337,'2022-02-16 17:57:46','0U8HPG93IED3',0,NULL,NULL,'2022-02-16 17:57:46','0U8HPG93IED3',NULL,NULL,0,NULL,'0C8HPGF4GBUP','0O8G2WE71L35',1,NULL,'0E8HPY1GJK01',0,'GET','读取注销订单事务','invalidOrderDtx/admin','0Y8HPY1GJK0G','0P8HPG99R56P',1),	 (862471732592657,'2022-02-16 17:58:01','0U8HPG93IED3',0,NULL,NULL,'2022-02-16 17:58:01','0U8HPG93IED3',NULL,NULL,0,NULL,'0C8HPGF4GBUP','0O8G2WE71L35',1,NULL,'0E8HPY1L845D',0,'GET','读取特定注销订单事务','invalidOrderDtx/admin/**','0Y8HPY1L845S','0P8HPG99R56P',1),	 (862471786594421,'2022-02-16 17:59:43','0U8HPG93IED3',0,NULL,NULL,'2022-02-16 18:03:23','0U8HPG93IED3',NULL,NULL,1,NULL,'0C8HPGF4GBUP','0O8G2WE71L35',1,NULL,'0E8HPY2HDK6D',0,'GET','读取分布式事务服务系统事件','mngmt/events','0Y8HPY2HDK6S','0P8HPG99R56P',1),	 (862471789215761,'2022-02-16 17:59:49','0U8HPG93IED3',0,NULL,NULL,'2022-02-16 18:03:14','0U8HPG93IED3',NULL,NULL,1,NULL,'0C8HPGLXHMET','0O8G2WE71L35',1,NULL,'0E8HPY2IXQTD',0,'GET','读取商城服务系统事件','mngmt/events','0Y8HPY2IXQTS','0P8HPG99R56P',1),	 (862471791837201,'2022-02-16 17:59:53','0U8HPG93IED3',0,NULL,NULL,'2022-02-16 18:03:07','0U8HPG93IED3',NULL,NULL,1,NULL,'0C8HPGESA2O1','0O8G2WE71L35',1,NULL,'0E8HPY2KHXJ5',0,'GET','读取图片服务系统事件','mngmt/events','0Y8HPY2KHXJK','0P8HPG99R56P',1),	 (862471793934353,'2022-02-16 17:59:58','0U8HPG93IED3',0,NULL,NULL,'2022-02-16 18:02:58','0U8HPG93IED3',NULL,NULL,1,NULL,'0C8HPGEMCKCH','0O8G2WE71L35',1,NULL,'0E8HPY2LQVPD',0,'GET','读取支付服务系统事件','mngmt/events','0Y8HPY2LQVPS','0P8HPG99R56P',1);
INSERT INTO endpoint (id,created_at,created_by,deleted,deleted_at,deleted_by,modified_at,modified_by,restored_at,restored_by,version,cache_profile_id,client_id,cors_profile_id,csrf_enabled,description,domain_id,is_websocket,`method`,name,`path`,permission_id,project_id,secured) VALUES	 (862471797604353,'2022-02-16 18:00:04','0U8HPG93IED3',0,NULL,NULL,'2022-02-16 18:02:51','0U8HPG93IED3',NULL,NULL,1,NULL,'0C8HPGMALL34','0O8G2WE71L35',1,NULL,'0E8HPY2NMAYP',0,'GET','读取订单服务系统事件','mngmt/events','0Y8HPY2NXJI8','0P8HPG99R56P',1),	 (862471818575879,'2022-02-16 18:00:44','0U8HPG93IED3',0,NULL,NULL,'2022-02-16 18:02:23','0U8HPG93IED3',NULL,NULL,1,NULL,'0C8HPGMALL34','0O8G2WE71L35',1,NULL,'0E8HPY303SOX',0,'POST','重试订单服务某一系统事件','mngmt/events/**/retry','0Y8HPY30F18M','0P8HPG99R56P',1),	 (862471826440209,'2022-02-16 18:01:00','0U8HPG93IED3',0,NULL,NULL,'2022-02-16 18:02:15','0U8HPG93IED3',NULL,NULL,1,NULL,'0C8HPGEMCKCH','0O8G2WE71L35',1,NULL,'0E8HPY353LDT',0,'POST','重试支付服务某一系统事件','mngmt/events/**/retry','0Y8HPY353LE8','0P8HPG99R56P',1),	 (862471829061649,'2022-02-16 18:01:04','0U8HPG93IED3',0,NULL,NULL,'2022-02-16 18:02:06','0U8HPG93IED3',NULL,NULL,1,NULL,'0C8HPGESA2O1','0O8G2WE71L35',1,NULL,'0E8HPY36NS3K',0,'POST','重试图片服务某一系统事件','mngmt/events/**/retry','0Y8HPY36NS40','0P8HPG99R56P',1),	 (862471831158801,'2022-02-16 18:01:09','0U8HPG93IED3',0,NULL,NULL,'2022-02-16 18:02:00','0U8HPG93IED3',NULL,NULL,1,NULL,'0C8HPGLXHMET','0O8G2WE71L35',1,NULL,'0E8HPY37WQ9T',0,'POST','重试商城服务某一系统事件','mngmt/events/**/retry','0Y8HPY37WQA8','0P8HPG99R56P',1),	 (862471833780230,'2022-02-16 18:01:13','0U8HPG93IED3',0,NULL,NULL,'2022-02-16 18:01:48','0U8HPG93IED3',NULL,NULL,1,NULL,'0C8HPGF4GBUP','0O8G2WE71L35',1,NULL,'0E8HPY395OG1',0,'POST','重试分布式事务服务某一系统事件','mngmt/events/**/retry','0Y8HPY39GWZP','0P8HPG99R56P',1),	 (862473202171921,'2022-02-16 18:44:44','0U8HPG93IED3',0,NULL,NULL,'2022-02-16 18:44:44','0U8HPG93IED3',NULL,NULL,0,NULL,'0C8HPGMALL34','0O8G2WE71L35',1,NULL,'0E8HPYPW6ARL',0,'GET','管理员获取当前全部订单','orders/admin','0Y8HPYPW6AS0','0P8HPG99R56P',1),	 (862473210036241,'2022-02-16 18:44:58','0U8HPG93IED3',0,NULL,NULL,'2022-02-16 18:44:58','0U8HPG93IED3',NULL,NULL,0,NULL,'0C8HPGMALL34','0O8G2WE71L35',1,NULL,'0E8HPYQ0UUWX',0,'GET','管理员获取特定订单','orders/admin/**','0Y8HPYQ0UUXC','0P8HPG99R56P',1),	 (862473264562193,'2022-02-16 18:46:42','0U8HPG93IED3',0,NULL,NULL,'2022-02-16 18:46:42','0U8HPG93IED3',NULL,NULL,0,NULL,'0C8HPGMALL34','0O8G2WE71L35',1,NULL,'0E8HPYQXBJEP',0,'DELETE','管理员删除特定订单','orders/admin/**','0Y8HPYQXBJF4','0P8HPG99R56P',1),	 (862473281863878,'2022-02-16 18:47:16','0U8HPG93IED3',0,NULL,NULL,'2022-02-16 18:47:16','0U8HPG93IED3',NULL,NULL,0,NULL,'0C8HPGMALL34','0O8G2WE71L35',1,NULL,'0E8HPYR7MDH2',0,'POST','系统创建订单','orders/app','0Y8HPYR7MDHH','0P8HPG99R56P',1);
INSERT INTO endpoint (id,created_at,created_by,deleted,deleted_at,deleted_by,modified_at,modified_by,restored_at,restored_by,version,cache_profile_id,client_id,cors_profile_id,csrf_enabled,description,domain_id,is_websocket,`method`,name,`path`,permission_id,project_id,secured) VALUES	 (862473296019473,'2022-02-16 18:47:43','0U8HPG93IED3',0,NULL,NULL,'2022-02-16 18:47:43','0U8HPG93IED3',NULL,NULL,0,NULL,'0C8HPGMALL34','0O8G2WE71L35',1,NULL,'0E8HPYRG1S01',0,'PUT','系统更新订单','orders/app/**','0Y8HPYRG1S0G','0P8HPG99R56P',1),	 (862473310699537,'2022-02-16 18:48:11','0U8HPG93IED3',0,NULL,NULL,'2022-02-16 18:48:11','0U8HPG93IED3',NULL,NULL,0,NULL,'0C8HPGMALL34','0O8G2WE71L35',1,NULL,'0E8HPYROSF7L',0,'POST','系统验证订单','orders/app/validate','0Y8HPYROSF80','0P8HPG99R56P',1),	 (862473430761478,'2022-02-16 18:51:59','0U8HPG93IED3',0,NULL,NULL,'2022-02-16 18:51:59','0U8HPG93IED3',NULL,NULL,0,NULL,'0C8HPGMALL34','0O8G2WE71L35',1,NULL,'0E8HPYTNYJ81',0,'GET','用户查询我的订单','orders/user','0Y8HPYTO9RLX','0P8HPG99R56P',1),	 (862473436528657,'2022-02-16 18:52:11','0U8HPG93IED3',0,NULL,NULL,'2022-02-16 18:52:11','0U8HPG93IED3',NULL,NULL,0,NULL,'0C8HPGMALL34','0O8G2WE71L35',1,NULL,'0E8HPYTRPDKX',0,'POST','用户下订单','orders/user','0Y8HPYTRPDLC','0P8HPG99R56P',1),	 (862473455927313,'2022-02-16 18:52:48','0U8HPG93IED3',0,NULL,NULL,'2022-02-16 18:52:48','0U8HPG93IED3',NULL,NULL,0,NULL,'0C8HPGMALL34','0O8G2WE71L35',1,NULL,'0E8HPYU395OH',0,'PUT','用户更新订单','orders/user/**','0Y8HPYU395OW','0P8HPG99R56P',1),	 (862473464840209,'2022-02-16 18:53:04','0U8HPG93IED3',0,NULL,NULL,'2022-02-16 18:53:04','0U8HPG93IED3',NULL,NULL,0,NULL,'0C8HPGMALL34','0O8G2WE71L35',1,NULL,'0E8HPYU8K6WW',0,'DELETE','用户删除订单','orders/user/**','0Y8HPYU8K6XC','0P8HPG99R56P',1),	 (862473474277393,'2022-02-16 18:53:22','0U8HPG93IED3',0,NULL,NULL,'2022-02-16 18:53:22','0U8HPG93IED3',NULL,NULL,0,NULL,'0C8HPGMALL34','0O8G2WE71L35',1,NULL,'0E8HPYUE6GOW',0,'GET','用户读取订单详情','orders/user/**','0Y8HPYUE6GPC','0P8HPG99R56P',1),	 (862473487384593,'2022-02-16 18:53:47','0U8HPG93IED3',0,NULL,NULL,'2022-02-16 18:53:47','0U8HPG93IED3',NULL,NULL,0,NULL,'0C8HPGMALL34','0O8G2WE71L35',1,NULL,'0E8HPYULZE9T',0,'PUT','用户确认支付订单','orders/user/**/confirm','0Y8HPYULZEA8','0P8HPG99R56P',1),	 (862473496821777,'2022-02-16 18:54:05','0U8HPG93IED3',0,NULL,NULL,'2022-02-16 18:54:05','0U8HPG93IED3',NULL,NULL,0,NULL,'0C8HPGMALL34','0O8G2WE71L35',1,NULL,'0E8HPYURLO1S',0,'PUT','用户重新下订单','orders/user/**/reserve','0Y8HPYURLO28','0P8HPG99R56P',1),	 (862473513074695,'2022-02-16 18:54:36','0U8HPG93IED3',0,NULL,NULL,'2022-02-16 18:54:36','0U8HPG93IED3',NULL,NULL,0,NULL,'0C8HPGEMCKCH','0O8G2WE71L35',1,NULL,'0E8HPYV0YSCH',0,'POST','获取支付链接','paymentLink','0Y8HPYV1A0W6','0P8HPG99R56P',1);
INSERT INTO endpoint (id,created_at,created_by,deleted,deleted_at,deleted_by,modified_at,modified_by,restored_at,restored_by,version,cache_profile_id,client_id,cors_profile_id,csrf_enabled,description,domain_id,is_websocket,`method`,name,`path`,permission_id,project_id,secured) VALUES	 (862473523560465,'2022-02-16 18:54:56','0U8HPG93IED3',0,NULL,NULL,'2022-02-16 18:54:56','0U8HPG93IED3',NULL,NULL,0,NULL,'0C8HPGEMCKCH','0O8G2WE71L35',1,NULL,'0E8HPYV7IRR5',0,'GET','查询支付状态','paymentStatus/**','0Y8HPYV7IRRK','0P8HPG99R56P',1),	 (862473545580742,'2022-02-16 18:55:39','0U8HPG93IED3',0,NULL,NULL,'2022-02-16 18:55:39','0U8HPG93IED3',NULL,NULL,0,NULL,'0C8HPGLXHMET','0O8G2WE71L35',1,NULL,'0E8HPYVKMQPI',0,'GET','管理员获取所有产品','products/admin','0Y8HPYVKMQPX','0P8HPG99R56P',1),	 (862473551347729,'2022-02-16 18:55:50','0U8HPG93IED3',0,NULL,NULL,'2022-02-16 18:55:50','0U8HPG93IED3',NULL,NULL,0,NULL,'0C8HPGLXHMET','0O8G2WE71L35',1,NULL,'0E8HPYVO2CJL',0,'POST','管理员新建产品','products/admin','0Y8HPYVO2CK0','0P8HPG99R56P',1),	 (862473558687761,'2022-02-16 18:56:04','0U8HPG93IED3',0,NULL,NULL,'2022-02-16 18:56:04','0U8HPG93IED3',NULL,NULL,0,NULL,'0C8HPGLXHMET','0O8G2WE71L35',1,NULL,'0E8HPYVSFO5D',0,'DELETE','管理员删除产品','products/admin','0Y8HPYVSFO5S','0P8HPG99R56P',1),	 (862473566027782,'2022-02-16 18:56:17','0U8HPG93IED3',0,NULL,NULL,'2022-02-16 18:56:17','0U8HPG93IED3',NULL,NULL,0,NULL,'0C8HPGLXHMET','0O8G2WE71L35',1,NULL,'0E8HPYVWHR7L',0,'PATCH','管理员部分更新产品','products/admin','0Y8HPYVWSZR9','0P8HPG99R56P',1),	 (862473573367825,'2022-02-16 18:56:31','0U8HPG93IED3',0,NULL,NULL,'2022-02-16 18:56:31','0U8HPG93IED3',NULL,NULL,0,NULL,'0C8HPGLXHMET','0O8G2WE71L35',1,NULL,'0E8HPYW16BCX',0,'PATCH','管理员部分更新某一产品','products/admin/**','0Y8HPYW16BDC','0P8HPG99R56P',1),	 (862473581756433,'2022-02-16 18:56:47','0U8HPG93IED3',0,NULL,NULL,'2022-02-16 18:56:47','0U8HPG93IED3',NULL,NULL,0,NULL,'0C8HPGLXHMET','0O8G2WE71L35',1,NULL,'0E8HPYW6641S',0,'GET','管理员读取某一产品','products/admin/**','0Y8HPYW66428','0P8HPG99R56P',1),	 (862473588047889,'2022-02-16 18:57:00','0U8HPG93IED3',0,NULL,NULL,'2022-02-16 18:57:00','0U8HPG93IED3',NULL,NULL,0,NULL,'0C8HPGLXHMET','0O8G2WE71L35',1,NULL,'0E8HPYW9WYKH',0,'PUT','管理员更新某一产品','products/admin/**','0Y8HPYW9WYKW','0P8HPG99R56P',1),	 (862473595387921,'2022-02-16 18:57:14','0U8HPG93IED3',0,NULL,NULL,'2022-02-16 18:57:14','0U8HPG93IED3',NULL,NULL,0,NULL,'0C8HPGLXHMET','0O8G2WE71L35',1,NULL,'0E8HPYWEAA69',0,'DELETE','管理员删除某一产品','products/admin/**','0Y8HPYWEAA6O','0P8HPG99R56P',1),	 (862473629466641,'2022-02-16 18:58:18','0U8HPG93IED3',0,NULL,NULL,'2022-02-16 18:58:18','0U8HPG93IED3',NULL,NULL,0,NULL,'0C8HPGLXHMET','0O8G2WE71L35',1,NULL,'0E8HPYWYKPHC',0,'GET','系统读取产品信息','products/app','0Y8HPYWYKPHS','0P8HPG99R56P',1);
INSERT INTO endpoint (id,created_at,created_by,deleted,deleted_at,deleted_by,modified_at,modified_by,restored_at,restored_by,version,cache_profile_id,client_id,cors_profile_id,csrf_enabled,description,domain_id,is_websocket,`method`,name,`path`,permission_id,project_id,secured) VALUES	 (862473635233809,'2022-02-16 18:58:30','0U8HPG93IED3',0,NULL,NULL,'2022-02-16 18:58:30','0U8HPG93IED3',NULL,NULL,0,NULL,'0C8HPGLXHMET','0O8G2WE71L35',1,NULL,'0E8HPYX20BGH',0,'PATCH','系统更新产品信息','products/app','0Y8HPYX20BGW','0P8HPG99R56P',1),	 (862473660399813,'2022-02-16 18:59:18','0U8HPG93IED3',0,NULL,NULL,'2022-02-16 18:59:18','0U8HPG93IED3',NULL,NULL,0,NULL,'0C8HPGLXHMET','0O8G2WE71L35',1,NULL,'0E8HPYXGZPO6',0,'GET','获取产品列表','products/public',NULL,'0P8HPG99R56P',0),	 (862473669836805,'2022-02-16 18:59:35','0U8HPG93IED3',0,NULL,NULL,'2022-02-16 18:59:35','0U8HPG93IED3',NULL,NULL,0,NULL,'0C8HPGLXHMET','0O8G2WE71L35',1,NULL,'0E8HPYXMAQRL',0,'GET','获取特定产品列表','products/public/**',NULL,'0P8HPG99R56P',0),	 (862473720168455,'2022-02-16 19:01:11','0U8HPG93IED3',0,NULL,NULL,'2022-02-16 19:01:11','0U8HPG93IED3',NULL,NULL,0,NULL,'0C8HPGMALL34','0O8G2WE71L35',1,'需要查看','0E8HPYYG9IWX',0,'GET','获取订单信息','profiles/orders/id','0Y8HPYYGKRGM','0P8HPG99R56P',1),	 (862473737469969,'2022-02-16 19:01:44','0U8HPG93IED3',0,NULL,NULL,'2022-02-16 19:01:44','0U8HPG93IED3',NULL,NULL,0,NULL,'0C8HPGMALL34','0O8G2WE71L35',1,'需要查看','0E8HPYYQVLDT',0,'GET','重新提交定时任务','profiles/orders/scheduler/resubmit','0Y8HPYYQVLE8','0P8HPG99R56P',1),	 (862473798287585,'2022-02-16 19:03:41','0U8HPG93IED3',0,NULL,NULL,'2022-02-16 19:03:41','0U8HPG93IED3',NULL,NULL,0,NULL,'0C8HPGF4GBUP','0O8G2WE71L35',1,NULL,'0E8HPYZR34K1',0,'GET','获取回收订单事务','recycleOrderDtx/admin','0Y8HPYZR34KG','0P8HPG99R56P',1),	 (862473805103121,'2022-02-16 19:03:53','0U8HPG93IED3',0,NULL,NULL,'2022-02-16 19:03:53','0U8HPG93IED3',NULL,NULL,0,NULL,'0C8HPGF4GBUP','0O8G2WE71L35',1,NULL,'0E8HPYZV57GH',0,'GET','获取特定回收订单事务','recycleOrderDtx/admin/**','0Y8HPYZV57GW','0P8HPG99R56P',1),	 (862473814540305,'2022-02-16 19:04:12','0U8HPG93IED3',0,NULL,NULL,'2022-02-16 19:04:12','0U8HPG93IED3',NULL,NULL,0,NULL,'0C8HPGF4GBUP','0O8G2WE71L35',1,NULL,'0E8HPZ00RH8H',0,'POST','取消特定回收订单事务','recycleOrderDtx/admin/**/cancel','0Y8HPZ00RH8W','0P8HPG99R56P',1),	 (862473832366097,'2022-02-16 19:04:46','0U8HPG93IED3',0,NULL,NULL,'2022-02-16 19:04:46','0U8HPG93IED3',NULL,NULL,0,NULL,'0C8HPGF4GBUP','0O8G2WE71L35',1,NULL,'0E8HPZ0BDJPD',0,'GET','获取预留订单事务','reserveOrderDtx/admin','0Y8HPZ0BDJPS','0P8HPG99R56P',1),	 (862473844949009,'2022-02-16 19:05:10','0U8HPG93IED3',0,NULL,NULL,'2022-02-16 19:05:10','0U8HPG93IED3',NULL,NULL,0,NULL,'0C8HPGF4GBUP','0O8G2WE71L35',1,NULL,'0E8HPZ0IV8QP',0,'GET','获取特定预留订单事务','reserveOrderDtx/admin/**','0Y8HPZ0IV8R4','0P8HPG99R56P',1);
INSERT INTO endpoint (id,created_at,created_by,deleted,deleted_at,deleted_by,modified_at,modified_by,restored_at,restored_by,version,cache_profile_id,client_id,cors_profile_id,csrf_enabled,description,domain_id,is_websocket,`method`,name,`path`,permission_id,project_id,secured) VALUES	 (862473853861905,'2022-02-16 19:05:27','0U8HPG93IED3',0,NULL,NULL,'2022-02-16 19:05:27','0U8HPG93IED3',NULL,NULL,0,NULL,'0C8HPGF4GBUP','0O8G2WE71L35',1,NULL,'0E8HPZ0O69Z5',0,'POST','取消特定预留订单事务','reserveOrderDtx/admin/**/cancel','0Y8HPZ0O69ZK','0P8HPG99R56P',1),	 (862473909436423,'2022-02-16 19:07:12','0U8HPG93IED3',0,NULL,NULL,'2022-02-16 19:07:12','0U8HPG93IED3',NULL,NULL,0,NULL,'0C8HPGLXHMET','0O8G2WE71L35',1,NULL,'0E8HPZ1KY769',0,'GET','获取库存信息','skus/admin','0Y8HPZ1L9FK6','0P8HPG99R56P',1),	 (862473917825041,'2022-02-16 19:07:29','0U8HPG93IED3',0,NULL,NULL,'2022-02-16 19:07:29','0U8HPG93IED3',NULL,NULL,0,NULL,'0C8HPGLXHMET','0O8G2WE71L35',1,NULL,'0E8HPZ1Q988X',0,'POST','创建新库存','skus/admin','0Y8HPZ1Q989C','0P8HPG99R56P',1),	 (862473932505094,'2022-02-16 19:07:56','0U8HPG93IED3',0,NULL,NULL,'2022-02-16 19:07:56','0U8HPG93IED3',NULL,NULL,0,NULL,'0C8HPGLXHMET','0O8G2WE71L35',1,NULL,'0E8HPZ1YOMWX',0,'PATCH','更新库存','skus/admin','0Y8HPZ1YZVGL','0P8HPG99R56P',1),	 (862473939320849,'2022-02-16 19:08:10','0U8HPG93IED3',0,NULL,NULL,'2022-02-16 19:08:10','0U8HPG93IED3',NULL,NULL,0,NULL,'0C8HPGLXHMET','0O8G2WE71L35',1,NULL,'0E8HPZ231YIP',0,'DELETE','删除库存','skus/admin','0Y8HPZ231YJ4','0P8HPG99R56P',1),	 (862473949806609,'2022-02-16 19:08:30','0U8HPG93IED3',0,NULL,NULL,'2022-02-16 19:08:30','0U8HPG93IED3',NULL,NULL,0,NULL,'0C8HPGLXHMET','0O8G2WE71L35',1,NULL,'0E8HPZ29APDT',0,'PATCH','更新特定库存','skus/admin/**','0Y8HPZ29APE8','0P8HPG99R56P',1),	 (862473958719505,'2022-02-16 19:08:47','0U8HPG93IED3',0,NULL,NULL,'2022-02-16 19:08:47','0U8HPG93IED3',NULL,NULL,0,NULL,'0C8HPGLXHMET','0O8G2WE71L35',1,NULL,'0E8HPZ2ELQM9',0,'DELETE','删除指定库存','skus/admin/**','0Y8HPZ2ELQMO','0P8HPG99R56P',1),	 (862473970778118,'2022-02-16 19:09:09','0U8HPG93IED3',0,NULL,NULL,'2022-02-16 19:09:09','0U8HPG93IED3',NULL,NULL,0,NULL,'0C8HPGLXHMET','0O8G2WE71L35',1,NULL,'0E8HPZ2LGYKH',0,'PUT','更新替换指定库存','skus/admin/**','0Y8HPZ2LS745','0P8HPG99R56P',1),	 (862473983885329,'2022-02-16 19:09:35','0U8HPG93IED3',0,NULL,NULL,'2022-02-16 19:09:35','0U8HPG93IED3',NULL,NULL,0,NULL,'0C8HPGLXHMET','0O8G2WE71L35',1,NULL,'0E8HPZ2TL4OX',0,'GET','查看指定库存','skus/admin/**','0Y8HPZ2TL4PC','0P8HPG99R56P',1),	 (862474007478296,'2022-02-16 19:10:19','0U8HPG93IED3',0,NULL,NULL,'2022-02-16 19:10:19','0U8HPG93IED3',NULL,NULL,0,NULL,'0C8HPGF4GBUP','0O8G2WE71L35',1,NULL,'0E8HPZ37MT54',0,'POST','创建订单状态机','sm/app','0Y8HPZ37MT5J','0P8HPG99R56P',1);
INSERT INTO endpoint (id,created_at,created_by,deleted,deleted_at,deleted_by,modified_at,modified_by,restored_at,restored_by,version,cache_profile_id,client_id,cors_profile_id,csrf_enabled,description,domain_id,is_websocket,`method`,name,`path`,permission_id,project_id,secured) VALUES	 (862474024255505,'2022-02-16 19:10:51','0U8HPG93IED3',0,NULL,NULL,'2022-02-16 19:10:51','0U8HPG93IED3',NULL,NULL,0,NULL,'0C8HPGF4GBUP','0O8G2WE71L35',1,NULL,'0E8HPZ3HMEIP',0,'GET','查看当前任务','tasks/admin','0Y8HPZ3HMEJ4','0P8HPG99R56P',1),	 (862474038935569,'2022-02-16 19:11:20','0U8HPG93IED3',0,NULL,NULL,'2022-02-16 19:11:20','0U8HPG93IED3',NULL,NULL,0,NULL,'0C8HPGF4GBUP','0O8G2WE71L35',1,NULL,'0E8HPZ3QD1Q9',0,'GET','查看更新订单地址事务','updateOrderAddressDtx/admin','0Y8HPZ3QD1QO','0P8HPG99R56P',1),	 (862474045227015,'2022-02-16 19:11:31','0U8HPG93IED3',0,NULL,NULL,'2022-02-16 19:11:31','0U8HPG93IED3',NULL,NULL,0,NULL,'0C8HPGF4GBUP','0O8G2WE71L35',1,NULL,'0E8HPZ3TSNPD',0,'GET','查看指定更新订单地址事务','updateOrderAddressDtx/admin/**','0Y8HPZ3U3W92','0P8HPG99R56P',1),	 (862474055712785,'2022-02-16 19:11:52','0U8HPG93IED3',0,NULL,NULL,'2022-02-16 19:11:52','0U8HPG93IED3',NULL,NULL,0,NULL,'0C8HPGF4GBUP','0O8G2WE71L35',1,NULL,'0E8HPZ40CN41',0,'POST','取消指定更新订单地址事务','updateOrderAddressDtx/admin/**/cancel','0Y8HPZ40CN4G','0P8HPG99R56P',1);

INSERT INTO user_(id, created_at, created_by, deleted, deleted_at, deleted_by, modified_at, modified_by, restored_at, restored_by, version, email, locked, password, value, domain_id)VALUES(838330249904129, '2021-12-10 02:10:06', 'script', 0, NULL, NULL, '2021-12-10 03:35:56', '0U8AZTODP4H0', NULL, NULL, 2, 'superadmin@duoshu.org', 0, '$2a$10$AWv./gLENRDp7ghJbawG1uSYa0Qlf4xwaaMW8LHwcEOBdVOB6UPZW', NULL, '0U8AZTODP4H0');
INSERT INTO user_(id, created_at, created_by, deleted, deleted_at, deleted_by, modified_at, modified_by, restored_at, restored_by, version, email, locked, password, value, domain_id)VALUES(862433005010948, '2022-02-15 21:26:53', '0C8B00098WLD', 0, NULL, NULL, '2022-02-15 21:26:53', '0C8B00098WLD', NULL, NULL, 0, 'mall@duoshu.org', 0, '$2a$12$yYJ8N1CL3Xak87W2cvbCYOEBZcKzy5XiiFYU3A9xvFt0q1g9nLNfG', NULL, '0U8HPG93IED3');


INSERT INTO project(id, created_at, created_by, deleted, deleted_at, deleted_by, modified_at, modified_by, restored_at, restored_by, version, name, domain_id)VALUES(861542163677185, '2022-01-27 05:27:48', '0U8AZTODP4H0', 0, NULL, NULL, '2022-01-27 05:27:48', '0U8AZTODP4H0', NULL, NULL, 0, 'MT-AUTH', '0P8HE307W6IO');
INSERT INTO project(id, created_at, created_by, deleted, deleted_at, deleted_by, modified_at, modified_by, restored_at, restored_by, version, name, domain_id)VALUES(861542163677187, '2022-01-27 05:27:48', '0U8AZTODP4H0', 0, NULL, NULL, '2022-01-27 05:27:48', '0U8AZTODP4H0', NULL, NULL, 0, 'MT-BBS', '0P8HE307W6I2');
INSERT INTO project(id, created_at, created_by, deleted, deleted_at, deleted_by, modified_at, modified_by, restored_at, restored_by, version, name, domain_id)VALUES(862433014972418, '2022-02-15 21:27:13', '0U8HPG93IED3', 0, NULL, NULL, '2022-02-15 21:27:13', '0U8HPG93IED3', NULL, NULL, 0, 'MT-MALL', '0P8HPG99R56P');


INSERT INTO cors_profile(id, created_at, created_by, deleted, deleted_at, deleted_by, modified_at, modified_by, restored_at, restored_by, version, allow_credentials, allow_origin, allowed_headers, domain_id, description, exposed_headers, max_age, name)VALUES(857844656111616, '2021-11-06 14:27:12', '0U8AZTODP4H0', 0, NULL, NULL, '2021-11-06 14:27:12', '0U8AZTODP4H0', NULL, NULL, 0, 1, 0x5B7B2276616C7565223A22687474703A2F2F3139322E3136382E322E3136227D2C7B2276616C7565223A22687474703A2F2F3139322E3136382E322E31363A33303030227D2C7B2276616C7565223A2268747470733A2F2F7777772E64756F7368752E6F7267227D2C7B2276616C7565223A22687474703A2F2F3139322E3136382E322E32333A33303030227D2C7B2276616C7565223A22687474703A2F2F3139322E3136382E322E32333A34323030227D2C7B2276616C7565223A22687474703A2F2F3139322E3136382E322E32333A34333030227D2C7B2276616C7565223A2268747470733A2F2F61646D696E2E64756F7368752E6F7267227D2C7B2276616C7565223A22687474703A2F2F6C6F63616C686F73743A34333030227D2C7B2276616C7565223A22687474703A2F2F6C6F63616C686F73743A34323030227D2C7B2276616C7565223A22687474703A2F2F3139322E3136382E322E31363A34323030227D5D, 'Authorization,Accept,Access-Control-Request-Method,X-XSRF-TOKEN,x-requested-with,changeId,lastupdateat,uuid,Content-Type', '0O8G2WE71L35', 'default CORS config for all api', 'location,lastupdateat,uuid', 86400, 'default');

INSERT INTO cache_profile(id, created_at, created_by, deleted, deleted_at, deleted_by, modified_at, modified_by, restored_at, restored_by, version, allow_cache, cache_control, domain_id, description, etag, expires, max_age, name, smax_age, vary, weak_validation)VALUES(858322708725762, '2021-11-17 03:44:06', '0U8AZTODP4H0', 0, NULL, NULL, '2021-11-17 23:45:55', '0U8AZTODP4H0', NULL, NULL, 4, 1, 'max_age', '0X8G900BJFGG', '缓存10秒Etag', 1, NULL, 10, '缓存1', NULL, NULL, 0);
INSERT INTO cache_profile(id, created_at, created_by, deleted, deleted_at, deleted_by, modified_at, modified_by, restored_at, restored_by, version, allow_cache, cache_control, domain_id, description, etag, expires, max_age, name, smax_age, vary, weak_validation)VALUES(858360529289217, '2021-11-17 23:46:22', '0U8AZTODP4H0', 0, NULL, NULL, '2021-11-17 23:46:22', '0U8AZTODP4H0', NULL, NULL, 0, 1, 'max_age', '0X8G9HDSXCZK', '缓存10秒无Etag', 0, NULL, 10, '缓存2', NULL, NULL, 0);
INSERT INTO cache_profile(id, created_at, created_by, deleted, deleted_at, deleted_by, modified_at, modified_by, restored_at, restored_by, version, allow_cache, cache_control, domain_id, description, etag, expires, max_age, name, smax_age, vary, weak_validation)VALUES(858360594825216, '2021-11-17 23:48:27', '0U8AZTODP4H0', 0, NULL, NULL, '2021-11-17 23:48:27', '0U8AZTODP4H0', NULL, NULL, 0, 0, NULL, '0X8G9HEVMSCH', '无缓存', 0, NULL, NULL, '缓存3', NULL, NULL, 0);


INSERT INTO permission (id,created_at,created_by,deleted,deleted_at,deleted_by,modified_at,modified_by,restored_at,restored_by,version,linked_permission_id,name,parent_id,domain_id,project_id,system_create,tenant_id,`type`) VALUES	 (861812326137928,'2022-02-02 04:36:02','NOT_HTTP',0,NULL,NULL,'2022-02-02 04:36:02','NOT_HTTP',NULL,NULL,0,NULL,'API_ACCESS',NULL,'0Y8HHJ47NBD3','0P8HE307W6IO',1,NULL,'API_ROOT'),	 (861812326137929,'2022-02-02 04:36:02','NOT_HTTP',0,NULL,NULL,'2022-02-02 04:36:02','NOT_HTTP',NULL,NULL,0,NULL,'0E8AZTODP400','0Y8HHJ47NBD3','0Y8HHJ47NBD4','0P8HE307W6IO',1,NULL,'API'),	 (861812326137930,'2022-02-02 04:36:02','NOT_HTTP',0,NULL,NULL,'2022-02-02 04:36:02','NOT_HTTP',NULL,NULL,0,NULL,'0E8AZTODP401','0Y8HHJ47NBD3','0Y8HHJ47NBD5','0P8HE307W6IO',1,NULL,'API'),	 (861812326137931,'2022-02-02 04:36:02','NOT_HTTP',0,NULL,NULL,'2022-02-02 04:36:02','NOT_HTTP',NULL,NULL,0,NULL,'0E8AZTODP402','0Y8HHJ47NBD3','0Y8HHJ47NBD6','0P8HE307W6IO',1,NULL,'API'),	 (861812326137932,'2022-02-02 04:36:02','NOT_HTTP',0,NULL,NULL,'2022-02-02 04:36:02','NOT_HTTP',NULL,NULL,0,NULL,'0E8AZTODP403','0Y8HHJ47NBD3','0Y8HHJ47NBD7','0P8HE307W6IO',1,NULL,'API'),	 (861812326137933,'2022-02-02 04:36:02','NOT_HTTP',0,NULL,NULL,'2022-02-02 04:36:02','NOT_HTTP',NULL,NULL,0,NULL,'0E8AZTODP404','0Y8HHJ47NBD3','0Y8HHJ47NBD8','0P8HE307W6IO',1,NULL,'API'),	 (861812326137934,'2022-02-02 04:36:02','NOT_HTTP',0,NULL,NULL,'2022-02-02 04:36:02','NOT_HTTP',NULL,NULL,0,NULL,'0E8AZTODP405','0Y8HHJ47NBD3','0Y8HHJ47NBD9','0P8HE307W6IO',1,NULL,'API'),	 (861812326137936,'2022-02-02 04:36:02','NOT_HTTP',0,NULL,NULL,'2022-02-02 04:36:02','NOT_HTTP',NULL,NULL,0,NULL,'0E8AZTODP407','0Y8HHJ47NBD3','0Y8HHJ47NBDB','0P8HE307W6IO',1,NULL,'API'),	 (861812326137937,'2022-02-02 04:36:02','NOT_HTTP',0,NULL,NULL,'2022-02-02 04:36:02','NOT_HTTP',NULL,NULL,0,NULL,'0E8AZTODP408','0Y8HHJ47NBD3','0Y8HHJ47NBDC','0P8HE307W6IO',1,NULL,'API'),	 (861812326137938,'2022-02-02 04:36:02','NOT_HTTP',0,NULL,NULL,'2022-02-02 04:36:02','NOT_HTTP',NULL,NULL,0,NULL,'0E8AZTODP409','0Y8HHJ47NBD3','0Y8HHJ47NBDD','0P8HE307W6IO',1,NULL,'API');
INSERT INTO permission (id,created_at,created_by,deleted,deleted_at,deleted_by,modified_at,modified_by,restored_at,restored_by,version,linked_permission_id,name,parent_id,domain_id,project_id,system_create,tenant_id,`type`) VALUES	 (861812326137939,'2022-02-02 04:36:02','NOT_HTTP',0,NULL,NULL,'2022-02-02 04:36:02','NOT_HTTP',NULL,NULL,0,NULL,'0E8AZTODP40A','0Y8HHJ47NBD3','0Y8HHJ47NBDE','0P8HE307W6IO',1,NULL,'API'),	 (861812326137941,'2022-02-02 04:36:02','NOT_HTTP',0,NULL,NULL,'2022-02-02 04:36:02','NOT_HTTP',NULL,NULL,0,NULL,'0E8AZTODP40C','0Y8HHJ47NBD3','0Y8HHJ47NBDG','0P8HE307W6IO',1,NULL,'API'),	 (861812326137942,'2022-02-02 04:36:02','NOT_HTTP',0,NULL,NULL,'2022-02-02 04:36:02','NOT_HTTP',NULL,NULL,0,NULL,'0E8AZTODP40D','0Y8HHJ47NBD3','0Y8HHJ47NBDH','0P8HE307W6IO',1,NULL,'API'),	 (861812326137943,'2022-02-02 04:36:02','NOT_HTTP',0,NULL,NULL,'2022-02-02 04:36:02','NOT_HTTP',NULL,NULL,0,NULL,'0E8AZTODP40E','0Y8HHJ47NBD3','0Y8HHJ47NBDI','0P8HE307W6IO',1,NULL,'API'),	 (861812326137945,'2022-02-02 04:36:02','NOT_HTTP',0,NULL,NULL,'2022-02-02 04:36:02','NOT_HTTP',NULL,NULL,0,NULL,'0E8AZTODP40G','0Y8HHJ47NBD3','0Y8HHJ47NBDK','0P8HE307W6IO',1,NULL,'API'),	 (861812326137946,'2022-02-02 04:36:02','NOT_HTTP',0,NULL,NULL,'2022-02-02 04:36:02','NOT_HTTP',NULL,NULL,0,NULL,'0E8AZTODP40I','0Y8HHJ47NBD3','0Y8HHJ47NBDL','0P8HE307W6IO',1,NULL,'API'),	 (861812326137947,'2022-02-02 04:36:02','NOT_HTTP',0,NULL,NULL,'2022-02-02 04:36:02','NOT_HTTP',NULL,NULL,0,NULL,'0E8AZTODP40J','0Y8HHJ47NBD3','0Y8HHJ47NBDM','0P8HE307W6IO',1,NULL,'API'),	 (861812326137948,'2022-02-02 04:36:02','NOT_HTTP',0,NULL,NULL,'2022-02-02 04:36:02','NOT_HTTP',NULL,NULL,0,NULL,'0E8AZTODP40K','0Y8HHJ47NBD3','0Y8HHJ47NBDN','0P8HE307W6IO',1,NULL,'API'),	 (861812326137949,'2022-02-02 04:36:02','NOT_HTTP',0,NULL,NULL,'2022-02-02 04:36:02','NOT_HTTP',NULL,NULL,0,NULL,'0E8AZTODP40L','0Y8HHJ47NBD3','0Y8HHJ47NBDO','0P8HE307W6IO',1,NULL,'API');
INSERT INTO permission (id,created_at,created_by,deleted,deleted_at,deleted_by,modified_at,modified_by,restored_at,restored_by,version,linked_permission_id,name,parent_id,domain_id,project_id,system_create,tenant_id,`type`) VALUES	 (861812326137950,'2022-02-02 04:36:02','NOT_HTTP',0,NULL,NULL,'2022-02-02 04:36:02','NOT_HTTP',NULL,NULL,0,NULL,'0E8AZTODP432','0Y8HHJ47NBD3','0Y8HHJ47NBDP','0P8HE307W6IO',1,NULL,'API'),	 (861812326137951,'2022-02-02 04:36:02','NOT_HTTP',0,NULL,NULL,'2022-02-02 04:36:02','NOT_HTTP',NULL,NULL,0,NULL,'0E8AZTODP433','0Y8HHJ47NBD3','0Y8HHJ47NBDQ','0P8HE307W6IO',1,NULL,'API'),	 (861812326137953,'2022-02-02 04:36:02','NOT_HTTP',0,NULL,NULL,'2022-02-02 04:36:02','NOT_HTTP',NULL,NULL,0,NULL,'0E8AZTODP435','0Y8HHJ47NBD3','0Y8HHJ47NBDS','0P8HE307W6IO',1,NULL,'API'),	 (861812326137954,'2022-02-02 04:36:02','NOT_HTTP',0,NULL,NULL,'2022-02-02 04:36:02','NOT_HTTP',NULL,NULL,0,NULL,'0E8AZTODP437','0Y8HHJ47NBD3','0Y8HHJ47NBDT','0P8HE307W6IO',1,NULL,'API'),	 (861812326137955,'2022-02-02 04:36:02','NOT_HTTP',0,NULL,NULL,'2022-02-02 04:36:02','NOT_HTTP',NULL,NULL,0,NULL,'0E8AZTODP438','0Y8HHJ47NBD3','0Y8HHJ47NBDU','0P8HE307W6IO',1,NULL,'API'),	 (861812326137956,'2022-02-02 04:36:02','NOT_HTTP',0,NULL,NULL,'2022-02-02 04:36:02','NOT_HTTP',NULL,NULL,0,NULL,'0E8AZTODP439','0Y8HHJ47NBD3','0Y8HHJ47NBDV','0P8HE307W6IO',1,NULL,'API'),	 (861812326137957,'2022-02-02 04:36:02','NOT_HTTP',0,NULL,NULL,'2022-02-02 04:36:02','NOT_HTTP',NULL,NULL,0,NULL,'0E8AZTODP43E','0Y8HHJ47NBD3','0Y8HHJ47NBDW','0P8HE307W6IO',1,NULL,'API'),	 (861812326137959,'2022-02-02 04:36:02','NOT_HTTP',0,NULL,NULL,'2022-02-02 04:36:02','NOT_HTTP',NULL,NULL,0,NULL,'0E8AZTODP43I','0Y8HHJ47NBD3','0Y8HHJ47NBDY','0P8HE307W6IO',1,NULL,'API'),	 (861812326137960,'2022-02-02 04:36:02','NOT_HTTP',0,NULL,NULL,'2022-02-02 04:36:02','NOT_HTTP',NULL,NULL,0,NULL,'0E8AZTODP43N','0Y8HHJ47NBD3','0Y8HHJ47NBDZ','0P8HE307W6IO',1,NULL,'API'),	 (861812326137965,'2022-02-02 04:36:02','NOT_HTTP',0,NULL,NULL,'2022-02-02 04:36:02','NOT_HTTP',NULL,NULL,0,NULL,'0E8AZTODP450','0Y8HHJ47NBD3','0Y8HHJ47NB00','0P8HE307W6IO',1,NULL,'API');
INSERT INTO permission (id,created_at,created_by,deleted,deleted_at,deleted_by,modified_at,modified_by,restored_at,restored_by,version,linked_permission_id,name,parent_id,domain_id,project_id,system_create,tenant_id,`type`) VALUES	 (861812326137968,'2022-02-02 04:36:02','NOT_HTTP',0,NULL,NULL,'2022-02-02 04:36:02','NOT_HTTP',NULL,NULL,0,NULL,'0E8BO3KAHURK','0Y8HHJ47NBD3','0Y8HHJ47NBE6','0P8HE307W6IO',1,NULL,'API'),	 (861812326137969,'2022-02-02 04:36:02','NOT_HTTP',0,NULL,NULL,'2022-02-02 04:36:02','NOT_HTTP',NULL,NULL,0,NULL,'0E8BPAEMD3B5','0Y8HHJ47NBD3','0Y8HHJ47NBE7','0P8HE307W6IO',1,NULL,'API'),	 (861812326137972,'2022-02-02 04:36:02','NOT_HTTP',0,NULL,NULL,'2022-02-02 04:36:02','NOT_HTTP',NULL,NULL,0,NULL,'0E8F3Q8VWB9C','0Y8HHJ47NBD3','0Y8HHJ47NBEA','0P8HE307W6IO',1,NULL,'API'),	 (861812326137973,'2022-02-02 04:36:02','NOT_HTTP',0,NULL,NULL,'2022-02-02 04:36:02','NOT_HTTP',NULL,NULL,0,NULL,'0E8F3Q92GAO0','0Y8HHJ47NBD3','0Y8HHJ47NBEB','0P8HE307W6IO',1,NULL,'API'),	 (861812326137979,'2022-02-02 04:36:02','NOT_HTTP',0,NULL,NULL,'2022-02-02 04:36:02','NOT_HTTP',NULL,NULL,0,NULL,'0E8G2KIUUOZK','0Y8HHJ47NBD3','0Y8HHJ47NBEH','0P8HE307W6IO',1,NULL,'API'),	 (861812326137980,'2022-02-02 04:36:02','NOT_HTTP',0,NULL,NULL,'2022-02-02 04:36:02','NOT_HTTP',NULL,NULL,0,NULL,'0E8G2KJN9AF5','0Y8HHJ47NBD3','0Y8HHJ47NBEI','0P8HE307W6IO',1,NULL,'API'),	 (861812326137981,'2022-02-02 04:36:02','NOT_HTTP',0,NULL,NULL,'2022-02-02 04:36:02','NOT_HTTP',NULL,NULL,0,NULL,'0E8G2KK3SV7L','0Y8HHJ47NBD3','0Y8HHJ47NBEJ','0P8HE307W6IO',1,NULL,'API'),	 (861812326137982,'2022-02-02 04:36:02','NOT_HTTP',0,NULL,NULL,'2022-02-02 04:36:02','NOT_HTTP',NULL,NULL,0,NULL,'0E8G2KKUN9XD','0Y8HHJ47NBD3','0Y8HHJ47NBEK','0P8HE307W6IO',1,NULL,'API');
INSERT INTO permission (id,created_at,created_by,deleted,deleted_at,deleted_by,modified_at,modified_by,restored_at,restored_by,version,linked_permission_id,name,parent_id,domain_id,project_id,system_create,tenant_id,`type`) VALUES	 (861812326137983,'2022-02-02 04:36:02','NOT_HTTP',0,NULL,NULL,'2022-02-02 04:36:02','NOT_HTTP',NULL,NULL,0,NULL,'0E8G2KLK8QGX','0Y8HHJ47NBD3','0Y8HHJ47NBEL','0P8HE307W6IO',1,NULL,'API'),	 (861812326137984,'2022-02-02 04:36:02','NOT_HTTP',0,NULL,NULL,'2022-02-02 04:36:02','NOT_HTTP',NULL,NULL,0,NULL,'0E8G58R6A328','0Y8HHJ47NBD3','0Y8HHJ47NBEM','0P8HE307W6IO',1,NULL,'API'),	 (861812326137985,'2022-02-02 04:36:02','NOT_HTTP',0,NULL,NULL,'2022-02-02 04:36:02','NOT_HTTP',NULL,NULL,0,NULL,'0E8G58R9PP1C','0Y8HHJ47NBD3','0Y8HHJ47NBEN','0P8HE307W6IO',1,NULL,'API'),	 (861812326137986,'2022-02-02 04:36:02','NOT_HTTP',0,NULL,NULL,'2022-02-02 04:36:02','NOT_HTTP',NULL,NULL,0,NULL,'0E8G58RCITXC','0Y8HHJ47NBD3','0Y8HHJ47NBEO','0P8HE307W6IO',1,NULL,'API'),	 (861812326137987,'2022-02-02 04:36:02','NOT_HTTP',0,NULL,NULL,'2022-02-02 04:36:02','NOT_HTTP',NULL,NULL,0,NULL,'0E8G58RFBYXT','0Y8HHJ47NBD3','0Y8HHJ47NBEP','0P8HE307W6IO',1,NULL,'API'),	 (861812326137988,'2022-02-02 04:36:02','NOT_HTTP',0,NULL,NULL,'2022-02-02 04:36:02','NOT_HTTP',NULL,NULL,0,NULL,'0E8G58RPMSQO','0Y8HHJ47NBD3','0Y8HHJ47NBEQ','0P8HE307W6IO',1,NULL,'API'),	 (861812326137990,'2022-02-02 04:36:02','NOT_HTTP',0,NULL,NULL,'2022-02-02 04:36:02','NOT_HTTP',NULL,NULL,0,NULL,'0E8GB5MSBKE8','0Y8HHJ47NBD3','0Y8HHJ47NBES','0P8HE307W6IO',1,NULL,'API'),	 (861812326137991,'2022-02-02 04:36:02','NOT_HTTP',0,NULL,NULL,'2022-02-02 04:36:02','NOT_HTTP',NULL,NULL,0,NULL,'0E8HDICM4CU8','0Y8HHJ47NBD3','0Y8HHJ47NBET','0P8HE307W6IO',1,NULL,'API'),	 (861812326137992,'2022-02-02 04:36:02','NOT_HTTP',0,NULL,NULL,'2022-02-02 04:36:02','NOT_HTTP',NULL,NULL,0,NULL,'0E8HDIISDBLS','0Y8HHJ47NBD3','0Y8HHJ47NBEU','0P8HE307W6IO',1,NULL,'API');
INSERT INTO permission (id,created_at,created_by,deleted,deleted_at,deleted_by,modified_at,modified_by,restored_at,restored_by,version,linked_permission_id,name,parent_id,domain_id,project_id,system_create,tenant_id,`type`) VALUES	 (861812326137993,'2022-02-02 04:36:02','NOT_HTTP',0,NULL,NULL,'2022-02-02 04:36:02','NOT_HTTP',NULL,NULL,0,NULL,'0E8HE2D7RLDT','0Y8HHJ47NBD3','0Y8HHJ47NBEV','0P8HE307W6IO',1,NULL,'API'),	 (861812326137994,'2022-02-02 04:36:02','NOT_HTTP',0,NULL,NULL,'2022-02-02 04:36:02','NOT_HTTP',NULL,NULL,0,NULL,'0E8HE2N4V2TD','0Y8HHJ47NBD3','0Y8HHJ47NBEW','0P8HE307W6IO',1,NULL,'API'),	 (861812326137995,'2022-02-02 04:36:02','NOT_HTTP',0,NULL,NULL,'2022-02-02 04:36:02','NOT_HTTP',NULL,NULL,0,NULL,'0E8HEZDS0IYO','0Y8HHJ47NBD3','0Y8HHJ47NBEX','0P8HE307W6IO',1,NULL,'API'),	 (861812326137996,'2022-02-02 04:36:02','NOT_HTTP',0,NULL,NULL,'2022-02-02 04:36:02','NOT_HTTP',NULL,NULL,0,NULL,'0E8HEZDUIFB4','0Y8HHJ47NBD3','0Y8HHJ47NBEY','0P8HE307W6IO',1,NULL,'API'),	 (861812326137997,'2022-02-02 04:36:02','NOT_HTTP',0,NULL,NULL,'2022-02-02 04:36:02','NOT_HTTP',NULL,NULL,0,NULL,'0E8HHI057P4W','0Y8HHJ47NBD3','0Y8HHJ47NBEZ','0P8HE307W6IO',1,NULL,'API'),	 (862016664764426,'2022-02-06 16:51:48','NOT_HTTP',0,NULL,NULL,'2022-02-06 16:51:48','NOT_HTTP',NULL,NULL,0,NULL,'0E8HK4ZKYRP1','0Y8HHJ47NBD3','0Y8HK4ZLA03Q','0P8HE307W6IO',1,NULL,'API'),	 (862028321783905,'2022-02-06 23:02:22','NOT_HTTP',0,NULL,NULL,'2022-02-06 23:02:22','NOT_HTTP',NULL,NULL,0,NULL,'0E8HKACDKDTT','0Y8HHJ47NBD3','0Y8HKACDVMDL','0P8HE307W6IO',1,NULL,'API'),	 (862036409450502,'2022-02-07 03:19:27','NOT_HTTP',0,NULL,NULL,'2022-02-07 03:19:27','NOT_HTTP',NULL,NULL,0,NULL,'0E8HKE24FWU8','0Y8HHJ47NBD3','0Y8HKE24FWUI','0P8HE307W6IO',1,NULL,'API'),	 (862036440907781,'2022-02-07 03:20:27','NOT_HTTP',0,NULL,NULL,'2022-02-07 03:20:27','NOT_HTTP',NULL,NULL,0,NULL,'0E8HKE2NHDZ4','0Y8HHJ47NBD3','0Y8HKE2NHDZE','0P8HE307W6IO',1,NULL,'API'),	 (862036446150664,'2022-02-07 03:20:37','NOT_HTTP',0,NULL,NULL,'2022-02-07 03:20:37','NOT_HTTP',NULL,NULL,0,NULL,'0E8HKE2QAIV4','0Y8HHJ47NBD3','0Y8HKE2QAIVF','0P8HE307W6IO',1,NULL,'API');
INSERT INTO permission (id,created_at,created_by,deleted,deleted_at,deleted_by,modified_at,modified_by,restored_at,restored_by,version,linked_permission_id,name,parent_id,domain_id,project_id,system_create,tenant_id,`type`) VALUES	 (862037661974538,'2022-02-07 03:59:17','NOT_HTTP',0,NULL,NULL,'2022-02-07 03:59:17','NOT_HTTP',NULL,NULL,0,NULL,'0E8HKEMUH340','0Y8HHJ47NBD3','0Y8HKEMUH34B','0P8HE307W6IO',1,NULL,'API'),	 (862037665644553,'2022-02-07 03:59:24','NOT_HTTP',0,NULL,NULL,'2022-02-07 03:59:24','NOT_HTTP',NULL,NULL,0,NULL,'0E8HKEMWNQWX','0Y8HHJ47NBD3','0Y8HKEMWNQX7','0P8HE307W6IO',1,NULL,'API'),	 (862151435616263,'2022-02-09 16:16:02','NOT_HTTP',0,NULL,NULL,'2022-02-09 16:16:02','NOT_HTTP',NULL,NULL,0,NULL,'0E8HLUWG1UIW','0Y8HHJ47NBD3','0Y8HLUWG1UJ8','0P8HE307W6IO',1,NULL,'API'),	 (862151442956369,'2022-02-09 16:16:16','NOT_HTTP',0,NULL,NULL,'2022-02-09 16:16:16','NOT_HTTP',NULL,NULL,0,NULL,'0E8HLUWKQEIP','0Y8HHJ47NBD3','0Y8HLUWKQEJ1','0P8HE307W6IO',1,NULL,'API'),	 (862151446626385,'2022-02-09 16:16:23','NOT_HTTP',0,NULL,NULL,'2022-02-09 16:16:23','NOT_HTTP',NULL,NULL,0,NULL,'0E8HLUWMX2BL','0Y8HHJ47NBD3','0Y8HLUWMX2BX','0P8HE307W6IO',1,NULL,'API'),	 (862151449247825,'2022-02-09 16:16:28','NOT_HTTP',0,NULL,NULL,'2022-02-09 16:16:28','NOT_HTTP',NULL,NULL,0,NULL,'0E8HLUWOH91D','0Y8HHJ47NBD3','0Y8HLUWOH91P','0P8HE307W6IO',1,NULL,'API'),	 (862151449247826,'2022-02-09 16:16:28','NOT_HTTP',0,NULL,NULL,'2022-02-09 16:16:28','NOT_HTTP',NULL,NULL,0,NULL,'0E8HLUWOH91E','0Y8HHJ47NBD3','0Y8HLUWOH92P','0P8HE307W6IO',1,NULL,'API'),	 (862170844758016,'2022-02-10 02:33:02','0U8AZTODP4H0',0,NULL,NULL,'2022-02-10 02:33:02','0U8AZTODP4H0',NULL,NULL,0,NULL,'0P8HE307W6IO',NULL,'0Y8HM3TG2CJL','0P8HE307W6IO',1,NULL,'PROJECT'),	 (862170896138242,'2022-02-10 02:34:41','0U8AZTODP4H0',0,NULL,NULL,'2022-02-10 02:34:41','0U8AZTODP4H0',NULL,NULL,0,NULL,'PROJECT_INFO_MNGMT','0Y8HM3TG2CJL','0Y8HM3UAYUBK','0P8HE307W6IO',1,NULL,'COMMON'),	 (862170928644096,'2022-02-10 02:35:42','0U8AZTODP4H0',0,NULL,NULL,'2022-02-10 02:35:42','0U8AZTODP4H0',NULL,NULL,0,'0Y8HHJ47NBEU','VIEW_PROJECT_INFO','0Y8HM3UAYUBK','0Y8HM3UU0BM0','0P8HE307W6IO',1,NULL,'COMMON');
INSERT INTO permission (id,created_at,created_by,deleted,deleted_at,deleted_by,modified_at,modified_by,restored_at,restored_by,version,linked_permission_id,name,parent_id,domain_id,project_id,system_create,tenant_id,`type`) VALUES	 (862170965868546,'2022-02-10 02:36:54','0U8AZTODP4H0',0,NULL,NULL,'2022-02-10 02:36:54','0U8AZTODP4H0',NULL,NULL,0,NULL,'EDIT_PROJECT_INFO','0Y8HM3UAYUBK','0Y8HM3VGHEKG','0P8HE307W6IO',1,NULL,'COMMON'),	 (862170991034369,'2022-02-10 02:37:41','0U8AZTODP4H0',0,NULL,NULL,'2022-02-10 02:37:41','0U8AZTODP4H0',NULL,NULL,0,NULL,'CLIENT_MNGMT','0Y8HM3TG2CJL','0Y8HM3VVGSN4','0P8HE307W6IO',1,NULL,'COMMON'),	 (862170994180097,'2022-02-10 02:37:48','0U8AZTODP4H0',0,NULL,NULL,'2022-02-10 02:37:48','0U8AZTODP4H0',NULL,NULL,0,NULL,'API_MNGMT','0Y8HM3TG2CJL','0Y8HM3VXC7WG','0P8HE307W6IO',1,NULL,'COMMON'),	 (862170997325824,'2022-02-10 02:37:53','0U8AZTODP4H0',0,NULL,NULL,'2022-02-10 02:37:53','0U8AZTODP4H0',NULL,NULL,0,NULL,'ROLE_MNGMT','0Y8HM3TG2CJL','0Y8HM3VYWEM9','0P8HE307W6IO',1,NULL,'COMMON'),	 (862171001520128,'2022-02-10 02:38:01','0U8AZTODP4H0',0,NULL,NULL,'2022-02-10 02:38:01','0U8AZTODP4H0',NULL,NULL,0,NULL,'PERMISSION_MNGMT','0Y8HM3TG2CJL','0Y8HM3W1EAYP','0P8HE307W6IO',1,NULL,'COMMON'),	 (862171046084609,'2022-02-10 02:39:27','0U8AZTODP4H0',0,NULL,NULL,'2022-02-10 02:39:27','0U8AZTODP4H0',NULL,NULL,0,NULL,'USER_MNGMT','0Y8HM3TG2CJL','0Y8HM3WS8POG','0P8HE307W6IO',1,NULL,'COMMON'),	 (862171060240394,'2022-02-10 02:39:53','0U8AZTODP4H0',0,NULL,NULL,'2022-02-10 02:39:53','0U8AZTODP4H0',NULL,NULL,0,'0Y8HHJ47NBD6','CREATE_CLIENT','0Y8HM3VVGSN4','0Y8HM3X0O4CG','0P8HE307W6IO',1,NULL,'COMMON'),	 (862171066007552,'2022-02-10 02:40:04','0U8AZTODP4H0',0,NULL,NULL,'2022-02-10 02:40:04','0U8AZTODP4H0',NULL,NULL,0,'0Y8HHJ47NBD7','EDIT_CLIENT','0Y8HM3VVGSN4','0Y8HM3X3SHS1','0P8HE307W6IO',1,NULL,'COMMON'),	 (862171072299018,'2022-02-10 02:40:16','0U8AZTODP4H0',0,NULL,NULL,'2022-02-10 02:40:16','0U8AZTODP4H0',NULL,NULL,0,'0Y8HHJ47NBD8','DELETE_CLIENT','0Y8HM3VVGSN4','0Y8HM3X7UKU8','0P8HE307W6IO',1,NULL,'COMMON'),	 (862171094319114,'2022-02-10 02:40:59','0U8AZTODP4H0',0,NULL,NULL,'2022-02-10 02:40:59','0U8AZTODP4H0',NULL,NULL,0,'0Y8HHJ47NBDP','VIEW_CLIENT','0Y8HM3VVGSN4','0Y8HM3XKYJNK','0P8HE307W6IO',1,NULL,'COMMON');
INSERT INTO permission (id,created_at,created_by,deleted,deleted_at,deleted_by,modified_at,modified_by,restored_at,restored_by,version,linked_permission_id,name,parent_id,domain_id,project_id,system_create,tenant_id,`type`) VALUES	 (862171132592128,'2022-02-10 02:42:11','0U8AZTODP4H0',0,NULL,NULL,'2022-02-10 02:42:11','0U8AZTODP4H0',NULL,NULL,0,'0Y8HHJ47NBD4','VIEW_CLIENT_SUMMARY','0Y8HM3VVGSN4','0Y8HM3Y7FMX4','0P8HE307W6IO',1,NULL,'COMMON'),	 (862171157757962,'2022-02-10 02:42:59','0U8AZTODP4H0',0,NULL,NULL,'2022-02-10 02:42:59','0U8AZTODP4H0',NULL,NULL,0,'0Y8HHJ47NBDQ','PATCH_CLIENT','0Y8HM3VVGSN4','0Y8HM3YMQ9DS','0P8HE307W6IO',1,NULL,'COMMON'),	 (862171168768010,'2022-02-10 02:43:21','0U8AZTODP4H0',0,NULL,NULL,'2022-02-10 02:43:21','0U8AZTODP4H0',NULL,NULL,0,'0Y8HHJ47NBDM','VIEW_API_SUMMARY','0Y8HM3VXC7WG','0Y8HM3YTA8SG','0P8HE307W6IO',1,NULL,'COMMON'),	 (862171185020938,'2022-02-10 02:43:52','0U8AZTODP4H0',0,NULL,NULL,'2022-02-10 02:43:52','0U8AZTODP4H0',NULL,NULL,0,'0Y8HHJ47NBDS','VIEW_API','0Y8HM3VXC7WG','0Y8HM3Z2YLMO','0P8HE307W6IO',1,NULL,'COMMON'),	 (862171185020939,'2022-02-10 02:43:52','0U8AZTODP4H0',0,NULL,NULL,'2022-02-10 02:43:52','0U8AZTODP4H0',NULL,NULL,0,'0Y8HHJ47NBEH','VIEW_CORS_SUMMARY','0Y8HM3VXC7WG','0Y8HM3Z2YLM1','0P8HE307W6IO',1,NULL,'COMMON'),	 (862171185020940,'2022-02-10 02:43:52','0U8AZTODP4H0',0,NULL,NULL,'2022-02-10 02:43:52','0U8AZTODP4H0',NULL,NULL,0,'0Y8HHJ47NBEM','VIEW_CACHE_SUMMARY','0Y8HM3VXC7WG','0Y8HM3Z2YLM2','0P8HE307W6IO',1,NULL,'COMMON'),	 (862171196030985,'2022-02-10 02:44:12','0U8AZTODP4H0',0,NULL,NULL,'2022-02-10 02:44:12','0U8AZTODP4H0',NULL,NULL,0,'0Y8HHJ47NBDN','EDIT_API','0Y8HM3VXC7WG','0Y8HM3Z97CHT','0P8HE307W6IO',1,NULL,'COMMON'),	 (862171201798155,'2022-02-10 02:44:24','0U8AZTODP4H0',0,NULL,NULL,'2022-02-10 02:44:24','0U8AZTODP4H0',NULL,NULL,0,'0Y8HHJ47NBDO','DELETE_API','0Y8HM3VXC7WG','0Y8HM3ZCY70G','0P8HE307W6IO',1,NULL,'COMMON'),	 (862171208613899,'2022-02-10 02:44:37','0U8AZTODP4H0',0,NULL,NULL,'2022-02-10 02:44:37','0U8AZTODP4H0',NULL,NULL,0,'0Y8HHJ47NBDL','CREATE_API','0Y8HM3VXC7WG','0Y8HM3ZH0A2O','0P8HE307W6IO',1,NULL,'COMMON'),	 (862171220672521,'2022-02-10 02:44:59','0U8AZTODP4H0',0,NULL,NULL,'2022-02-10 02:44:59','0U8AZTODP4H0',NULL,NULL,0,'0Y8HHJ47NBDW','PATCH_API','0Y8HM3VXC7WG','0Y8HM3ZNVI0X','0P8HE307W6IO',1,NULL,'COMMON');
INSERT INTO permission (id,created_at,created_by,deleted,deleted_at,deleted_by,modified_at,modified_by,restored_at,restored_by,version,linked_permission_id,name,parent_id,domain_id,project_id,system_create,tenant_id,`type`) VALUES	 (862171229585417,'2022-02-10 02:45:16','0U8AZTODP4H0',0,NULL,NULL,'2022-02-10 02:45:16','0U8AZTODP4H0',NULL,NULL,0,'0Y8HHJ47NBDV','BATCH_DELETE_API','0Y8HM3VXC7WG','0Y8HM3ZT6JEW','0P8HE307W6IO',1,NULL,'COMMON'),	 (862171295645705,'2022-02-10 02:47:22','0U8AZTODP4H0',0,NULL,NULL,'2022-02-10 02:47:22','0U8AZTODP4H0',NULL,NULL,0,'0Y8HKE2QAIVF','DELETE_ROLE','0Y8HM3VYWEM9','0Y8HM40WIFPD','0P8HE307W6IO',1,NULL,'COMMON'),	 (862171299840010,'2022-02-10 02:47:30','0U8AZTODP4H0',0,NULL,NULL,'2022-02-10 02:47:30','0U8AZTODP4H0',NULL,NULL,0,'0Y8HKE24FWUI','EDIT_ROLE','0Y8HM3VYWEM9','0Y8HM40ZBKLC','0P8HE307W6IO',1,NULL,'COMMON'),	 (862171306655753,'2022-02-10 02:47:43','0U8AZTODP4H0',0,NULL,NULL,'2022-02-10 02:47:43','0U8AZTODP4H0',NULL,NULL,0,'0Y8HKACDVMDL','VIEW_ROLE','0Y8HM3VYWEM9','0Y8HM4132F41','0P8HE307W6IO',1,NULL,'COMMON'),	 (862171316617227,'2022-02-10 02:48:03','0U8AZTODP4H0',0,NULL,NULL,'2022-02-10 02:48:03','0U8AZTODP4H0',NULL,NULL,0,'0Y8HHJ47NBEY','CREATE_ROLE','0Y8HM3VYWEM9','0Y8HM419B5Z5','0P8HE307W6IO',1,NULL,'COMMON'),	 (862171325006034,'2022-02-10 02:48:19','0U8AZTODP4H0',0,NULL,NULL,'2022-02-10 02:48:19','0U8AZTODP4H0',NULL,NULL,0,'0Y8HHJ47NBEX','VIEW_ROLE_SUMMARY','0Y8HM3VYWEM9','0Y8HM41EAYTJ','0P8HE307W6IO',1,NULL,'COMMON'),	 (862171388968970,'2022-02-10 02:50:20','0U8AZTODP4H0',0,NULL,NULL,'2022-02-10 02:50:20','0U8AZTODP4H0',NULL,NULL,0,'0Y8HHJ47NBEW','CREATE_PERMISSION','0Y8HM3W1EAYP','0Y8HM42GDWXS','0P8HE307W6IO',1,NULL,'COMMON'),	 (862171397881866,'2022-02-10 02:50:37','0U8AZTODP4H0',0,NULL,NULL,'2022-02-10 02:50:37','0U8AZTODP4H0',NULL,NULL,0,'0Y8HHJ47NBEV','VIEW_PERMISSION_SUMMARY','0Y8HM3W1EAYP','0Y8HM42LOY68','0P8HE307W6IO',1,NULL,'COMMON'),	 (862171406270472,'2022-02-10 02:50:53','0U8AZTODP4H0',0,NULL,NULL,'2022-02-10 02:50:53','0U8AZTODP4H0',NULL,NULL,0,'0Y8HLUWG1UJ8','VIEW_PERMISSION','0Y8HM3W1EAYP','0Y8HM42QOQV4','0P8HE307W6IO',1,NULL,'COMMON'),	 (862171421474823,'2022-02-10 02:51:22','0U8AZTODP4H0',0,NULL,NULL,'2022-02-10 02:51:22','0U8AZTODP4H0',NULL,NULL,0,'0Y8HLUWKQEJ1','EDIT_PERMISSION','0Y8HM3W1EAYP','0Y8HM42ZFE88','0P8HE307W6IO',1,NULL,'COMMON');
INSERT INTO permission (id,created_at,created_by,deleted,deleted_at,deleted_by,modified_at,modified_by,restored_at,restored_by,version,linked_permission_id,name,parent_id,domain_id,project_id,system_create,tenant_id,`type`) VALUES	 (862171430387721,'2022-02-10 02:51:40','0U8AZTODP4H0',0,NULL,NULL,'2022-02-10 02:51:40','0U8AZTODP4H0',NULL,NULL,0,'0Y8HLUWOH91P','DELETE_PERMISSION','0Y8HM3W1EAYP','0Y8HM4351NUP','0P8HE307W6IO',1,NULL,'COMMON'),	 (862171436154889,'2022-02-10 02:51:51','0U8AZTODP4H0',0,NULL,NULL,'2022-02-10 02:51:51','0U8AZTODP4H0',NULL,NULL,0,'0Y8HLUWMX2BX','PATCH_PERMISSION','0Y8HM3W1EAYP','0Y8HM438H9TS','0P8HE307W6IO',1,NULL,'COMMON'),	 (862171488583689,'2022-02-10 02:53:30','0U8AZTODP4H0',0,NULL,NULL,'2022-02-10 02:53:30','0U8AZTODP4H0',NULL,NULL,0,'0Y8HK4ZLA03Q','VIEW_TENANT_USER_SUMMARY','0Y8HM3WS8POG','0Y8HM443DRLT','0P8HE307W6IO',1,NULL,'COMMON'),	 (862171494350859,'2022-02-10 02:53:42','0U8AZTODP4H0',0,NULL,NULL,'2022-02-10 02:53:42','0U8AZTODP4H0',NULL,NULL,0,'0Y8HKEMUH34B','VIEW_TENANT_USER','0Y8HM3WS8POG','0Y8HM4474M4G','0P8HE307W6IO',1,NULL,'COMMON'),	 (862171502215178,'2022-02-10 02:53:57','0U8AZTODP4H0',0,NULL,NULL,'2022-02-10 02:53:57','0U8AZTODP4H0',NULL,NULL,0,'0Y8HKEMWNQX7','EDIT_TENANT_USER','0Y8HM3WS8POG','0Y8HM44BT69S','0P8HE307W6IO',1,NULL,'COMMON'),	 (862382467317778,'2022-02-14 18:40:21','NOT_HTTP',0,NULL,NULL,'2022-02-14 18:40:21','NOT_HTTP',NULL,NULL,0,NULL,'0E8HOT1AO8OW','0Y8HHJ47NBD3','0Y8HOT1AO8P8','0P8HE307W6IO',1,NULL,'API'),	 (862382501396561,'2022-02-14 18:41:26','NOT_HTTP',0,NULL,NULL,'2022-02-14 18:41:26','NOT_HTTP',NULL,NULL,0,NULL,'0E8HOT1UYO00','0Y8HHJ47NBD3','0Y8HOT1UYO0D','0P8HE307W6IO',1,NULL,'API'),	 (862382517649415,'2022-02-14 18:41:57','NOT_HTTP',0,NULL,NULL,'2022-02-14 18:41:57','NOT_HTTP',NULL,NULL,0,NULL,'0E8HOT24N0U8','0Y8HHJ47NBD3','0Y8HOT24N0UK','0P8HE307W6IO',1,NULL,'API'),	 (862382524465170,'2022-02-14 18:42:10','NOT_HTTP',0,NULL,NULL,'2022-02-14 18:42:10','NOT_HTTP',NULL,NULL,0,NULL,'0E8HOT28P3WG','0Y8HHJ47NBD3','0Y8HOT28P3WT','0P8HE307W6IO',1,NULL,'API'),	 (862382783987793,'2022-02-14 18:50:25','NOT_HTTP',0,NULL,NULL,'2022-02-14 18:50:25','NOT_HTTP',NULL,NULL,0,NULL,'0E8HOT6J7KSH','0Y8HHJ47NBD3','0Y8HOT6J7KST','0P8HE307W6IO',1,NULL,'API');
INSERT INTO permission (id,created_at,created_by,deleted,deleted_at,deleted_by,modified_at,modified_by,restored_at,restored_by,version,linked_permission_id,name,parent_id,domain_id,project_id,system_create,tenant_id,`type`) VALUES	 (862382793424903,'2022-02-14 18:50:43','NOT_HTTP',0,NULL,NULL,'2022-02-14 18:50:43','NOT_HTTP',NULL,NULL,0,NULL,'0E8HOT6OTUKG','0Y8HHJ47NBD3','0Y8HOT6OTUKS','0P8HE307W6IO',1,NULL,'API'),	 (862402490401254,'2022-02-15 05:16:52','NOT_HTTP',0,NULL,NULL,'2022-02-15 05:16:52','NOT_HTTP',NULL,NULL,0,NULL,'0E8HP28FWEF5','0Y8HHJ47NBD3','0Y8HP28G7MYV','0P8HE307W6IO',1,NULL,'API'),	 (862433015496708,'2022-02-15 21:27:13','NOT_HTTP',0,NULL,NULL,'2022-02-15 21:27:13','NOT_HTTP',NULL,NULL,0,NULL,'0P8HPG99R56P',NULL,'0Y8HPG9A2DQB','0P8HE307W6IO',1,'0P8HPG99R56P','PROJECT'),	 (862433015496710,'2022-02-15 21:27:13','NOT_HTTP',0,NULL,NULL,'2022-02-15 21:27:13','NOT_HTTP',NULL,NULL,0,NULL,'PROJECT_INFO_MNGMT','0Y8HPG9A2DQB','0Y8HPG9A2DQD','0P8HE307W6IO',1,'0P8HPG99R56P','COMMON'),	 (862433015496712,'2022-02-15 21:27:13','NOT_HTTP',0,NULL,NULL,'2022-02-15 21:27:13','NOT_HTTP',NULL,NULL,0,'0Y8HHJ47NBEU','VIEW_PROJECT_INFO','0Y8HPG9A2DQD','0Y8HPG9A2DQF','0P8HE307W6IO',1,'0P8HPG99R56P','COMMON'),	 (862433015496714,'2022-02-15 21:27:13','NOT_HTTP',0,NULL,NULL,'2022-02-15 21:27:13','NOT_HTTP',NULL,NULL,0,NULL,'EDIT_PROJECT_INFO','0Y8HPG9A2DQD','0Y8HPG9A2DQH','0P8HE307W6IO',1,'0P8HPG99R56P','COMMON'),	 (862433015496716,'2022-02-15 21:27:13','NOT_HTTP',0,NULL,NULL,'2022-02-15 21:27:13','NOT_HTTP',NULL,NULL,0,NULL,'CLIENT_MNGMT','0Y8HPG9A2DQB','0Y8HPG9A2DQJ','0P8HE307W6IO',1,'0P8HPG99R56P','COMMON'),	 (862433015496718,'2022-02-15 21:27:13','NOT_HTTP',0,NULL,NULL,'2022-02-15 21:27:13','NOT_HTTP',NULL,NULL,0,'0Y8HHJ47NBD6','CREATE_CLIENT','0Y8HPG9A2DQJ','0Y8HPG9A2DQL','0P8HE307W6IO',1,'0P8HPG99R56P','COMMON'),	 (862433015496720,'2022-02-15 21:27:13','NOT_HTTP',0,NULL,NULL,'2022-02-15 21:27:13','NOT_HTTP',NULL,NULL,0,'0Y8HHJ47NBDP','VIEW_CLIENT','0Y8HPG9A2DQJ','0Y8HPG9A2DQN','0P8HE307W6IO',1,'0P8HPG99R56P','COMMON'),	 (862433015496722,'2022-02-15 21:27:13','NOT_HTTP',0,NULL,NULL,'2022-02-15 21:27:13','NOT_HTTP',NULL,NULL,0,'0Y8HHJ47NBD7','EDIT_CLIENT','0Y8HPG9A2DQJ','0Y8HPG9A2DQP','0P8HE307W6IO',1,'0P8HPG99R56P','COMMON');
INSERT INTO permission (id,created_at,created_by,deleted,deleted_at,deleted_by,modified_at,modified_by,restored_at,restored_by,version,linked_permission_id,name,parent_id,domain_id,project_id,system_create,tenant_id,`type`) VALUES	 (862433015496724,'2022-02-15 21:27:13','NOT_HTTP',0,NULL,NULL,'2022-02-15 21:27:13','NOT_HTTP',NULL,NULL,0,'0Y8HHJ47NBD8','DELETE_CLIENT','0Y8HPG9A2DQJ','0Y8HPG9A2DQR','0P8HE307W6IO',1,'0P8HPG99R56P','COMMON'),	 (862433015496726,'2022-02-15 21:27:13','NOT_HTTP',0,NULL,NULL,'2022-02-15 21:27:13','NOT_HTTP',NULL,NULL,0,'0Y8HHJ47NBD4','VIEW_CLIENT_SUMMARY','0Y8HPG9A2DQJ','0Y8HPG9A2DQT','0P8HE307W6IO',1,'0P8HPG99R56P','COMMON'),	 (862433015496728,'2022-02-15 21:27:13','NOT_HTTP',0,NULL,NULL,'2022-02-15 21:27:13','NOT_HTTP',NULL,NULL,0,'0Y8HHJ47NBDQ','PATCH_CLIENT','0Y8HPG9A2DQJ','0Y8HPG9A2DQV','0P8HE307W6IO',1,'0P8HPG99R56P','COMMON'),	 (862433015496730,'2022-02-15 21:27:13','NOT_HTTP',0,NULL,NULL,'2022-02-15 21:27:13','NOT_HTTP',NULL,NULL,0,NULL,'API_MNGMT','0Y8HPG9A2DQB','0Y8HPG9A2DQX','0P8HE307W6IO',1,'0P8HPG99R56P','COMMON'),	 (862433015496732,'2022-02-15 21:27:13','NOT_HTTP',0,NULL,NULL,'2022-02-15 21:27:13','NOT_HTTP',NULL,NULL,0,'0Y8HHJ47NBDM','VIEW_API_SUMMARY','0Y8HPG9A2DQX','0Y8HPG9A2DQZ','0P8HE307W6IO',1,'0P8HPG99R56P','COMMON'),	 (862433015496734,'2022-02-15 21:27:13','NOT_HTTP',0,NULL,NULL,'2022-02-15 21:27:13','NOT_HTTP',NULL,NULL,0,'0Y8HHJ47NBDS','VIEW_API','0Y8HPG9A2DQX','0Y8HPG9A2DR1','0P8HE307W6IO',1,'0P8HPG99R56P','COMMON'),	 (862433015496736,'2022-02-15 21:27:13','NOT_HTTP',0,NULL,NULL,'2022-02-15 21:27:13','NOT_HTTP',NULL,NULL,0,'0Y8HHJ47NBDN','EDIT_API','0Y8HPG9A2DQX','0Y8HPG9A2DR3','0P8HE307W6IO',1,'0P8HPG99R56P','COMMON'),	 (862433015496738,'2022-02-15 21:27:13','NOT_HTTP',0,NULL,NULL,'2022-02-15 21:27:13','NOT_HTTP',NULL,NULL,0,'0Y8HHJ47NBDO','DELETE_API','0Y8HPG9A2DQX','0Y8HPG9A2DR5','0P8HE307W6IO',1,'0P8HPG99R56P','COMMON'),	 (862433015496740,'2022-02-15 21:27:13','NOT_HTTP',0,NULL,NULL,'2022-02-15 21:27:13','NOT_HTTP',NULL,NULL,0,'0Y8HHJ47NBDL','CREATE_API','0Y8HPG9A2DQX','0Y8HPG9A2DR7','0P8HE307W6IO',1,'0P8HPG99R56P','COMMON'),	 (862433015496742,'2022-02-15 21:27:13','NOT_HTTP',0,NULL,NULL,'2022-02-15 21:27:13','NOT_HTTP',NULL,NULL,0,'0Y8HHJ47NBDW','PATCH_API','0Y8HPG9A2DQX','0Y8HPG9A2DR9','0P8HE307W6IO',1,'0P8HPG99R56P','COMMON');
INSERT INTO permission (id,created_at,created_by,deleted,deleted_at,deleted_by,modified_at,modified_by,restored_at,restored_by,version,linked_permission_id,name,parent_id,domain_id,project_id,system_create,tenant_id,`type`) VALUES	 (862433015496744,'2022-02-15 21:27:13','NOT_HTTP',0,NULL,NULL,'2022-02-15 21:27:13','NOT_HTTP',NULL,NULL,0,'0Y8HHJ47NBDV','BATCH_DELETE_API','0Y8HPG9A2DQX','0Y8HPG9A2DRB','0P8HE307W6IO',1,'0P8HPG99R56P','COMMON'),	 (862433015496746,'2022-02-15 21:27:13','NOT_HTTP',0,NULL,NULL,'2022-02-15 21:27:13','NOT_HTTP',NULL,NULL,0,'0Y8HHJ47NBEH','VIEW_CORS_SUMMARY','0Y8HPG9A2DQX','0Y8HPG9A2DRD','0P8HE307W6IO',1,'0P8HPG99R56P','COMMON'),	 (862433015496748,'2022-02-15 21:27:13','NOT_HTTP',0,NULL,NULL,'2022-02-15 21:27:13','NOT_HTTP',NULL,NULL,0,'0Y8HHJ47NBEM','VIEW_CACHE_SUMMARY','0Y8HPG9A2DQX','0Y8HPG9A2DRF','0P8HE307W6IO',1,'0P8HPG99R56P','COMMON'),	 (862433015496750,'2022-02-15 21:27:13','NOT_HTTP',0,NULL,NULL,'2022-02-15 21:27:13','NOT_HTTP',NULL,NULL,0,NULL,'ROLE_MNGMT','0Y8HPG9A2DQB','0Y8HPG9A2DRH','0P8HE307W6IO',1,'0P8HPG99R56P','COMMON'),	 (862433015496752,'2022-02-15 21:27:13','NOT_HTTP',0,NULL,NULL,'2022-02-15 21:27:13','NOT_HTTP',NULL,NULL,0,'0Y8HKE2QAIVF','DELETE_ROLE','0Y8HPG9A2DRH','0Y8HPG9A2DRJ','0P8HE307W6IO',1,'0P8HPG99R56P','COMMON'),	 (862433015496754,'2022-02-15 21:27:13','NOT_HTTP',0,NULL,NULL,'2022-02-15 21:27:13','NOT_HTTP',NULL,NULL,0,'0Y8HKE24FWUI','EDIT_ROLE','0Y8HPG9A2DRH','0Y8HPG9A2DRL','0P8HE307W6IO',1,'0P8HPG99R56P','COMMON'),	 (862433015496756,'2022-02-15 21:27:13','NOT_HTTP',0,NULL,NULL,'2022-02-15 21:27:13','NOT_HTTP',NULL,NULL,0,'0Y8HHJ47NBEY','CREATE_ROLE','0Y8HPG9A2DRH','0Y8HPG9A2DRN','0P8HE307W6IO',1,'0P8HPG99R56P','COMMON'),	 (862433015496758,'2022-02-15 21:27:13','NOT_HTTP',0,NULL,NULL,'2022-02-15 21:27:13','NOT_HTTP',NULL,NULL,0,'0Y8HKACDVMDL','VIEW_ROLE','0Y8HPG9A2DRH','0Y8HPG9A2DRP','0P8HE307W6IO',1,'0P8HPG99R56P','COMMON'),	 (862433015496760,'2022-02-15 21:27:13','NOT_HTTP',0,NULL,NULL,'2022-02-15 21:27:13','NOT_HTTP',NULL,NULL,0,'0Y8HHJ47NBEX','VIEW_ROLE_SUMMARY','0Y8HPG9A2DRH','0Y8HPG9A2DRR','0P8HE307W6IO',1,'0P8HPG99R56P','COMMON'),	 (862433015496762,'2022-02-15 21:27:13','NOT_HTTP',0,NULL,NULL,'2022-02-15 21:27:13','NOT_HTTP',NULL,NULL,0,NULL,'PERMISSION_MNGMT','0Y8HPG9A2DQB','0Y8HPG9A2DRT','0P8HE307W6IO',1,'0P8HPG99R56P','COMMON');
INSERT INTO permission (id,created_at,created_by,deleted,deleted_at,deleted_by,modified_at,modified_by,restored_at,restored_by,version,linked_permission_id,name,parent_id,domain_id,project_id,system_create,tenant_id,`type`) VALUES	 (862433015496764,'2022-02-15 21:27:13','NOT_HTTP',0,NULL,NULL,'2022-02-15 21:27:13','NOT_HTTP',NULL,NULL,0,'0Y8HHJ47NBEW','CREATE_PERMISSION','0Y8HPG9A2DRT','0Y8HPG9A2DRV','0P8HE307W6IO',1,'0P8HPG99R56P','COMMON'),	 (862433015496766,'2022-02-15 21:27:13','NOT_HTTP',0,NULL,NULL,'2022-02-15 21:27:13','NOT_HTTP',NULL,NULL,0,'0Y8HHJ47NBEV','VIEW_PERMISSION_SUMMARY','0Y8HPG9A2DRT','0Y8HPG9A2DRX','0P8HE307W6IO',1,'0P8HPG99R56P','COMMON'),	 (862433015496768,'2022-02-15 21:27:13','NOT_HTTP',0,NULL,NULL,'2022-02-15 21:27:13','NOT_HTTP',NULL,NULL,0,'0Y8HLUWG1UJ8','VIEW_PERMISSION','0Y8HPG9A2DRT','0Y8HPG9A2DRZ','0P8HE307W6IO',1,'0P8HPG99R56P','COMMON'),	 (862433015496770,'2022-02-15 21:27:13','NOT_HTTP',0,NULL,NULL,'2022-02-15 21:27:13','NOT_HTTP',NULL,NULL,0,'0Y8HLUWKQEJ1','EDIT_PERMISSION','0Y8HPG9A2DRT','0Y8HPG9A2DS1','0P8HE307W6IO',1,'0P8HPG99R56P','COMMON'),	 (862433015496772,'2022-02-15 21:27:13','NOT_HTTP',0,NULL,NULL,'2022-02-15 21:27:13','NOT_HTTP',NULL,NULL,0,'0Y8HLUWOH91P','DELETE_PERMISSION','0Y8HPG9A2DRT','0Y8HPG9A2DS3','0P8HE307W6IO',1,'0P8HPG99R56P','COMMON'),	 (862433015496774,'2022-02-15 21:27:13','NOT_HTTP',0,NULL,NULL,'2022-02-15 21:27:13','NOT_HTTP',NULL,NULL,0,'0Y8HLUWMX2BX','PATCH_PERMISSION','0Y8HPG9A2DRT','0Y8HPG9A2DS5','0P8HE307W6IO',1,'0P8HPG99R56P','COMMON'),	 (862433015496776,'2022-02-15 21:27:13','NOT_HTTP',0,NULL,NULL,'2022-02-15 21:27:13','NOT_HTTP',NULL,NULL,0,NULL,'USER_MNGMT','0Y8HPG9A2DQB','0Y8HPG9A2DS7','0P8HE307W6IO',1,'0P8HPG99R56P','COMMON'),	 (862433015496778,'2022-02-15 21:27:13','NOT_HTTP',0,NULL,NULL,'2022-02-15 21:27:13','NOT_HTTP',NULL,NULL,0,'0Y8HK4ZLA03Q','VIEW_TENANT_USER_SUMMARY','0Y8HPG9A2DS7','0Y8HPG9A2DS9','0P8HE307W6IO',1,'0P8HPG99R56P','COMMON'),	 (862433015496780,'2022-02-15 21:27:13','NOT_HTTP',0,NULL,NULL,'2022-02-15 21:27:13','NOT_HTTP',NULL,NULL,0,'0Y8HKEMUH34B','VIEW_TENANT_USER','0Y8HPG9A2DS7','0Y8HPG9A2DSB','0P8HE307W6IO',1,'0P8HPG99R56P','COMMON'),	 (862433015496782,'2022-02-15 21:27:13','NOT_HTTP',0,NULL,NULL,'2022-02-15 21:27:13','NOT_HTTP',NULL,NULL,0,'0Y8HKEMWNQX7','EDIT_TENANT_USER','0Y8HPG9A2DS7','0Y8HPG9A2DSD','0P8HE307W6IO',1,'0P8HPG99R56P','COMMON');
INSERT INTO permission (id,created_at,created_by,deleted,deleted_at,deleted_by,modified_at,modified_by,restored_at,restored_by,version,linked_permission_id,name,parent_id,domain_id,project_id,system_create,tenant_id,`type`) VALUES	 (862433015496784,'2022-02-15 21:27:13','NOT_HTTP',0,NULL,NULL,'2022-02-15 21:27:13','NOT_HTTP',NULL,NULL,0,NULL,'API_ACCESS',NULL,'0Y8HPG9A2DSF','0P8HPG99R56P',1,NULL,'API_ROOT'),	 (862446240661532,'2022-02-16 04:27:39','NOT_HTTP',0,NULL,NULL,'2022-02-16 04:27:39','NOT_HTTP',NULL,NULL,0,NULL,'0E8HPMBZOBNL','0Y8HPG9A2DSF','0Y8HPMBZOBO0','0P8HPG99R56P',1,NULL,'API'),	 (862469695209494,'2022-02-16 16:53:14','NOT_HTTP',0,NULL,NULL,'2022-02-16 16:53:14','NOT_HTTP',NULL,NULL,0,NULL,'0E8HPX3VLG5D','0Y8HPG9A2DSF','0Y8HPX3VWOP1','0P8HPG99R56P',1,NULL,'API'),	 (862469705170971,'2022-02-16 16:53:33','NOT_HTTP',0,NULL,NULL,'2022-02-16 16:53:33','NOT_HTTP',NULL,NULL,0,NULL,'0E8HPX41U70G','0Y8HPG9A2DSF','0Y8HPX41U70V','0P8HPG99R56P',1,NULL,'API'),	 (862469723521282,'2022-02-16 16:54:08','NOT_HTTP',0,NULL,NULL,'2022-02-16 16:54:08','NOT_HTTP',NULL,NULL,0,NULL,'0E8HPX4CG9HD','0Y8HPG9A2DSF','0Y8HPX4CRI11','0P8HPG99R56P',1,NULL,'API'),	 (862469747114011,'2022-02-16 16:54:53','NOT_HTTP',0,NULL,NULL,'2022-02-16 16:54:53','NOT_HTTP',NULL,NULL,0,NULL,'0E8HPX4QHY35','0Y8HPG9A2DSF','0Y8HPX4QHY3K','0P8HPG99R56P',1,NULL,'API'),	 (862469759172898,'2022-02-16 16:55:16','NOT_HTTP',0,NULL,NULL,'2022-02-16 16:55:16','NOT_HTTP',NULL,NULL,0,NULL,'0E8HPX4XOEF5','0Y8HPG9A2DSF','0Y8HPX4XZMYT','0P8HPG99R56P',1,NULL,'API'),	 (862469786959899,'2022-02-16 16:56:09','NOT_HTTP',0,NULL,NULL,'2022-02-16 16:56:09','NOT_HTTP',NULL,NULL,0,NULL,'0E8HPX5EJ7R4','0Y8HPG9A2DSF','0Y8HPX5EJ7RJ','0P8HPG99R56P',1,NULL,'API'),	 (862469790106430,'2022-02-16 16:56:15','NOT_HTTP',0,NULL,NULL,'2022-02-16 16:56:15','NOT_HTTP',NULL,NULL,0,NULL,'0E8HPX5G3EGX','0Y8HPG9A2DSF','0Y8HPX5G3EHC','0P8HPG99R56P',1,NULL,'API'),	 (862469893390369,'2022-02-16 16:59:32','NOT_HTTP',0,NULL,NULL,'2022-02-16 16:59:32','NOT_HTTP',NULL,NULL,0,NULL,'0E8HPX75L5HQ','0Y8HPG9A2DSF','0Y8HPX75L5I5','0P8HPG99R56P',1,NULL,'API');
INSERT INTO permission (id,created_at,created_by,deleted,deleted_at,deleted_by,modified_at,modified_by,restored_at,restored_by,version,linked_permission_id,name,parent_id,domain_id,project_id,system_create,tenant_id,`type`) VALUES	 (862469944770935,'2022-02-16 17:01:10','NOT_HTTP',0,NULL,NULL,'2022-02-16 17:01:10','NOT_HTTP',NULL,NULL,0,NULL,'0E8HPX806EPS','0Y8HPG9A2DSF','0Y8HPX806EQ8','0P8HPG99R56P',1,NULL,'API'),	 (862469958402064,'2022-02-16 17:01:36','NOT_HTTP',0,NULL,NULL,'2022-02-16 17:01:36','NOT_HTTP',NULL,NULL,0,NULL,'0E8HPX88AKU8','0Y8HPG9A2DSF','0Y8HPX88AKUN','0P8HPG99R56P',1,NULL,'API'),	 (862470017646628,'2022-02-16 17:03:29','NOT_HTTP',0,NULL,NULL,'2022-02-16 17:03:29','NOT_HTTP',NULL,NULL,0,NULL,'0E8HPX97VMRY','0Y8HPG9A2DSF','0Y8HPX97VMSD','0P8HPG99R56P',1,NULL,'API'),	 (862470037569568,'2022-02-16 17:04:07','NOT_HTTP',0,NULL,NULL,'2022-02-16 17:04:07','NOT_HTTP',NULL,NULL,0,NULL,'0E8HPX9JFEV4','0Y8HPG9A2DSF','0Y8HPX9JFEVJ','0P8HPG99R56P',1,NULL,'API'),	 (862470049628187,'2022-02-16 17:04:30','NOT_HTTP',0,NULL,NULL,'2022-02-16 17:04:30','NOT_HTTP',NULL,NULL,0,NULL,'0E8HPX9QX3WG','0Y8HPG9A2DSF','0Y8HPX9QX3WV','0P8HPG99R56P',1,NULL,'API'),	 (862470056968205,'2022-02-16 17:04:44','NOT_HTTP',0,NULL,NULL,'2022-02-16 17:04:44','NOT_HTTP',NULL,NULL,0,NULL,'0E8HPX9UZ6YO','0Y8HPG9A2DSF','0Y8HPX9UZ6Z4','0P8HPG99R56P',1,NULL,'API'),	 (862470499991946,'2022-02-16 17:18:49','NOT_HTTP',0,NULL,NULL,'2022-02-16 17:18:49','NOT_HTTP',NULL,NULL,0,NULL,'0E8HPXH6QPZ4','0Y8HPG9A2DSF','0Y8HPXH6QPZK','0P8HPG99R56P',1,NULL,'API'),	 (862470506283031,'2022-02-16 17:19:01','NOT_HTTP',0,NULL,NULL,'2022-02-16 17:19:01','NOT_HTTP',NULL,NULL,0,NULL,'0E8HPXHAST1C','0Y8HPG9A2DSF','0Y8HPXHAST1R','0P8HPG99R56P',1,NULL,'API'),	 (862470525682059,'2022-02-16 17:19:38','NOT_HTTP',0,NULL,NULL,'2022-02-16 17:19:38','NOT_HTTP',NULL,NULL,0,NULL,'0E8HPXHM1CLD','0Y8HPG9A2DSF','0Y8HPXHMCL51','0P8HPG99R56P',1,NULL,'API'),	 (862470545604994,'2022-02-16 17:20:16','NOT_HTTP',0,NULL,NULL,'2022-02-16 17:20:16','NOT_HTTP',NULL,NULL,0,NULL,'0E8HPXHXWDDH','0Y8HPG9A2DSF','0Y8HPXHXWDDW','0P8HPG99R56P',1,NULL,'API');
INSERT INTO permission (id,created_at,created_by,deleted,deleted_at,deleted_by,modified_at,modified_by,restored_at,restored_by,version,linked_permission_id,name,parent_id,domain_id,project_id,system_create,tenant_id,`type`) VALUES	 (862470558187554,'2022-02-16 17:20:40','NOT_HTTP',0,NULL,NULL,'2022-02-16 17:20:40','NOT_HTTP',NULL,NULL,0,NULL,'0E8HPXI5E29S','0Y8HPG9A2DSF','0Y8HPXI5E2A7','0P8HPG99R56P',1,NULL,'API'),	 (862470570770480,'2022-02-16 17:21:04','NOT_HTTP',0,NULL,NULL,'2022-02-16 17:21:04','NOT_HTTP',NULL,NULL,0,NULL,'0E8HPXID6ZUO','0Y8HPG9A2DSF','0Y8HPXID6ZV3','0P8HPG99R56P',1,NULL,'API'),	 (862470587023399,'2022-02-16 17:21:35','NOT_HTTP',0,NULL,NULL,'2022-02-16 17:21:35','NOT_HTTP',NULL,NULL,0,NULL,'0E8HPXIMVCOW','0Y8HPG9A2DSF','0Y8HPXIMVCPB','0P8HPG99R56P',1,NULL,'API'),	 (862470593314850,'2022-02-16 17:21:47','NOT_HTTP',0,NULL,NULL,'2022-02-16 17:21:47','NOT_HTTP',NULL,NULL,0,NULL,'0E8HPXIQAYO0','0Y8HPG9A2DSF','0Y8HPXIQAYOF','0P8HPG99R56P',1,NULL,'API'),	 (862470605897776,'2022-02-16 17:22:11','NOT_HTTP',0,NULL,NULL,'2022-02-16 17:22:11','NOT_HTTP',NULL,NULL,0,NULL,'0E8HPXIY3W8W','0Y8HPG9A2DSF','0Y8HPXIY3W9B','0P8HPG99R56P',1,NULL,'API'),	 (862470660423728,'2022-02-16 17:23:55','NOT_HTTP',0,NULL,NULL,'2022-02-16 17:23:55','NOT_HTTP',NULL,NULL,0,NULL,'0E8HPXJUKKVP','0Y8HPG9A2DSF','0Y8HPXJUKKW4','0P8HPG99R56P',1,NULL,'API'),	 (862470666191068,'2022-02-16 17:24:06','NOT_HTTP',0,NULL,NULL,'2022-02-16 17:24:06','NOT_HTTP',NULL,NULL,0,NULL,'0E8HPXJXOY68','0Y8HPG9A2DSF','0Y8HPXJXOY6O','0P8HPG99R56P',1,NULL,'API'),	 (862470679298442,'2022-02-16 17:24:31','NOT_HTTP',0,NULL,NULL,'2022-02-16 17:24:31','NOT_HTTP',NULL,NULL,0,NULL,'0E8HPXK5HVR4','0Y8HPG9A2DSF','0Y8HPXK5HVRJ','0P8HPG99R56P',1,NULL,'API'),	 (862470695551147,'2022-02-16 17:25:02','NOT_HTTP',0,NULL,NULL,'2022-02-16 17:25:02','NOT_HTTP',NULL,NULL,0,NULL,'0E8HPXKFHH4W','0Y8HPG9A2DSF','0Y8HPXKFHH5B','0P8HPG99R56P',1,NULL,'API'),	 (862470701318178,'2022-02-16 17:25:13','NOT_HTTP',0,NULL,NULL,'2022-02-16 17:25:13','NOT_HTTP',NULL,NULL,0,NULL,'0E8HPXKILUKG','0Y8HPG9A2DSF','0Y8HPXKILUKW','0P8HPG99R56P',1,NULL,'API');
INSERT INTO permission (id,created_at,created_by,deleted,deleted_at,deleted_by,modified_at,modified_by,restored_at,restored_by,version,linked_permission_id,name,parent_id,domain_id,project_id,system_create,tenant_id,`type`) VALUES	 (862470722289698,'2022-02-16 17:25:53','NOT_HTTP',0,NULL,NULL,'2022-02-16 17:25:53','NOT_HTTP',NULL,NULL,0,NULL,'0E8HPXKV3CAP','0Y8HPG9A2DSF','0Y8HPXKVEKUD','0P8HPG99R56P',1,NULL,'API'),	 (862470742212882,'2022-02-16 17:26:31','NOT_HTTP',0,NULL,NULL,'2022-02-16 17:26:31','NOT_HTTP',NULL,NULL,0,NULL,'0E8HPXL6YCXT','0Y8HPG9A2DSF','0Y8HPXL79LHQ','0P8HPG99R56P',1,NULL,'API'),	 (862470746408554,'2022-02-16 17:26:39','NOT_HTTP',0,NULL,NULL,'2022-02-16 17:26:39','NOT_HTTP',NULL,NULL,0,NULL,'0E8HPXL9G9A8','0Y8HPG9A2DSF','0Y8HPXL9RHTX','0P8HPG99R56P',1,NULL,'API'),	 (862470775242786,'2022-02-16 17:27:34','NOT_HTTP',0,NULL,NULL,'2022-02-16 17:27:34','NOT_HTTP',NULL,NULL,0,NULL,'0E8HPXLQMBBK','0Y8HPG9A2DSF','0Y8HPXLQMBC0','0P8HPG99R56P',1,NULL,'API'),	 (862470814564760,'2022-02-16 17:28:49','NOT_HTTP',0,NULL,NULL,'2022-02-16 17:28:49','NOT_HTTP',NULL,NULL,0,NULL,'0E8HPXMECCG0','0Y8HPG9A2DSF','0Y8HPXMECCGF','0P8HPG99R56P',1,NULL,'API'),	 (862470821904424,'2022-02-16 17:29:03','NOT_HTTP',0,NULL,NULL,'2022-02-16 17:29:03','NOT_HTTP',NULL,NULL,0,NULL,'0E8HPXMIEFI8','0Y8HPG9A2DSF','0Y8HPXMIEFIO','0P8HPG99R56P',1,NULL,'API'),	 (862470833438754,'2022-02-16 17:29:25','NOT_HTTP',0,NULL,NULL,'2022-02-16 17:29:25','NOT_HTTP',NULL,NULL,0,NULL,'0E8HPXMP9NGG','0Y8HPG9A2DSF','0Y8HPXMP9NGV','0P8HPG99R56P',1,NULL,'API'),	 (862470864371746,'2022-02-16 17:30:24','NOT_HTTP',0,NULL,NULL,'2022-02-16 17:30:24','NOT_HTTP',NULL,NULL,0,NULL,'0E8HPXN7ONI8','0Y8HPG9A2DSF','0Y8HPXN7ZW1S','0P8HPG99R56P',1,NULL,'API'),	 (862470882197538,'2022-02-16 17:30:58','NOT_HTTP',0,NULL,NULL,'2022-02-16 17:30:58','NOT_HTTP',NULL,NULL,0,NULL,'0E8HPXNIAQ4W','0Y8HPG9A2DSF','0Y8HPXNIAQ5C','0P8HPG99R56P',1,NULL,'API'),	 (862470894780449,'2022-02-16 17:31:22','NOT_HTTP',0,NULL,NULL,'2022-02-16 17:31:22','NOT_HTTP',NULL,NULL,0,NULL,'0E8HPXNPSF0H','0Y8HPG9A2DSF','0Y8HPXNQ3NK5','0P8HPG99R56P',1,NULL,'API');
INSERT INTO permission (id,created_at,created_by,deleted,deleted_at,deleted_by,modified_at,modified_by,restored_at,restored_by,version,linked_permission_id,name,parent_id,domain_id,project_id,system_create,tenant_id,`type`) VALUES	 (862470929907760,'2022-02-16 17:32:29','NOT_HTTP',0,NULL,NULL,'2022-02-16 17:32:29','NOT_HTTP',NULL,NULL,0,NULL,'0E8HPXOB0JY8','0Y8HPG9A2DSF','0Y8HPXOB0JYN','0P8HPG99R56P',1,NULL,'API'),	 (862470953500941,'2022-02-16 17:33:14','NOT_HTTP',0,NULL,NULL,'2022-02-16 17:33:14','NOT_HTTP',NULL,NULL,0,NULL,'0E8HPXOOQZUO','0Y8HPG9A2DSF','0Y8HPXOOQZV3','0P8HPG99R56P',1,NULL,'API'),	 (862470960316450,'2022-02-16 17:33:27','NOT_HTTP',0,NULL,NULL,'2022-02-16 17:33:27','NOT_HTTP',NULL,NULL,0,NULL,'0E8HPXOST2WW','0Y8HPG9A2DSF','0Y8HPXOST2XC','0P8HPG99R56P',1,NULL,'API'),	 (862470972899723,'2022-02-16 17:33:51','NOT_HTTP',0,NULL,NULL,'2022-02-16 17:33:51','NOT_HTTP',NULL,NULL,0,NULL,'0E8HPXP0ARY8','0Y8HPG9A2DSF','0Y8HPXP0ARYN','0P8HPG99R56P',1,NULL,'API'),	 (862470984433698,'2022-02-16 17:34:13','NOT_HTTP',0,NULL,NULL,'2022-02-16 17:34:13','NOT_HTTP',NULL,NULL,0,NULL,'0E8HPXP7601H','0Y8HPG9A2DSF','0Y8HPXP7601W','0P8HPG99R56P',1,NULL,'API'),	 (862470999638326,'2022-02-16 17:34:42','NOT_HTTP',0,NULL,NULL,'2022-02-16 17:34:42','NOT_HTTP',NULL,NULL,0,NULL,'0E8HPXPG7VNK','0Y8HPG9A2DSF','0Y8HPXPG7VNZ','0P8HPG99R56P',1,NULL,'API'),	 (862471005929733,'2022-02-16 17:34:54','NOT_HTTP',0,NULL,NULL,'2022-02-16 17:34:54','NOT_HTTP',NULL,NULL,0,NULL,'0E8HPXPK9YPS','0Y8HPG9A2DSF','0Y8HPXPK9YQ7','0P8HPG99R56P',1,NULL,'API'),	 (862471118651787,'2022-02-16 17:38:29','NOT_HTTP',0,NULL,NULL,'2022-02-16 17:38:29','NOT_HTTP',NULL,NULL,0,NULL,'0E8HPXRF2R4G','0Y8HPG9A2DSF','0Y8HPXRF2R4W','0P8HPG99R56P',1,NULL,'API'),	 (862471127040048,'2022-02-16 17:38:45','NOT_HTTP',0,NULL,NULL,'2022-02-16 17:38:45','NOT_HTTP',NULL,NULL,0,NULL,'0E8HPXRKDS74','0Y8HPG9A2DSF','0Y8HPXRKDS7J','0P8HPG99R56P',1,NULL,'API'),	 (862471131235520,'2022-02-16 17:38:53','NOT_HTTP',0,NULL,NULL,'2022-02-16 17:38:53','NOT_HTTP',NULL,NULL,0,NULL,'0E8HPXRMVOJK','0Y8HPG9A2DSF','0Y8HPXRMVOJZ','0P8HPG99R56P',1,NULL,'API');
INSERT INTO permission (id,created_at,created_by,deleted,deleted_at,deleted_by,modified_at,modified_by,restored_at,restored_by,version,linked_permission_id,name,parent_id,domain_id,project_id,system_create,tenant_id,`type`) VALUES	 (862471135429001,'2022-02-16 17:39:01','NOT_HTTP',0,NULL,NULL,'2022-02-16 17:39:01','NOT_HTTP',NULL,NULL,0,NULL,'0E8HPXRP2CCH','0Y8HPG9A2DSF','0Y8HPXRPDKW5','0P8HPG99R56P',1,NULL,'API'),	 (862471139624525,'2022-02-16 17:39:09','NOT_HTTP',0,NULL,NULL,'2022-02-16 17:39:09','NOT_HTTP',NULL,NULL,0,NULL,'0E8HPXRRK8OW','0Y8HPG9A2DSF','0Y8HPXRRK8PC','0P8HPG99R56P',1,NULL,'API'),	 (862471173177738,'2022-02-16 17:40:13','NOT_HTTP',0,NULL,NULL,'2022-02-16 17:40:13','NOT_HTTP',NULL,NULL,0,NULL,'0E8HPXSBJFGG','0Y8HPG9A2DSF','0Y8HPXSBJFGW','0P8HPG99R56P',1,NULL,'API'),	 (862471179468839,'2022-02-16 17:40:25','NOT_HTTP',0,NULL,NULL,'2022-02-16 17:40:25','NOT_HTTP',NULL,NULL,0,NULL,'0E8HPXSFLIIO','0Y8HPG9A2DSF','0Y8HPXSFLIJ3','0P8HPG99R56P',1,NULL,'API'),	 (862471193624610,'2022-02-16 17:40:52','NOT_HTTP',0,NULL,NULL,'2022-02-16 17:40:52','NOT_HTTP',NULL,NULL,0,NULL,'0E8HPXSNPON4','0Y8HPG9A2DSF','0Y8HPXSNPONJ','0P8HPG99R56P',1,NULL,'API'),	 (862471209877538,'2022-02-16 17:41:23','NOT_HTTP',0,NULL,NULL,'2022-02-16 17:41:23','NOT_HTTP',NULL,NULL,0,NULL,'0E8HPXSXE1HC','0Y8HPG9A2DSF','0Y8HPXSXE1HR','0P8HPG99R56P',1,NULL,'API'),	 (862471216693296,'2022-02-16 17:41:36','NOT_HTTP',0,NULL,NULL,'2022-02-16 17:41:36','NOT_HTTP',NULL,NULL,0,NULL,'0E8HPXT1RD85','0Y8HPG9A2DSF','0Y8HPXT1RD8K','0P8HPG99R56P',1,NULL,'API'),	 (862471226655128,'2022-02-16 17:41:55','NOT_HTTP',0,NULL,NULL,'2022-02-16 17:41:55','NOT_HTTP',NULL,NULL,0,NULL,'0E8HPXT7DMV4','0Y8HPG9A2DSF','0Y8HPXT7DMVK','0P8HPG99R56P',1,NULL,'API'),	 (862471241859095,'2022-02-16 17:42:24','NOT_HTTP',0,NULL,NULL,'2022-02-16 17:42:24','NOT_HTTP',NULL,NULL,0,NULL,'0E8HPXTGQR5S','0Y8HPG9A2DSF','0Y8HPXTGQR67','0P8HPG99R56P',1,NULL,'API'),	 (862471260733474,'2022-02-16 17:43:00','NOT_HTTP',0,NULL,NULL,'2022-02-16 17:43:00','NOT_HTTP',NULL,NULL,0,NULL,'0E8HPXTRO268','0Y8HPG9A2DSF','0Y8HPXTRO26N','0P8HPG99R56P',1,NULL,'API');
INSERT INTO permission (id,created_at,created_by,deleted,deleted_at,deleted_by,modified_at,modified_by,restored_at,restored_by,version,linked_permission_id,name,parent_id,domain_id,project_id,system_create,tenant_id,`type`) VALUES	 (862471271219467,'2022-02-16 17:43:20','NOT_HTTP',0,NULL,NULL,'2022-02-16 17:43:20','NOT_HTTP',NULL,NULL,0,NULL,'0E8HPXTY81KW','0Y8HPG9A2DSF','0Y8HPXTY81LB','0P8HPG99R56P',1,NULL,'API'),	 (862471321026583,'2022-02-16 17:44:55','NOT_HTTP',0,NULL,NULL,'2022-02-16 17:44:55','NOT_HTTP',NULL,NULL,0,NULL,'0E8HPXURKCS5','0Y8HPG9A2DSF','0Y8HPXURKCSK','0P8HPG99R56P',1,NULL,'API'),	 (862471360348188,'2022-02-16 17:46:10','NOT_HTTP',0,NULL,NULL,'2022-02-16 17:46:10','NOT_HTTP',NULL,NULL,0,NULL,'0E8HPXVFADXC','0Y8HPG9A2DSF','0Y8HPXVFADXR','0P8HPG99R56P',1,NULL,'API'),	 (862471366640010,'2022-02-16 17:46:22','NOT_HTTP',0,NULL,NULL,'2022-02-16 17:46:22','NOT_HTTP',NULL,NULL,0,NULL,'0E8HPXVIPZWH','0Y8HPG9A2DSF','0Y8HPXVJ18G5','0P8HPG99R56P',1,NULL,'API'),	 (862471375028266,'2022-02-16 17:46:38','NOT_HTTP',0,NULL,NULL,'2022-02-16 17:46:38','NOT_HTTP',NULL,NULL,0,NULL,'0E8HPXVO114W','0Y8HPG9A2DSF','0Y8HPXVO115B','0P8HPG99R56P',1,NULL,'API'),	 (862471387087350,'2022-02-16 17:47:01','NOT_HTTP',0,NULL,NULL,'2022-02-16 17:47:01','NOT_HTTP',NULL,NULL,0,NULL,'0E8HPXVUW934','0Y8HPG9A2DSF','0Y8HPXVUW93J','0P8HPG99R56P',1,NULL,'API'),	 (862471398097654,'2022-02-16 17:47:22','NOT_HTTP',0,NULL,NULL,'2022-02-16 17:47:22','NOT_HTTP',NULL,NULL,0,NULL,'0E8HPXW1G8HS','0Y8HPG9A2DSF','0Y8HPXW1G8I7','0P8HPG99R56P',1,NULL,'API'),	 (862471406485537,'2022-02-16 17:47:38','NOT_HTTP',0,NULL,NULL,'2022-02-16 17:47:38','NOT_HTTP',NULL,NULL,0,NULL,'0E8HPXW6G16P','0Y8HPG9A2DSF','0Y8HPXW6R9QM','0P8HPG99R56P',1,NULL,'API'),	 (862471423262752,'2022-02-16 17:48:10','NOT_HTTP',0,NULL,NULL,'2022-02-16 17:48:10','NOT_HTTP',NULL,NULL,0,NULL,'0E8HPXWGFMQ9','0Y8HPG9A2DSF','0Y8HPXWGQV45','0P8HPG99R56P',1,NULL,'API'),	 (862471490372403,'2022-02-16 17:50:18','NOT_HTTP',0,NULL,NULL,'2022-02-16 17:50:18','NOT_HTTP',NULL,NULL,0,NULL,'0E8HPXXKP8N4','0Y8HPG9A2DSF','0Y8HPXXKP8NJ','0P8HPG99R56P',1,NULL,'API');
INSERT INTO permission (id,created_at,created_by,deleted,deleted_at,deleted_by,modified_at,modified_by,restored_at,restored_by,version,linked_permission_id,name,parent_id,domain_id,project_id,system_create,tenant_id,`type`) VALUES	 (862471725253430,'2022-02-16 17:57:47','NOT_HTTP',0,NULL,NULL,'2022-02-16 17:57:47','NOT_HTTP',NULL,NULL,0,NULL,'0E8HPY1GJK01','0Y8HPG9A2DSF','0Y8HPY1GJK0G','0P8HPG99R56P',1,NULL,'API'),	 (862471733117384,'2022-02-16 17:58:02','NOT_HTTP',0,NULL,NULL,'2022-02-16 17:58:02','NOT_HTTP',NULL,NULL,0,NULL,'0E8HPY1L845D','0Y8HPG9A2DSF','0Y8HPY1L845S','0P8HPG99R56P',1,NULL,'API'),	 (862471787119009,'2022-02-16 17:59:45','NOT_HTTP',0,NULL,NULL,'2022-02-16 17:59:45','NOT_HTTP',NULL,NULL,0,NULL,'0E8HPY2HDK6D','0Y8HPG9A2DSF','0Y8HPY2HDK6S','0P8HPG99R56P',1,NULL,'API'),	 (862471789742108,'2022-02-16 17:59:49','NOT_HTTP',0,NULL,NULL,'2022-02-16 17:59:49','NOT_HTTP',NULL,NULL,0,NULL,'0E8HPY2IXQTD','0Y8HPG9A2DSF','0Y8HPY2IXQTS','0P8HPG99R56P',1,NULL,'API'),	 (862471792362644,'2022-02-16 17:59:54','NOT_HTTP',0,NULL,NULL,'2022-02-16 17:59:54','NOT_HTTP',NULL,NULL,0,NULL,'0E8HPY2KHXJ5','0Y8HPG9A2DSF','0Y8HPY2KHXJK','0P8HPG99R56P',1,NULL,'API'),	 (862471794460295,'2022-02-16 17:59:59','NOT_HTTP',0,NULL,NULL,'2022-02-16 17:59:59','NOT_HTTP',NULL,NULL,0,NULL,'0E8HPY2LQVPD','0Y8HPG9A2DSF','0Y8HPY2LQVPS','0P8HPG99R56P',1,NULL,'API'),	 (862471798129433,'2022-02-16 18:00:06','NOT_HTTP',0,NULL,NULL,'2022-02-16 18:00:06','NOT_HTTP',NULL,NULL,0,NULL,'0E8HPY2NMAYP','0Y8HPG9A2DSF','0Y8HPY2NXJI8','0P8HPG99R56P',1,NULL,'API'),	 (862471819100558,'2022-02-16 18:00:46','NOT_HTTP',0,NULL,NULL,'2022-02-16 18:00:46','NOT_HTTP',NULL,NULL,0,NULL,'0E8HPY303SOX','0Y8HPG9A2DSF','0Y8HPY30F18M','0P8HPG99R56P',1,NULL,'API'),	 (862471827489166,'2022-02-16 18:01:02','NOT_HTTP',0,NULL,NULL,'2022-02-16 18:01:02','NOT_HTTP',NULL,NULL,0,NULL,'0E8HPY353LDT','0Y8HPG9A2DSF','0Y8HPY353LE8','0P8HPG99R56P',1,NULL,'API'),	 (862471829587101,'2022-02-16 18:01:05','NOT_HTTP',0,NULL,NULL,'2022-02-16 18:01:05','NOT_HTTP',NULL,NULL,0,NULL,'0E8HPY36NS3K','0Y8HPG9A2DSF','0Y8HPY36NS40','0P8HPG99R56P',1,NULL,'API');
INSERT INTO permission (id,created_at,created_by,deleted,deleted_at,deleted_by,modified_at,modified_by,restored_at,restored_by,version,linked_permission_id,name,parent_id,domain_id,project_id,system_create,tenant_id,`type`) VALUES	 (862471831685160,'2022-02-16 18:01:09','NOT_HTTP',0,NULL,NULL,'2022-02-16 18:01:09','NOT_HTTP',NULL,NULL,0,NULL,'0E8HPY37WQ9T','0Y8HPG9A2DSF','0Y8HPY37WQA8','0P8HPG99R56P',1,NULL,'API'),	 (862471834304910,'2022-02-16 18:01:14','NOT_HTTP',0,NULL,NULL,'2022-02-16 18:01:14','NOT_HTTP',NULL,NULL,0,NULL,'0E8HPY395OG1','0Y8HPG9A2DSF','0Y8HPY39GWZP','0P8HPG99R56P',1,NULL,'API'),	 (862473203220878,'2022-02-16 18:44:46','NOT_HTTP',0,NULL,NULL,'2022-02-16 18:44:46','NOT_HTTP',NULL,NULL,0,NULL,'0E8HPYPW6ARL','0Y8HPG9A2DSF','0Y8HPYPW6AS0','0P8HPG99R56P',1,NULL,'API'),	 (862473210561286,'2022-02-16 18:44:59','NOT_HTTP',0,NULL,NULL,'2022-02-16 18:44:59','NOT_HTTP',NULL,NULL,0,NULL,'0E8HPYQ0UUWX','0Y8HPG9A2DSF','0Y8HPYQ0UUXC','0P8HPG99R56P',1,NULL,'API'),	 (862473265087127,'2022-02-16 18:46:43','NOT_HTTP',0,NULL,NULL,'2022-02-16 18:46:43','NOT_HTTP',NULL,NULL,0,NULL,'0E8HPYQXBJEP','0Y8HPG9A2DSF','0Y8HPYQXBJF4','0P8HPG99R56P',1,NULL,'API'),	 (862473282388444,'2022-02-16 18:47:16','NOT_HTTP',0,NULL,NULL,'2022-02-16 18:47:16','NOT_HTTP',NULL,NULL,0,NULL,'0E8HPYR7MDH2','0Y8HPG9A2DSF','0Y8HPYR7MDHH','0P8HPG99R56P',1,NULL,'API'),	 (862473296544234,'2022-02-16 18:47:43','NOT_HTTP',0,NULL,NULL,'2022-02-16 18:47:43','NOT_HTTP',NULL,NULL,0,NULL,'0E8HPYRG1S01','0Y8HPG9A2DSF','0Y8HPYRG1S0G','0P8HPG99R56P',1,NULL,'API'),	 (862473311224484,'2022-02-16 18:48:12','NOT_HTTP',0,NULL,NULL,'2022-02-16 18:48:12','NOT_HTTP',NULL,NULL,0,NULL,'0E8HPYROSF7L','0Y8HPG9A2DSF','0Y8HPYROSF80','0P8HPG99R56P',1,NULL,'API'),	 (862473431286182,'2022-02-16 18:52:00','NOT_HTTP',0,NULL,NULL,'2022-02-16 18:52:00','NOT_HTTP',NULL,NULL,0,NULL,'0E8HPYTNYJ81','0Y8HPG9A2DSF','0Y8HPYTO9RLX','0P8HPG99R56P',1,NULL,'API'),	 (862473437053403,'2022-02-16 18:52:11','NOT_HTTP',0,NULL,NULL,'2022-02-16 18:52:11','NOT_HTTP',NULL,NULL,0,NULL,'0E8HPYTRPDKX','0Y8HPG9A2DSF','0Y8HPYTRPDLC','0P8HPG99R56P',1,NULL,'API');
INSERT INTO permission (id,created_at,created_by,deleted,deleted_at,deleted_by,modified_at,modified_by,restored_at,restored_by,version,linked_permission_id,name,parent_id,domain_id,project_id,system_create,tenant_id,`type`) VALUES	 (862473456452059,'2022-02-16 18:52:48','NOT_HTTP',0,NULL,NULL,'2022-02-16 18:52:48','NOT_HTTP',NULL,NULL,0,NULL,'0E8HPYU395OH','0Y8HPG9A2DSF','0Y8HPYU395OW','0P8HPG99R56P',1,NULL,'API'),	 (862473465365239,'2022-02-16 18:53:05','NOT_HTTP',0,NULL,NULL,'2022-02-16 18:53:05','NOT_HTTP',NULL,NULL,0,NULL,'0E8HPYU8K6WW','0Y8HPG9A2DSF','0Y8HPYU8K6XC','0P8HPG99R56P',1,NULL,'API'),	 (862473474802423,'2022-02-16 18:53:23','NOT_HTTP',0,NULL,NULL,'2022-02-16 18:53:23','NOT_HTTP',NULL,NULL,0,NULL,'0E8HPYUE6GOW','0Y8HPG9A2DSF','0Y8HPYUE6GPC','0P8HPG99R56P',1,NULL,'API'),	 (862473487909320,'2022-02-16 18:53:48','NOT_HTTP',0,NULL,NULL,'2022-02-16 18:53:48','NOT_HTTP',NULL,NULL,0,NULL,'0E8HPYULZE9T','0Y8HPG9A2DSF','0Y8HPYULZEA8','0P8HPG99R56P',1,NULL,'API'),	 (862473497346807,'2022-02-16 18:54:06','NOT_HTTP',0,NULL,NULL,'2022-02-16 18:54:06','NOT_HTTP',NULL,NULL,0,NULL,'0E8HPYURLO1S','0Y8HPG9A2DSF','0Y8HPYURLO28','0P8HPG99R56P',1,NULL,'API'),	 (862473513599461,'2022-02-16 18:54:37','NOT_HTTP',0,NULL,NULL,'2022-02-16 18:54:37','NOT_HTTP',NULL,NULL,0,NULL,'0E8HPYV0YSCH','0Y8HPG9A2DSF','0Y8HPYV1A0W6','0P8HPG99R56P',1,NULL,'API'),	 (862473524085168,'2022-02-16 18:54:57','NOT_HTTP',0,NULL,NULL,'2022-02-16 18:54:57','NOT_HTTP',NULL,NULL,0,NULL,'0E8HPYV7IRR5','0Y8HPG9A2DSF','0Y8HPYV7IRRK','0P8HPG99R56P',1,NULL,'API'),	 (862473546105317,'2022-02-16 18:55:39','NOT_HTTP',0,NULL,NULL,'2022-02-16 18:55:39','NOT_HTTP',NULL,NULL,0,NULL,'0E8HPYVKMQPI','0Y8HPG9A2DSF','0Y8HPYVKMQPX','0P8HPG99R56P',1,NULL,'API'),	 (862473552396675,'2022-02-16 18:55:51','NOT_HTTP',0,NULL,NULL,'2022-02-16 18:55:51','NOT_HTTP',NULL,NULL,0,NULL,'0E8HPYVO2CJL','0Y8HPG9A2DSF','0Y8HPYVO2CK0','0P8HPG99R56P',1,NULL,'API'),	 (862473559736718,'2022-02-16 18:56:05','NOT_HTTP',0,NULL,NULL,'2022-02-16 18:56:05','NOT_HTTP',NULL,NULL,0,NULL,'0E8HPYVSFO5D','0Y8HPG9A2DSF','0Y8HPYVSFO5S','0P8HPG99R56P',1,NULL,'API');
INSERT INTO permission (id,created_at,created_by,deleted,deleted_at,deleted_by,modified_at,modified_by,restored_at,restored_by,version,linked_permission_id,name,parent_id,domain_id,project_id,system_create,tenant_id,`type`) VALUES	 (862473566552451,'2022-02-16 18:56:18','NOT_HTTP',0,NULL,NULL,'2022-02-16 18:56:18','NOT_HTTP',NULL,NULL,0,NULL,'0E8HPYVWHR7L','0Y8HPG9A2DSF','0Y8HPYVWSZR9','0P8HPG99R56P',1,NULL,'API'),	 (862473573892586,'2022-02-16 18:56:32','NOT_HTTP',0,NULL,NULL,'2022-02-16 18:56:32','NOT_HTTP',NULL,NULL,0,NULL,'0E8HPYW16BCX','0Y8HPG9A2DSF','0Y8HPYW16BDC','0P8HPG99R56P',1,NULL,'API'),	 (862473582281463,'2022-02-16 18:56:48','NOT_HTTP',0,NULL,NULL,'2022-02-16 18:56:48','NOT_HTTP',NULL,NULL,0,NULL,'0E8HPYW6641S','0Y8HPG9A2DSF','0Y8HPYW66428','0P8HPG99R56P',1,NULL,'API'),	 (862473588572635,'2022-02-16 18:57:00','NOT_HTTP',0,NULL,NULL,'2022-02-16 18:57:00','NOT_HTTP',NULL,NULL,0,NULL,'0E8HPYW9WYKH','0Y8HPG9A2DSF','0Y8HPYW9WYKW','0P8HPG99R56P',1,NULL,'API'),	 (862473596436847,'2022-02-16 18:57:15','NOT_HTTP',0,NULL,NULL,'2022-02-16 18:57:15','NOT_HTTP',NULL,NULL,0,NULL,'0E8HPYWEAA69','0Y8HPG9A2DSF','0Y8HPYWEAA6O','0P8HPG99R56P',1,NULL,'API'),	 (862473629991613,'2022-02-16 18:58:19','NOT_HTTP',0,NULL,NULL,'2022-02-16 18:58:19','NOT_HTTP',NULL,NULL,0,NULL,'0E8HPYWYKPHC','0Y8HPG9A2DSF','0Y8HPYWYKPHS','0P8HPG99R56P',1,NULL,'API'),	 (862473636283006,'2022-02-16 18:58:31','NOT_HTTP',0,NULL,NULL,'2022-02-16 18:58:31','NOT_HTTP',NULL,NULL,0,NULL,'0E8HPYX20BGH','0Y8HPG9A2DSF','0Y8HPYX20BGW','0P8HPG99R56P',1,NULL,'API'),	 (862473720693505,'2022-02-16 19:01:13','NOT_HTTP',0,NULL,NULL,'2022-02-16 19:01:13','NOT_HTTP',NULL,NULL,0,NULL,'0E8HPYYG9IWX','0Y8HPG9A2DSF','0Y8HPYYGKRGM','0P8HPG99R56P',1,NULL,'API'),	 (862473737995024,'2022-02-16 19:01:46','NOT_HTTP',0,NULL,NULL,'2022-02-16 19:01:46','NOT_HTTP',NULL,NULL,0,NULL,'0E8HPYYQVLDT','0Y8HPG9A2DSF','0Y8HPYYQVLE8','0P8HPG99R56P',1,NULL,'API'),	 (862473799336334,'2022-02-16 19:03:42','NOT_HTTP',0,NULL,NULL,'2022-02-16 19:03:42','NOT_HTTP',NULL,NULL,0,NULL,'0E8HPYZR34K1','0Y8HPG9A2DSF','0Y8HPYZR34KG','0P8HPG99R56P',1,NULL,'API');
INSERT INTO permission (id,created_at,created_by,deleted,deleted_at,deleted_by,modified_at,modified_by,restored_at,restored_by,version,linked_permission_id,name,parent_id,domain_id,project_id,system_create,tenant_id,`type`) VALUES	 (862473805627800,'2022-02-16 19:03:54','NOT_HTTP',0,NULL,NULL,'2022-02-16 19:03:54','NOT_HTTP',NULL,NULL,0,NULL,'0E8HPYZV57GH','0Y8HPG9A2DSF','0Y8HPYZV57GW','0P8HPG99R56P',1,NULL,'API'),	 (862473815589262,'2022-02-16 19:04:13','NOT_HTTP',0,NULL,NULL,'2022-02-16 19:04:13','NOT_HTTP',NULL,NULL,0,NULL,'0E8HPZ00RH8H','0Y8HPG9A2DSF','0Y8HPZ00RH8W','0P8HPG99R56P',1,NULL,'API'),	 (862473832890843,'2022-02-16 19:04:46','NOT_HTTP',0,NULL,NULL,'2022-02-16 19:04:46','NOT_HTTP',NULL,NULL,0,NULL,'0E8HPZ0BDJPD','0Y8HPG9A2DSF','0Y8HPZ0BDJPS','0P8HPG99R56P',1,NULL,'API'),	 (862473845473713,'2022-02-16 19:05:11','NOT_HTTP',0,NULL,NULL,'2022-02-16 19:05:11','NOT_HTTP',NULL,NULL,0,NULL,'0E8HPZ0IV8QP','0Y8HPG9A2DSF','0Y8HPZ0IV8R4','0P8HPG99R56P',1,NULL,'API'),	 (862473854386661,'2022-02-16 19:05:27','NOT_HTTP',0,NULL,NULL,'2022-02-16 19:05:27','NOT_HTTP',NULL,NULL,0,NULL,'0E8HPZ0O69Z5','0Y8HPG9A2DSF','0Y8HPZ0O69ZK','0P8HPG99R56P',1,NULL,'API'),	 (862473909961102,'2022-02-16 19:07:14','NOT_HTTP',0,NULL,NULL,'2022-02-16 19:07:14','NOT_HTTP',NULL,NULL,0,NULL,'0E8HPZ1KY769','0Y8HPG9A2DSF','0Y8HPZ1L9FK6','0P8HPG99R56P',1,NULL,'API'),	 (862473918873998,'2022-02-16 19:07:30','NOT_HTTP',0,NULL,NULL,'2022-02-16 19:07:30','NOT_HTTP',NULL,NULL,0,NULL,'0E8HPZ1Q988X','0Y8HPG9A2DSF','0Y8HPZ1Q989C','0P8HPG99R56P',1,NULL,'API'),	 (862473933029774,'2022-02-16 19:07:57','NOT_HTTP',0,NULL,NULL,'2022-02-16 19:07:57','NOT_HTTP',NULL,NULL,0,NULL,'0E8HPZ1YOMWX','0Y8HPG9A2DSF','0Y8HPZ1YZVGL','0P8HPG99R56P',1,NULL,'API'),	 (862473939845601,'2022-02-16 19:08:10','NOT_HTTP',0,NULL,NULL,'2022-02-16 19:08:10','NOT_HTTP',NULL,NULL,0,NULL,'0E8HPZ231YIP','0Y8HPG9A2DSF','0Y8HPZ231YJ4','0P8HPG99R56P',1,NULL,'API'),	 (862473950331370,'2022-02-16 19:08:30','NOT_HTTP',0,NULL,NULL,'2022-02-16 19:08:30','NOT_HTTP',NULL,NULL,0,NULL,'0E8HPZ29APDT','0Y8HPG9A2DSF','0Y8HPZ29APE8','0P8HPG99R56P',1,NULL,'API');
INSERT INTO permission (id,created_at,created_by,deleted,deleted_at,deleted_by,modified_at,modified_by,restored_at,restored_by,version,linked_permission_id,name,parent_id,domain_id,project_id,system_create,tenant_id,`type`) VALUES	 (862473959244256,'2022-02-16 19:08:47','NOT_HTTP',0,NULL,NULL,'2022-02-16 19:08:47','NOT_HTTP',NULL,NULL,0,NULL,'0E8HPZ2ELQM9','0Y8HPG9A2DSF','0Y8HPZ2ELQMO','0P8HPG99R56P',1,NULL,'API'),	 (862473971302798,'2022-02-16 19:09:10','NOT_HTTP',0,NULL,NULL,'2022-02-16 19:09:10','NOT_HTTP',NULL,NULL,0,NULL,'0E8HPZ2LGYKH','0Y8HPG9A2DSF','0Y8HPZ2LS745','0P8HPG99R56P',1,NULL,'API'),	 (862473984410065,'2022-02-16 19:09:35','NOT_HTTP',0,NULL,NULL,'2022-02-16 19:09:35','NOT_HTTP',NULL,NULL,0,NULL,'0E8HPZ2TL4OX','0Y8HPG9A2DSF','0Y8HPZ2TL4PC','0P8HPG99R56P',1,NULL,'API'),	 (862474008003194,'2022-02-16 19:10:20','NOT_HTTP',0,NULL,NULL,'2022-02-16 19:10:20','NOT_HTTP',NULL,NULL,0,NULL,'0E8HPZ37MT54','0Y8HPG9A2DSF','0Y8HPZ37MT5J','0P8HPG99R56P',1,NULL,'API'),	 (862474024780259,'2022-02-16 19:10:52','NOT_HTTP',0,NULL,NULL,'2022-02-16 19:10:52','NOT_HTTP',NULL,NULL,0,NULL,'0E8HPZ3HMEIP','0Y8HPG9A2DSF','0Y8HPZ3HMEJ4','0P8HPG99R56P',1,NULL,'API'),	 (862474039460336,'2022-02-16 19:11:20','NOT_HTTP',0,NULL,NULL,'2022-02-16 19:11:20','NOT_HTTP',NULL,NULL,0,NULL,'0E8HPZ3QD1Q9','0Y8HPG9A2DSF','0Y8HPZ3QD1QO','0P8HPG99R56P',1,NULL,'API'),	 (862474045752055,'2022-02-16 19:11:32','NOT_HTTP',0,NULL,NULL,'2022-02-16 19:11:32','NOT_HTTP',NULL,NULL,0,NULL,'0E8HPZ3TSNPD','0Y8HPG9A2DSF','0Y8HPZ3U3W92','0P8HPG99R56P',1,NULL,'API'),	 (862474056761742,'2022-02-16 19:11:53','NOT_HTTP',0,NULL,NULL,'2022-02-16 19:11:53','NOT_HTTP',NULL,NULL,0,NULL,'0E8HPZ40CN41','0Y8HPG9A2DSF','0Y8HPZ40CN4G','0P8HPG99R56P',1,NULL,'API');



INSERT INTO `role` (id,created_at,created_by,deleted,deleted_at,deleted_by,modified_at,modified_by,restored_at,restored_by,version,description,name,parent_id,permission_ids,project_id,domain_id,system_create,tenant_id,`type`) VALUES	 (861812327186435,'2022-02-02 04:36:04','NOT_HTTP',0,NULL,NULL,'2022-02-02 04:36:04','NOT_HTTP',NULL,NULL,0,'','0P8HE307W6IO',NULL,'','0P8HE307W6IO','0Z8HHJ488SEC',1,'0P8HE307W6IO','PROJECT'),	 (861812327186436,'2022-02-02 04:36:04','NOT_HTTP',0,NULL,NULL,'2022-02-02 04:36:05','NOT_HTTP',NULL,NULL,0,NULL,'CLIENT_ROOT',NULL,'','0P8HE307W6IO','0Z8HHJ489SA0',1,NULL,'CLIENT_ROOT'),	 (861812327186437,'2022-02-02 04:36:04','NOT_HTTP',0,NULL,NULL,'2022-02-02 04:36:04','NOT_HTTP',NULL,NULL,0,'','PROJECT_SUPER_ADMIN','0Z8HHJ488SEC','0Y8HOT1AO8P8,0Y8HHJ47NBES,0Y8HOT1UYO0D,0Y8HOT28P3WT,0Y8HHJ47NBDK,0Y8HHJ47NB00,0Y8HHJ47NBDB,0Y8HHJ47NBDZ,0Y8HHJ47NBEA,0Y8HOT24N0UK,0Y8HHJ47NBEB,0Y8HHJ47NBDT,0Y8HHJ47NBE6,0Y8HHJ47NBDU,0Y8HHJ47NBDY,0Y8HHJ47NBE7,0Y8HOT6OTUKS,0Y8HHJ47NBEM,0Y8HHJ47NBEN,0Y8HHJ47NBEK,0Y8HHJ47NBEL,0Y8HHJ47NBEQ,0Y8HP28G7MYV,0Y8HHJ47NBEO,0Y8HHJ47NBEP,0Y8HOT6J7KST,0Y8HHJ47NBEI,0Y8HHJ47NBEJ,0Y8HHJ47NBEH','0P8HE307W6IO','0Z8HHJ489SEC',1,'0P8HE307W6IO','USER'),	 (861812327186439,'2022-02-02 04:36:04','NOT_HTTP',0,NULL,NULL,'2022-02-15 22:44:13','0U8AZTODP4H0',NULL,NULL,2,NULL,'PROJECT_USER','0Z8HHJ488SEC','0Y8HLUWOH92P,0Y8HHJ47NBDD,0Y8HHJ47NBD5,0Y8HHJ47NBDE,0Y8HHJ47NBET,0Y8HHJ47NBEZ','0P8HE307W6IO','0Z8HHJ489SEE',1,'0P8HE307W6IO','USER'),	 (861812327186440,'2022-02-02 04:36:04','NOT_HTTP',0,NULL,NULL,'2022-02-02 04:36:05','NOT_HTTP',NULL,NULL,0,NULL,'0C8AZTODP4HT','0Z8HHJ489SA0','','0P8HE307W6IO','0Z8HHJ489SE0',1,NULL,'CLIENT'),	 (861812327186441,'2022-02-02 04:36:04','NOT_HTTP',0,NULL,NULL,'2022-02-02 04:36:05','NOT_HTTP',NULL,NULL,0,NULL,'0C8AZTODP4H0','0Z8HHJ489SA0','','0P8HE307W6IO','0Z8HHJ489SE1',1,NULL,'CLIENT'),	 (861812327186442,'2022-02-02 04:36:04','NOT_HTTP',0,NULL,NULL,'2022-02-02 04:36:05','NOT_HTTP',NULL,NULL,0,NULL,'0C8AZTODP4H5','0Z8HHJ489SA0','','0P8HE307W6IO','0Z8HHJ489SE6',1,NULL,'CLIENT'),	 (861812327186443,'2022-02-02 04:36:04','NOT_HTTP',0,NULL,NULL,'2022-02-02 04:36:05','NOT_HTTP',NULL,NULL,0,NULL,'0C8AZTODP4H8','0Z8HHJ489SA0','','0P8HE307W6IO','0Z8HHJ489SE9',1,NULL,'CLIENT'),	 (861812327186444,'2022-02-02 04:36:04','NOT_HTTP',0,NULL,NULL,'2022-02-02 04:36:05','NOT_HTTP',NULL,NULL,0,NULL,'0C8AZTODP4HZ','0Z8HHJ489SA0','','0P8HE307W6IO','0Z8HHJ489SEA',1,NULL,'CLIENT'),	 (861812327186445,'2022-02-02 04:36:04','NOT_HTTP',0,NULL,NULL,'2022-02-02 04:36:05','NOT_HTTP',NULL,NULL,0,NULL,'0C8AZYTQ5W5C','0Z8HHJ489SA0','','0P8HE307W6IO','0Z8HHJ489SEB',1,NULL,'CLIENT');
INSERT INTO `role` (id,created_at,created_by,deleted,deleted_at,deleted_by,modified_at,modified_by,restored_at,restored_by,version,description,name,parent_id,permission_ids,project_id,domain_id,system_create,tenant_id,`type`) VALUES	 (861812327186446,'2022-02-02 04:36:04','NOT_HTTP',0,NULL,NULL,'2022-02-02 04:36:05','NOT_HTTP',NULL,NULL,0,NULL,'0C8AZZ16LZB4','0Z8HHJ489SA0','','0P8HE307W6IO','0Z8HHJ489SEH',1,NULL,'CLIENT'),	 (861812327186447,'2022-02-02 04:36:04','NOT_HTTP',0,NULL,NULL,'2022-02-02 04:36:05','NOT_HTTP',NULL,NULL,0,NULL,'0C8B00098WLD','0Z8HHJ489SA0','0Y8HHJ47NBDH,0Y8HHJ47NBD9,0Y8HHJ47NBDI,0Y8HHJ47NBDG','0P8HE307W6IO','0Z8HHJ489SED',1,NULL,'CLIENT'),	 (861812327186448,'2022-02-02 04:36:04','NOT_HTTP',0,NULL,NULL,'2022-02-02 04:36:05','NOT_HTTP',NULL,NULL,0,NULL,'0C8B00CSATJ6','0Z8HHJ489SA0','','0P8HE307W6IO','0Z8HHJ489SEF',1,NULL,'CLIENT'),	 (861812327186449,'2022-02-02 04:36:04','NOT_HTTP',0,NULL,NULL,'2022-02-02 04:36:05','NOT_HTTP',NULL,NULL,0,NULL,'0C8AZTODP4I0','0Z8HHJ489SA0','','0P8HE307W6IO','0Z8HHJ489SEG',1,NULL,'CLIENT'),	 (862172156002538,'2022-02-10 03:14:43','0U8AZTODP4H0',0,NULL,NULL,'2022-02-10 03:14:43','0U8AZTODP4H0',NULL,NULL,0,'','PROJECT_ADMIN','0Z8HHJ488SEC','0Y8HHJ47NBEH,0Y8HHJ47NBEM,0Y8HM3Z2YLM1,0Y8HM3Z2YLM2,0Y8HM42LOY68,0Y8HM3ZH0A2O,0Y8HM3VVGSN4,0Y8HKE2QAIVF,0Y8HM438H9TS,0Y8HHJ47NBEU,0Y8HHJ47NBEV,0Y8HM419B5Z5,0Y8HM41EAYTJ,0Y8HHJ47NBEY,0Y8HM3ZNVI0X,0Y8HHJ47NBEW,0Y8HLUWMX2BX,0Y8HHJ47NBEX,0Y8HM3WS8POG,0Y8HM4132F41,0Y8HM3YTA8SG,0Y8HM42QOQV4,0Y8HM4351NUP,0Y8HM3VYWEM9,0Y8HM3VXC7WG,0Y8HM42GDWXS,0Y8HM3ZCY70G,0Y8HM3Z97CHT,0Y8HM443DRLT,0Y8HM3Y7FMX4,0Y8HM42ZFE88,0Y8HKEMWNQX7,0Y8HHJ47NBDS,0Y8HHJ47NBDV,0Y8HM3XKYJNK,0Y8HHJ47NBDW,0Y8HM3ZT6JEW,0Y8HM3Z2YLMO,0Y8HM3UU0BM0,0Y8HK4ZLA03Q,0Y8HHJ47NBD4,0Y8HM40WIFPD,0Y8HHJ47NBD8,0Y8HKE24FWUI,0Y8HM3VGHEKG,0Y8HHJ47NBD6,0Y8HM44BT69S,0Y8HHJ47NBD7,0Y8HHJ47NBDL,0Y8HHJ47NBDM,0Y8HM3YMQ9DS,0Y8HM4474M4G,0Y8HHJ47NBDP,0Y8HHJ47NBDQ,0Y8HM3TG2CJL,0Y8HHJ47NBDN,0Y8HLUWOH91P,0Y8HHJ47NBDO,0Y8HM3X7UKU8,0Y8HLUWG1UJ8,0Y8HKACDVMDL,0Y8HM3X0O4CG,0Y8HM3W1EAYP,0Y8HKEMUH34B,0Y8HM40ZBKLC,0Y8HM3UAYUBK,0Y8HM3X3SHS1,0Y8HLUWKQEJ1','0P8HE307W6IO','0Z8HM4F4QV41',1,'0P8HE307W6IO','USER'),	 (862433016545286,'2022-02-15 21:27:15','NOT_HTTP',0,NULL,NULL,'2022-02-15 21:27:15','NOT_HTTP',NULL,NULL,0,NULL,'0P8HPG99R56P',NULL,'0Y8HPG9A2DQP,0Y8HPG9A2DR1,0Y8HPG9A2DQR,0Y8HPG9A2DR3,0Y8HPG9A2DQT,0Y8HPG9A2DR5,0Y8HPG9A2DQV,0Y8HPG9A2DR7,0Y8HKE2QAIVF,0Y8HPG9A2DQH,0Y8HHJ47NBEU,0Y8HHJ47NBEV,0Y8HPG9A2DQJ,0Y8HPG9A2DQL,0Y8HHJ47NBEY,0Y8HPG9A2DQN,0Y8HHJ47NBEW,0Y8HLUWMX2BX,0Y8HHJ47NBEX,0Y8HPG9A2DRB,0Y8HPG9A2DRD,0Y8HPG9A2DRF,0Y8HPG9A2DQX,0Y8HPG9A2DR9,0Y8HPG9A2DQZ,0Y8HPG9A2DRP,0Y8HPG9A2DS1,0Y8HPG9A2DS3,0Y8HPG9A2DRR,0Y8HKEMWNQX7,0Y8HPG9A2DS5,0Y8HPG9A2DRT,0Y8HPG9A2DS7,0Y8HPG9A2DRV,0Y8HPG9A2DRH,0Y8HHJ47NBDS,0Y8HPG9A2DRJ,0Y8HPG9A2DRL,0Y8HHJ47NBDV,0Y8HHJ47NBDW,0Y8HPG9A2DRN,0Y8HHJ47NBEM,0Y8HPG9A2DSB,0Y8HPG9A2DSD,0Y8HPG9A2DS9,0Y8HPG9A2DRX,0Y8HPG9A2DRZ,0Y8HK4ZLA03Q,0Y8HHJ47NBEH,0Y8HHJ47NBD4,0Y8HHJ47NBD8,0Y8HKE24FWUI,0Y8HHJ47NBD6,0Y8HHJ47NBD7,0Y8HHJ47NBDL,0Y8HHJ47NBDM,0Y8HHJ47NBDP,0Y8HHJ47NBDQ,0Y8HHJ47NBDN,0Y8HLUWOH91P,0Y8HHJ47NBDO,0Y8HLUWG1UJ8,0Y8HKACDVMDL,0Y8HKEMUH34B,0Y8HPG9A2DQB,0Y8HPG9A2DQD,0Y8HPG9A2DQF,0Y8HLUWKQEJ1','0P8HE307W6IO','0Z8HPG9AOUTG',1,'0P8HPG99R56P','PROJECT'),	 (862433016545288,'2022-02-15 21:27:15','NOT_HTTP',0,NULL,NULL,'2022-02-15 21:27:15','NOT_HTTP',NULL,NULL,0,NULL,'PROJECT_ADMIN','0Z8HPG9AOUTG','0Y8HPG9A2DQP,0Y8HPG9A2DR1,0Y8HPG9A2DQR,0Y8HPG9A2DR3,0Y8HPG9A2DQT,0Y8HPG9A2DR5,0Y8HPG9A2DQV,0Y8HPG9A2DR7,0Y8HKE2QAIVF,0Y8HPG9A2DQH,0Y8HHJ47NBEU,0Y8HHJ47NBEV,0Y8HPG9A2DQJ,0Y8HPG9A2DQL,0Y8HHJ47NBEY,0Y8HPG9A2DQN,0Y8HHJ47NBEW,0Y8HLUWMX2BX,0Y8HHJ47NBEX,0Y8HPG9A2DRB,0Y8HPG9A2DRD,0Y8HPG9A2DRF,0Y8HPG9A2DQX,0Y8HPG9A2DR9,0Y8HPG9A2DQZ,0Y8HPG9A2DRP,0Y8HPG9A2DS1,0Y8HPG9A2DS3,0Y8HPG9A2DRR,0Y8HKEMWNQX7,0Y8HPG9A2DS5,0Y8HPG9A2DRT,0Y8HPG9A2DS7,0Y8HPG9A2DRV,0Y8HPG9A2DRH,0Y8HHJ47NBDS,0Y8HPG9A2DRJ,0Y8HPG9A2DRL,0Y8HHJ47NBDV,0Y8HHJ47NBDW,0Y8HPG9A2DRN,0Y8HHJ47NBEM,0Y8HPG9A2DSB,0Y8HPG9A2DSD,0Y8HPG9A2DS9,0Y8HPG9A2DRX,0Y8HPG9A2DRZ,0Y8HK4ZLA03Q,0Y8HHJ47NBEH,0Y8HHJ47NBD4,0Y8HHJ47NBD8,0Y8HKE24FWUI,0Y8HHJ47NBD6,0Y8HHJ47NBD7,0Y8HHJ47NBDL,0Y8HHJ47NBDM,0Y8HHJ47NBDP,0Y8HHJ47NBDQ,0Y8HHJ47NBDN,0Y8HLUWOH91P,0Y8HHJ47NBDO,0Y8HLUWG1UJ8,0Y8HKACDVMDL,0Y8HKEMUH34B,0Y8HPG9A2DQB,0Y8HPG9A2DQD,0Y8HPG9A2DQF,0Y8HLUWKQEJ1','0P8HE307W6IO','0Z8HPG9AOUTJ',1,'0P8HPG99R56P','USER'),	 (862433016545290,'2022-02-15 21:27:15','NOT_HTTP',0,NULL,NULL,'2022-02-16 19:35:47','0U8HPG93IED3',NULL,NULL,4,NULL,'PROJECT_USER','0Z8HPG9AOUTH','0Y8HPXNQ3NK5,0Y8HPYTRPDLC,0Y8HPYUE6GPC,0Y8HPX4QHY3K,0Y8HPX4CRI11,0Y8HPX4XZMYT,0Y8HPYURLO28,0Y8HPX5G3EHC,0Y8HPYULZEA8,0Y8HPMBZOBO0,0Y8HPX5EJ7RJ,0Y8HPYU8K6XC,0Y8HPYTO9RLX,0Y8HPXNIAQ5C,0Y8HPYU395OW','0P8HPG99R56P','0Z8HPG9AOUTL',1,NULL,'USER'),	 (862433016545292,'2022-02-15 21:27:15','NOT_HTTP',0,NULL,NULL,'2022-02-15 21:27:16','NOT_HTTP',NULL,NULL,1,NULL,'CLIENT_ROOT',NULL,'','0P8HPG99R56P','0Z8HPG9AOUTN',1,NULL,'CLIENT_ROOT'),	 (862433016545293,'2022-02-15 21:27:15','NOT_HTTP',0,NULL,NULL,'2022-02-15 21:27:16','NOT_HTTP',NULL,NULL,1,'','0P8HPG99R56P',NULL,'','0P8HPG99R56P','0Z8HPG9AOUTH',1,NULL,'PROJECT');
INSERT INTO `role` (id,created_at,created_by,deleted,deleted_at,deleted_by,modified_at,modified_by,restored_at,restored_by,version,description,name,parent_id,permission_ids,project_id,domain_id,system_create,tenant_id,`type`) VALUES	 (862433338982496,'2022-02-15 21:37:30','NOT_HTTP',0,NULL,NULL,'2022-02-16 05:08:11','0U8HPG93IED3',NULL,NULL,2,NULL,'0C8HPGEMCKCH','0Z8HPG9AOUTN',NULL,'0P8HPG99R56P','0Z8HPGEMCKCT',1,NULL,'CLIENT'),	 (862433349468233,'2022-02-15 21:37:50','NOT_HTTP',0,NULL,NULL,'2022-02-16 05:08:08','0U8HPG93IED3',NULL,NULL,2,NULL,'0C8HPGESA2O1','0Z8HPG9AOUTN',NULL,'0P8HPG99R56P','0Z8HPGESLB7M',1,NULL,'CLIENT'),	 (862433369915464,'2022-02-15 21:38:29','NOT_HTTP',0,NULL,NULL,'2022-02-16 05:08:06','0U8HPG93IED3',NULL,NULL,2,NULL,'0C8HPGF4GBUP','0Z8HPG9AOUTN',NULL,'0P8HPG99R56P','0Z8HPGF4RKEA',1,NULL,'CLIENT'),	 (862433781481554,'2022-02-15 21:51:34','NOT_HTTP',0,NULL,NULL,'2022-02-16 05:08:03','0U8HPG93IED3',NULL,NULL,2,NULL,'0C8HPGLXHMET','0Z8HPG9AOUTN',NULL,'0P8HPG99R56P','0Z8HPGLXHMF5',1,NULL,'CLIENT'),	 (862433802977404,'2022-02-15 21:52:15','NOT_HTTP',0,NULL,NULL,'2022-02-16 05:07:57','0U8HPG93IED3',NULL,NULL,2,NULL,'0C8HPGMALL34','0Z8HPG9AOUTN',NULL,'0P8HPG99R56P','0Z8HPGMALL3G',1,NULL,'CLIENT'),	 (862433827094538,'2022-02-15 21:53:01','NOT_HTTP',0,NULL,NULL,'2022-02-16 05:08:00','0U8HPG93IED3',NULL,NULL,3,NULL,'0C8HPGMON9J5','0Z8HPG9AOUTN',NULL,'0P8HPG99R56P','0Z8HPGMOYI2P',1,NULL,'CLIENT'),	 (862486461939723,'2022-02-17 01:46:15','0U8HPG93IED3',0,NULL,NULL,'2022-02-17 01:46:15','0U8HPG93IED3',NULL,NULL,1,NULL,'商城管理员','0Z8HPG9AOUTH','','0P8HPG99R56P','0Z8HQ4T6P535',0,NULL,'USER');

INSERT INTO user_relation(id, created_at, created_by, deleted, deleted_at, deleted_by, modified_at, modified_by, restored_at, restored_by, version, organization_id, position_id, project_id, standalone_roles, tenant_ids, user_id)VALUES(861812327710759, '2022-02-02 04:36:05', 'NOT_HTTP', 0, NULL, NULL, '2022-02-02 04:36:05', 'NOT_HTTP', NULL, NULL, 0, NULL, NULL, '0P8HE307W6IO', '0Z8HHJ489SEE,0Z8HHJ489SEC,0Z8HM4F4QV41', '0P8HE307W6IO', '0U8AZTODP4H0');
INSERT INTO user_relation(id, created_at, created_by, deleted, deleted_at, deleted_by, modified_at, modified_by, restored_at, restored_by, version, organization_id, position_id, project_id, standalone_roles, tenant_ids, user_id)VALUES(862433005010945, '2022-02-15 21:26:53', '0C8B00098WLD', 0, NULL, NULL, '2022-02-15 21:27:16', 'NOT_HTTP', NULL, NULL, 1, NULL, NULL, '0P8HE307W6IO', '0Z8HHJ489SEE,0Z8HPG9AOUTJ', '0P8HPG99R56P', '0U8HPG93IED3');
INSERT INTO user_relation(id, created_at, created_by, deleted, deleted_at, deleted_by, modified_at, modified_by, restored_at, restored_by, version, organization_id, position_id, project_id, standalone_roles, tenant_ids, user_id)VALUES(862433017069645, '2022-02-15 21:27:16', 'NOT_HTTP', 0, NULL, NULL, '2022-02-15 21:27:16', 'NOT_HTTP', NULL, NULL, 0, NULL, NULL, '0P8HPG99R56P', '0Z8HPG9AOUTL', NULL, '0U8HPG93IED3');

