INSERT INTO user_ (id,created_at,created_by,deleted,deleted_at,deleted_by,modified_at,modified_by,restored_at,restored_by,version,email,locked,password,value,roles,subscription,domain_id) VALUES	 (838330249904129,'2021-12-10 02:10:06','script',0,NULL,NULL,'2021-12-10 03:35:56','0U8AZTODP4H0',NULL,NULL,2,'superadmin@duoshu.org',0,'$2a$10$AWv./gLENRDp7ghJbawG1uSYa0Qlf4xwaaMW8LHwcEOBdVOB6UPZW',NULL,'0R8G09BPEZGG,0R8GMAI4P1J4,0R8GM9U1JSHT,0R8G09CBKU0W',1,'0U8AZTODP4H0'),	 (838330249904130,'2021-12-10 02:10:06','script',0,NULL,NULL,'2021-12-10 02:10:06',NULL,NULL,NULL,0,'admin@duoshu.org',0,'$2a$10$AWv./gLENRDp7ghJbawG1uSYa0Qlf4xwaaMW8LHwcEOBdVOB6UPZW',NULL,'0R8G09BPEZGG,0R8G09CBKU0W',0,'0U8AZTODP4H1'),	 (838330249904131,'2021-12-10 02:10:06','script',0,NULL,NULL,'2021-12-10 02:10:06',NULL,NULL,NULL,0,'user@duoshu.org',0,'$2a$10$AWv./gLENRDp7ghJbawG1uSYa0Qlf4xwaaMW8LHwcEOBdVOB6UPZW',NULL,'0R8G09CBKU0W',0,'0U8AZTODP4H2');

INSERT INTO client(id, created_at, created_by, deleted, deleted_at, deleted_by, modified_at, modified_by, restored_at, restored_by, version, accessible_, auto_approve, redirect_urls, domain_id, description, grant_types, name, `path`, project_id, secret, access_token_validity_seconds, refresh_token_validity_seconds,types)VALUES(843498099048450, '2020-12-25 02:22:27', '0', 0, NULL, '', '2022-01-05 00:50:53', '0U8AZTODP4H0', NULL, '', 4, 1, 0, NULL, '0C8AZTODP4HT', '负责管理应用，用户等信息', 'CLIENT_CREDENTIALS', '权限中心', 'auth-svc', '0P8HE307W6IO', '$2a$12$3ke5rpx81DFfYlLXpQW6TOvTw2W8OkG.p5oFOmFsnmh7LVp11khna', 120, 0,'ROOT_APPLICATION,FIRST_PARTY,BACKEND_APP');
INSERT INTO client(id, created_at, created_by, deleted, deleted_at, deleted_by, modified_at, modified_by, restored_at, restored_by, version, accessible_, auto_approve, redirect_urls, domain_id, description, grant_types, name, `path`, project_id, secret, access_token_validity_seconds, refresh_token_validity_seconds,types)VALUES(843498099048451, '2020-12-25 02:22:27', '0', 0, NULL, '', '2022-01-05 00:55:31', '0U8AZTODP4H0', NULL, '', 2, 1, 0, NULL, '0C8AZTODP4H0', '暂未使用，一个简单的NoSQL存储服务', 'CLIENT_CREDENTIALS', 'store', 'object-svc', '0P8HE307W6IO', '$2a$12$3ke5rpx81DFfYlLXpQW6TOvTw2W8OkG.p5oFOmFsnmh7LVp11khna', 122, 0,'ROOT_APPLICATION,FIRST_PARTY,BACKEND_APP');
INSERT INTO client(id, created_at, created_by, deleted, deleted_at, deleted_by, modified_at, modified_by, restored_at, restored_by, version, accessible_, auto_approve, redirect_urls, domain_id, description, grant_types, name, `path`, project_id, secret, access_token_validity_seconds, refresh_token_validity_seconds,types)VALUES(843498099048452, '2020-12-25 02:22:27', '0', 0, NULL, '', '2022-01-05 00:56:34', '0U8AZTODP4H0', NULL, '', 2, 1, 0, NULL, '0C8AZTODP4H1', '分布式事务管理中心后端', 'CLIENT_CREDENTIALS', 'saga', 'saga-svc', '0P8HE307W6I1',  '$2a$12$3ke5rpx81DFfYlLXpQW6TOvTw2W8OkG.p5oFOmFsnmh7LVp11khna', 121, 0,'FIRST_PARTY,BACKEND_APP');
INSERT INTO client(id, created_at, created_by, deleted, deleted_at, deleted_by, modified_at, modified_by, restored_at, restored_by, version, accessible_, auto_approve, redirect_urls, domain_id, description, grant_types, name, `path`, project_id, secret, access_token_validity_seconds, refresh_token_validity_seconds,types)VALUES(843498099048453, '2020-12-25 02:22:27', '0', 0, NULL, '', '2022-01-05 01:07:56', '0U8AZTODP4H0', NULL, '', 4, 1, 0, NULL, '0C8AZTODP4H2', 'BBS后端（现阶段暂停止维护与开发）', 'CLIENT_CREDENTIALS', 'bbs', 'bbs-svc', '0P8HE307W6I2', '$2a$12$3ke5rpx81DFfYlLXpQW6TOvTw2W8OkG.p5oFOmFsnmh7LVp11khna', 120, 0,'THIRD_PARTY,BACKEND_APP');
INSERT INTO client(id, created_at, created_by, deleted, deleted_at, deleted_by, modified_at, modified_by, restored_at, restored_by, version, accessible_, auto_approve, redirect_urls, domain_id, description, grant_types, name, `path`, project_id, secret, access_token_validity_seconds, refresh_token_validity_seconds,types)VALUES(843498099048454, '2020-12-25 02:22:27', '0', 0, NULL, '', '2022-01-05 00:54:24', '0U8AZTODP4H0', NULL, '', 2, 1, 0, NULL, '0C8AZTODP4H3', '一个假的支付服务，仅供测试使用', 'CLIENT_CREDENTIALS', 'payment', 'payment-svc', '0P8HE307W6I1', '$2a$12$3ke5rpx81DFfYlLXpQW6TOvTw2W8OkG.p5oFOmFsnmh7LVp11khna', 120, 0,'FIRST_PARTY,BACKEND_APP');
INSERT INTO client(id, created_at, created_by, deleted, deleted_at, deleted_by, modified_at, modified_by, restored_at, restored_by, version, accessible_, auto_approve, redirect_urls, domain_id, description, grant_types, name, `path`, project_id, secret, access_token_validity_seconds, refresh_token_validity_seconds,types)VALUES(843498099048455, '2020-12-25 02:22:27', '0', 0, NULL, '', '2022-01-05 00:54:07', '0U8AZTODP4H0', NULL, '', 3, 1, 0, NULL, '0C8AZTODP4H4', '提供文件管理功能', 'CLIENT_CREDENTIALS', 'fileUpload', 'file-upload-svc', '0P8HE307W6I1',  '$2a$12$3ke5rpx81DFfYlLXpQW6TOvTw2W8OkG.p5oFOmFsnmh7LVp11khna', 120, 0,'FIRST_PARTY,BACKEND_APP');
INSERT INTO client(id, created_at, created_by, deleted, deleted_at, deleted_by, modified_at, modified_by, restored_at, restored_by, version, accessible_, auto_approve, redirect_urls, domain_id, description, grant_types, name, `path`, project_id, secret, access_token_validity_seconds, refresh_token_validity_seconds,types)VALUES(843498099048456, '2020-12-25 02:22:27', '0', 0, NULL, '', '2022-01-05 00:51:10', '0U8AZTODP4H0', NULL, '', 2, 1, 0, NULL, '0C8AZTODP4H5', '负责邮件与websocket通知', 'CLIENT_CREDENTIALS', '通知中心', 'messenger-svc', '0P8HE307W6IO', '$2a$12$3ke5rpx81DFfYlLXpQW6TOvTw2W8OkG.p5oFOmFsnmh7LVp11khna', 120, 0,'ROOT_APPLICATION,FIRST_PARTY,BACKEND_APP');
INSERT INTO client(id, created_at, created_by, deleted, deleted_at, deleted_by, modified_at, modified_by, restored_at, restored_by, version, accessible_, auto_approve, redirect_urls, domain_id, description, grant_types, name, `path`, project_id, secret, access_token_validity_seconds, refresh_token_validity_seconds,types)VALUES(843498099048457, '2020-12-25 02:22:27', '0', 0, NULL, '', '2022-01-05 00:57:11', '0U8AZTODP4H0', NULL, '', 2, 1, 0, NULL, '0C8AZTODP4H6', '商城后端，负责管理产品，类目等', 'CLIENT_CREDENTIALS', 'mall', 'product-svc', '0P8HE307W6I1',  '$2a$12$3ke5rpx81DFfYlLXpQW6TOvTw2W8OkG.p5oFOmFsnmh7LVp11khna', 120, 0,'FIRST_PARTY,BACKEND_APP');
INSERT INTO client(id, created_at, created_by, deleted, deleted_at, deleted_by, modified_at, modified_by, restored_at, restored_by, version, accessible_, auto_approve, redirect_urls, domain_id, description, grant_types, name, `path`, project_id, secret, access_token_validity_seconds, refresh_token_validity_seconds,types)VALUES(843498099048458, '2020-12-25 02:22:27', '0', 0, NULL, '', '2022-01-05 00:51:40', '0U8AZTODP4H0', NULL, '', 2, 1, 0, NULL, '0C8AZTODP4H7', '负责管理订单以及购物车', 'CLIENT_CREDENTIALS', 'profile', 'profile-svc', '0P8HE307W6I1',  '$2a$12$3ke5rpx81DFfYlLXpQW6TOvTw2W8OkG.p5oFOmFsnmh7LVp11khna', 120, 0,'FIRST_PARTY,BACKEND_APP');
INSERT INTO client(id, created_at, created_by, deleted, deleted_at, deleted_by, modified_at, modified_by, restored_at, restored_by, version, accessible_, auto_approve, redirect_urls, domain_id, description, grant_types, name, `path`, project_id, secret, access_token_validity_seconds, refresh_token_validity_seconds,types)VALUES(843498099048459, '2020-12-25 02:22:27', '0', 0, NULL, '', '2022-01-05 00:52:59', '0U8AZTODP4H0', NULL, '', 2, 0, 0, NULL, '0C8AZTODP4H8', '<script>test</script>', 'CLIENT_CREDENTIALS', 'rightRoleNotSufficientResourceId', NULL, '0P8HE307W6I0', '$2a$12$5PlVPPijEbr69oYIdC9e2uvDzW7NPqxnoxU9aKFiemB2vG7UmaC1S', 120, 0,'FIRST_PARTY,BACKEND_APP');
INSERT INTO client(id, created_at, created_by, deleted, deleted_at, deleted_by, modified_at, modified_by, restored_at, restored_by, version, accessible_, auto_approve, redirect_urls, domain_id, description, grant_types, name, `path`, project_id, secret, access_token_validity_seconds, refresh_token_validity_seconds,types)VALUES(843498099048553, '2020-12-25 02:22:27', '0', 0, NULL, '', '2022-01-05 00:52:39', '0U8AZTODP4H0', NULL, '', 2, 1, 0, NULL, '0C8AZTODP4HZ', '仅供测试使用', 'CLIENT_CREDENTIALS', 'test', 'test-svc', '0P8HE307W6IO', '$2a$12$3ke5rpx81DFfYlLXpQW6TOvTw2W8OkG.p5oFOmFsnmh7LVp11khna', 122, 0,'FIRST_PARTY,BACKEND_APP');
INSERT INTO client(id, created_at, created_by, deleted, deleted_at, deleted_by, modified_at, modified_by, restored_at, restored_by, version, accessible_, auto_approve, redirect_urls, domain_id, description, grant_types, name, `path`, project_id, secret, access_token_validity_seconds, refresh_token_validity_seconds,types)VALUES(843509306228737, '2020-12-25 08:18:43', '0', 0, NULL, '', '2022-01-05 01:08:35', '0U8AZTODP4H0', NULL, '', 3, 1, 0, NULL, '0C8AZYTQ5W5C', '反向代理服务，负责处理mt-auth的核心功能', 'CLIENT_CREDENTIALS', '反向代理', NULL, '0P8HE307W6IO', '$2a$12$.HPmCVWM86g.OmWmWgsttuXB95onmQXhsNqwA.ugS9qdn/rxnLk/6', 120, 0,'ROOT_APPLICATION,FIRST_PARTY,BACKEND_APP');
INSERT INTO client(id, created_at, created_by, deleted, deleted_at, deleted_by, modified_at, modified_by, restored_at, restored_by, version, accessible_, auto_approve, redirect_urls, domain_id, description, grant_types, name, `path`, project_id, secret, access_token_validity_seconds, refresh_token_validity_seconds,types)VALUES(843509757116417, '2020-12-25 08:33:03', '0', 0, NULL, '', '2022-01-05 00:52:02', '0U8AZTODP4H0', NULL, '', 3, 0, 0, NULL, '0C8AZZ16LZB4', 'mt-auth前端', 'PASSWORD,REFRESH_TOKEN', '登陆客户端UI', NULL, '0P8HE307W6IO',  '$2a$12$lBpm19kTPZserQCa72/67OAPAjPZWc0yJ9Kh6xPYPYOSVuFWS94IC', 120, 1200,'ROOT_APPLICATION,FIRST_PARTY,FRONTEND_APP');
INSERT INTO client(id, created_at, created_by, deleted, deleted_at, deleted_by, modified_at, modified_by, restored_at, restored_by, version, accessible_, auto_approve, redirect_urls, domain_id, description, grant_types, name, `path`, project_id, secret, access_token_validity_seconds, refresh_token_validity_seconds,types)VALUES(843511877861378, '2020-12-25 09:40:28', '0', 0, NULL, '', '2022-01-05 00:53:31', '0U8AZTODP4H0', NULL, '', 4, 0, 0, NULL, '0C8B00098WLD', '用户注册时使用', 'CLIENT_CREDENTIALS', '注册客户端UI', NULL, '0P8HE307W6IO', '$2a$12$lBpm19kTPZserQCa72/67OAPAjPZWc0yJ9Kh6xPYPYOSVuFWS94IC', 120, 0,'ROOT_APPLICATION,FIRST_PARTY,FRONTEND_APP');
INSERT INTO client(id, created_at, created_by, deleted, deleted_at, deleted_by, modified_at, modified_by, restored_at, restored_by, version, accessible_, auto_approve, redirect_urls, domain_id, description, grant_types, name, `path`, project_id, secret, access_token_validity_seconds, refresh_token_validity_seconds,types)VALUES(843512635457539, '2020-12-25 10:04:33', '0', 0, NULL, '', '2022-01-05 01:09:22', '0U8AZTODP4H0', NULL, '', 4, 0, 0, NULL, '0C8B00CSATJ6', '用户密码验证策略', 'PASSWORD', '测试应用', '', '0P8HE307W6IO', '$2a$12$k73Ru5FaxyoX5NxQ775SxefRDY04HVvUNekQ.X/tBZJcsUuBUqiMS', 120, 0,'FIRST_PARTY,BACKEND_APP');
INSERT INTO client(id, created_at, created_by, deleted, deleted_at, deleted_by, modified_at, modified_by, restored_at, restored_by, version, accessible_, auto_approve, redirect_urls, domain_id, description, grant_types, name, `path`, project_id, secret, access_token_validity_seconds, refresh_token_validity_seconds,types)VALUES(843512635457561, '2020-12-25 10:04:33', '0', 0, NULL, '', '2022-01-05 00:52:23', '0U8AZTODP4H0', NULL, '', 2, 1, 0, NULL, '0C8AZTODP4I0', '仅供测试使用', 'PASSWORD', '测试用资源应用', NULL, '0P8HE307W6IO', '$2a$12$k73Ru5FaxyoX5NxQ775SxefRDY04HVvUNekQ.X/tBZJcsUuBUqiMS', 120, 0,'FIRST_PARTY,BACKEND_APP');
INSERT INTO client(id, created_at, created_by, deleted, deleted_at, deleted_by, modified_at, modified_by, restored_at, restored_by, version, accessible_, auto_approve, redirect_urls, domain_id, description, grant_types, name, `path`, project_id, secret, access_token_validity_seconds, refresh_token_validity_seconds,types)VALUES(843594578001923, '2020-12-27 05:29:26', '0', 0, NULL, '', '2022-01-05 01:08:43', '0U8AZTODP4H0', NULL, '', 10, 0, 1, 0x5B7B2276616C7565223A22687474703A2F2F6C6F63616C686F73743A343230302F6163636F756E74227D2C7B2276616C7565223A22687474703A2F2F3139322E3136382E322E32333A343230302F6163636F756E74227D2C7B2276616C7565223A2268747470733A2F2F7777772E64756F7368752E6F72672F6D616C6C2F6163636F756E74227D2C7B2276616C7565223A22687474703A2F2F3139322E3136382E322E31363A343230302F6163636F756E74227D5D, '0C8B11ZYRXFM', '商城app前端', 'AUTHORIZATION_CODE', '商城前端UI', NULL, '0P8HE307W6I1', '$2a$12$5PlVPPijEbr69oYIdC9e2uvDzW7NPqxnoxU9aKFiemB2vG7UmaC1S', 1200, 0,'FIRST_PARTY,FRONTEND_APP');
INSERT INTO client(id, created_at, created_by, deleted, deleted_at, deleted_by, modified_at, modified_by, restored_at, restored_by, version, accessible_, auto_approve, redirect_urls, domain_id, description, grant_types, name, `path`, project_id, secret, access_token_validity_seconds, refresh_token_validity_seconds,types)VALUES(843594578001960, '2020-12-27 05:29:26', '0', 0, NULL, '', '2022-01-05 01:07:48', '0U8AZTODP4H0', NULL, '', 7, 0, 1, 0x5B7B2276616C7565223A22687474703A2F2F6C6F63616C686F73743A33303030227D5D, '0C8AZTODP4H9', 'BBS前端（现阶段暂停止维护与开发）', 'AUTHORIZATION_CODE', 'BBS前端UI', NULL, '0P8HE307W6I2', '$2a$12$5PlVPPijEbr69oYIdC9e2uvDzW7NPqxnoxU9aKFiemB2vG7UmaC1S', 120, 0,'THIRD_PARTY,FRONTEND_APP');




INSERT INTO resources_map(id, domain_id)VALUES(843509757116417, '0C8AZTODP4H0');
INSERT INTO resources_map(id, domain_id)VALUES(843498099048452, '0C8AZTODP4H1');
INSERT INTO resources_map(id, domain_id)VALUES(843498099048458, '0C8AZTODP4H1');
INSERT INTO resources_map(id, domain_id)VALUES(843509757116417, '0C8AZTODP4H1');
INSERT INTO resources_map(id, domain_id)VALUES(843509757116417, '0C8AZTODP4H2');
INSERT INTO resources_map(id, domain_id)VALUES(843594578001960, '0C8AZTODP4H2');
INSERT INTO resources_map(id, domain_id)VALUES(843498099048452, '0C8AZTODP4H3');
INSERT INTO resources_map(id, domain_id)VALUES(843498099048458, '0C8AZTODP4H3');
INSERT INTO resources_map(id, domain_id)VALUES(843509757116417, '0C8AZTODP4H4');
INSERT INTO resources_map(id, domain_id)VALUES(843512635457539, '0C8AZTODP4H4');
INSERT INTO resources_map(id, domain_id)VALUES(843594578001960, '0C8AZTODP4H4');
INSERT INTO resources_map(id, domain_id)VALUES(843498099048450, '0C8AZTODP4H5');
INSERT INTO resources_map(id, domain_id)VALUES(843498099048452, '0C8AZTODP4H5');
INSERT INTO resources_map(id, domain_id)VALUES(843498099048458, '0C8AZTODP4H5');
INSERT INTO resources_map(id, domain_id)VALUES(843509757116417, '0C8AZTODP4H5');
INSERT INTO resources_map(id, domain_id)VALUES(843498099048452, '0C8AZTODP4H6');
INSERT INTO resources_map(id, domain_id)VALUES(843498099048458, '0C8AZTODP4H6');
INSERT INTO resources_map(id, domain_id)VALUES(843509757116417, '0C8AZTODP4H6');
INSERT INTO resources_map(id, domain_id)VALUES(843512635457539, '0C8AZTODP4H6');
INSERT INTO resources_map(id, domain_id)VALUES(843594578001923, '0C8AZTODP4H6');
INSERT INTO resources_map(id, domain_id)VALUES(843498099048452, '0C8AZTODP4H7');
INSERT INTO resources_map(id, domain_id)VALUES(843509757116417, '0C8AZTODP4H7');
INSERT INTO resources_map(id, domain_id)VALUES(843512635457539, '0C8AZTODP4H7');
INSERT INTO resources_map(id, domain_id)VALUES(843594578001923, '0C8AZTODP4H7');
INSERT INTO resources_map(id, domain_id)VALUES(843498099048450, '0C8AZTODP4HT');
INSERT INTO resources_map(id, domain_id)VALUES(843498099048456, '0C8AZTODP4HT');
INSERT INTO resources_map(id, domain_id)VALUES(843498099048459, '0C8AZTODP4HT');
INSERT INTO resources_map(id, domain_id)VALUES(843509306228737, '0C8AZTODP4HT');
INSERT INTO resources_map(id, domain_id)VALUES(843509757116417, '0C8AZTODP4HT');
INSERT INTO resources_map(id, domain_id)VALUES(843511877861378, '0C8AZTODP4HT');
INSERT INTO resources_map(id, domain_id)VALUES(843512635457539, '0C8AZTODP4HT');
INSERT INTO resources_map(id, domain_id)VALUES(843512635457561, '0C8AZTODP4HT');
INSERT INTO resources_map(id, domain_id)VALUES(843498099048450, '0C8AZYTQ5W5C');
INSERT INTO resources_map(id, domain_id)VALUES(843509757116417, '0C8AZYTQ5W5C');
INSERT INTO resources_map(id, domain_id)VALUES(843512635457539, '0C8AZYTQ5W5C');
INSERT INTO resources_map(id, domain_id)VALUES(843509757116417, '0C8BLWABG1S0');
INSERT INTO resources_map(id, domain_id)VALUES(843509757116417, '0C8AZTODP4H3');


INSERT INTO endpoint (id,created_at,created_by,deleted,deleted_at,deleted_by,modified_at,modified_by,restored_at,restored_by,version,cache_profile_id,client_id,cors_profile_id,csrf_enabled,description,domain_id,is_websocket,`method`,`path`,project_id,secured,system_role_id) VALUES	 (0,NULL,'',0,NULL,'','2022-01-05 05:18:31','0U8AZTODP4H0',NULL,'',5,'0X8G900BJFGG','0C8AZTODP4HT','0O8G2WE71L35',1,'读取应用简略信息','0E8AZTODP400',0,'GET','clients','0P8HE307W6IO',1,'0R8GM9U1JSHT'),	 (1,NULL,'',0,NULL,'','2022-01-05 06:14:49','0U8AZTODP4H0',NULL,'',3,'','0C8AZTODP4HT','0O8G2WE71L35',1,'查询目标应用是否可以自动批准第三方登录请求','0E8AZTODP401',0,'GET','clients/autoApprove','0P8HE307W6IO',1,'0R8G09CBKU0W'),	 (2,NULL,'',0,NULL,'','2022-01-05 05:18:43','0U8AZTODP4H0',NULL,'',2,'','0C8AZTODP4HT','0O8G2WE71L35',1,'创建应用','0E8AZTODP402',0,'POST','clients','0P8HE307W6IO',1,'0R8GM9U1JSHT'),	 (3,NULL,'',0,NULL,'','2022-01-05 05:18:56','0U8AZTODP4H0',NULL,'',2,'','0C8AZTODP4HT','0O8G2WE71L35',1,'更新应用','0E8AZTODP403',0,'PUT','clients/**','0P8HE307W6IO',1,'0R8GM9U1JSHT'),	 (4,NULL,'',0,NULL,'','2022-01-05 05:19:03','0U8AZTODP4H0',NULL,'',2,'','0C8AZTODP4HT','0O8G2WE71L35',1,'删除应用','0E8AZTODP404',0,'DELETE','clients/**','0P8HE307W6IO',1,'0R8GM9U1JSHT'),	 (5,NULL,'',0,NULL,'','2022-01-05 05:21:25','0U8AZTODP4H0',NULL,'',3,'','0C8AZTODP4HT','0O8G2WE71L35',1,'注册用户','0E8AZTODP405',0,'POST','users','0P8HE307W6IO',1,'0R8GMAP9LCLC'),	 (6,NULL,'',0,NULL,'','2022-01-05 05:21:36','0U8AZTODP4H0',NULL,'',2,'','0C8AZTODP4HT','0O8G2WE71L35',1,'读取用户简略信息','0E8AZTODP406',0,'GET','users','0P8HE307W6IO',1,'0R8GM9U1JSHT'),	 (7,NULL,'',0,NULL,'','2022-01-05 05:28:19','0U8AZTODP4H0',NULL,'',3,'','0C8AZTODP4HT','0O8G2WE71L35',1,'更新单个用户信息','0E8AZTODP407',0,'PUT','users/**','0P8HE307W6IO',1,'0R8GM9U1JSHT'),	 (8,NULL,'',0,NULL,'','2022-01-05 05:28:26','0U8AZTODP4H0',NULL,'',3,'','0C8AZTODP4HT','0O8G2WE71L35',1,'删除单个用户','0E8AZTODP408',0,'DELETE','users/**','0P8HE307W6IO',1,'0R8GM9U1JSHT'),	 (9,NULL,'',0,NULL,'','2022-01-05 05:28:38','0U8AZTODP4H0',NULL,'',4,'','0C8AZTODP4HT','0O8G2WE71L35',1,'用户更改密码','0E8AZTODP409',0,'PUT','users/pwd','0P8HE307W6IO',1,'0R8G09CBKU0W');
INSERT INTO endpoint (id,created_at,created_by,deleted,deleted_at,deleted_by,modified_at,modified_by,restored_at,restored_by,version,cache_profile_id,client_id,cors_profile_id,csrf_enabled,description,domain_id,is_websocket,`method`,`path`,project_id,secured,system_role_id) VALUES	 (10,NULL,'',0,NULL,'','2022-01-05 05:22:39','0U8AZTODP4H0',NULL,'',3,'','0C8AZTODP4HT','0O8G2WE71L35',1,'OAuth2 authorize端口','0E8AZTODP40A',0,'POST','authorize','0P8HE307W6IO',1,'0R8G09CBKU0W'),	 (11,NULL,'',0,NULL,'','2022-01-05 05:23:22','0U8AZTODP4H0',NULL,'',2,'','0C8AZTODP4HT','0O8G2WE71L35',1,'!未使用','0E8AZTODP40B',0,'GET','users/search','0P8HE307W6IO',1,'0R8G099XQKN4'),	 (12,NULL,'',0,NULL,'','2022-01-05 05:24:07','0U8AZTODP4H0',NULL,'',2,'','0C8AZTODP4HT','0O8G2WE71L35',1,'创建待注册用户','0E8AZTODP40C',0,'POST','pending-users','0P8HE307W6IO',1,'0R8GMAP9LCLC'),	 (13,NULL,'',0,NULL,'','2022-01-05 05:28:50','0U8AZTODP4H0',NULL,'',3,'','0C8AZTODP4HT','0O8G2WE71L35',1,'用户忘记密码','0E8AZTODP40D',0,'POST','users/forgetPwd','0P8HE307W6IO',1,'0R8GMALSF6RK'),	 (14,NULL,'',0,NULL,'','2022-01-05 05:24:40','0U8AZTODP4H0',NULL,'',2,'','0C8AZTODP4HT','0O8G2WE71L35',1,'重置用户密码','0E8AZTODP40E',0,'POST','users/resetPwd','0P8HE307W6IO',1,'0R8GMALSF6RK'),	 (15,NULL,'',0,NULL,'','2022-01-05 05:29:20','0U8AZTODP4H0',NULL,'',2,'','0C8AZTODP4HT','0O8G2WE71L35',0,'申请身份令牌','0E8AZTODP40F',0,'POST','oauth/token','0P8HE307W6IO',0,''),	 (16,NULL,'',0,NULL,'','2022-01-05 05:29:15','0U8AZTODP4H0',NULL,'',3,'','0C8AZTODP4HT','0O8G2WE71L35',1,'将已签发的用户或应用的身份令牌回收','0E8AZTODP40G',0,'POST','revoke-tokens','0P8HE307W6IO',1,'0R8GM9U1JSHT'),	 (18,NULL,'',0,NULL,'','2022-01-05 05:29:35','0U8AZTODP4H0',NULL,'',3,'','0C8AZTODP4HT','0O8G2WE71L35',1,'创建api端口','0E8AZTODP40I',0,'POST','endpoints','0P8HE307W6IO',1,'0R8GM9U1JSHT'),	 (19,NULL,'',0,NULL,'','2022-01-05 05:26:21','0U8AZTODP4H0',NULL,'',2,'','0C8AZTODP4HT','0O8G2WE71L35',1,'读取当前所有api端口简略信息','0E8AZTODP40J',0,'GET','endpoints','0P8HE307W6IO',1,'0R8GM9U1JSHT'),	 (20,NULL,'',0,NULL,'','2022-01-05 05:29:50','0U8AZTODP4H0',NULL,'',3,'','0C8AZTODP4HT','0O8G2WE71L35',1,'更新单个api端口信息','0E8AZTODP40K',0,'PUT','endpoints/**','0P8HE307W6IO',1,'0R8GM9U1JSHT');
INSERT INTO endpoint (id,created_at,created_by,deleted,deleted_at,deleted_by,modified_at,modified_by,restored_at,restored_by,version,cache_profile_id,client_id,cors_profile_id,csrf_enabled,description,domain_id,is_websocket,`method`,`path`,project_id,secured,system_role_id) VALUES	 (21,NULL,'',0,NULL,'','2022-01-05 05:30:02','0U8AZTODP4H0',NULL,'',2,'','0C8AZTODP4HT','0O8G2WE71L35',1,'删除单个api端口','0E8AZTODP40L',0,'DELETE','endpoints/**','0P8HE307W6IO',1,'0R8GM9U1JSHT'),	 (25,NULL,'',0,NULL,'',NULL,'',NULL,'',0,'','0C8AZTODP4H7','0O8G2WE71L35',1,'','0E8AZTODP40M',0,'GET','addresses/user','0P8HE307W6I1',1,'0R8G09CBKU0W'),	 (26,NULL,'',0,NULL,'',NULL,'',NULL,'',0,'','0C8AZTODP4H7','0O8G2WE71L35',1,'','0E8AZTODP40N',0,'GET','addresses/user/**','0P8HE307W6I1',1,'0R8G09CBKU0W'),	 (27,NULL,'',0,NULL,'',NULL,'',NULL,'',0,'','0C8AZTODP4H7','0O8G2WE71L35',1,'','0E8AZTODP40O',0,'POST','addresses/user','0P8HE307W6I1',1,'0R8G09CBKU0W'),	 (28,NULL,'',0,NULL,'',NULL,'',NULL,'',0,'','0C8AZTODP4H7','0O8G2WE71L35',1,'','0E8AZTODP40P',0,'PUT','addresses/user/**','0P8HE307W6I1',1,'0R8G09CBKU0W'),	 (29,NULL,'',0,NULL,'',NULL,'',NULL,'',0,'','0C8AZTODP4H7','0O8G2WE71L35',1,'','0E8AZTODP40Q',0,'DELETE','addresses/user/**','0P8HE307W6I1',1,'0R8G09CBKU0W'),	 (30,NULL,'',0,NULL,'',NULL,'',NULL,'',0,'','0C8AZTODP4H7','0O8G2WE71L35',1,'','0E8AZTODP40R',0,'PUT','orders/user/**/confirm','0P8HE307W6I1',1,'0R8G09CBKU0W'),	 (31,NULL,'',0,NULL,'',NULL,'',NULL,'',0,'','0C8AZTODP4H7','0O8G2WE71L35',1,'','0E8AZTODP40S',0,'GET','orders/admin','0P8HE307W6I1',1,'0R8G09BPEZGG'),	 (32,NULL,'',0,NULL,'',NULL,'',NULL,'',0,'','0C8AZTODP4H7','0O8G2WE71L35',1,'','0E8AZTODP40T',0,'GET','orders/user/**','0P8HE307W6I1',1,'0R8G09CBKU0W'),	 (33,NULL,'',0,NULL,'',NULL,'',NULL,'',0,'','0C8AZTODP4H7','0O8G2WE71L35',1,'','0E8AZTODP40U',0,'POST','orders/user','0P8HE307W6I1',1,'0R8G09CBKU0W');
INSERT INTO endpoint (id,created_at,created_by,deleted,deleted_at,deleted_by,modified_at,modified_by,restored_at,restored_by,version,cache_profile_id,client_id,cors_profile_id,csrf_enabled,description,domain_id,is_websocket,`method`,`path`,project_id,secured,system_role_id) VALUES	 (35,NULL,'',0,NULL,'',NULL,'',NULL,'',0,'','0C8AZTODP4H7','0O8G2WE71L35',1,'','0E8AZTODP40V',0,'DELETE','orders/user/**','0P8HE307W6I1',1,'0R8G09CBKU0W'),	 (36,NULL,'',0,NULL,'',NULL,'',NULL,'',0,'','0C8AZTODP4H7','0O8G2WE71L35',1,'','0E8AZTODP40W',0,'GET','cart/user','0P8HE307W6I1',1,'0R8G09CBKU0W'),	 (37,NULL,'',0,NULL,'',NULL,'',NULL,'',0,'','0C8AZTODP4H7','0O8G2WE71L35',1,'','0E8AZTODP40X',0,'POST','cart/user','0P8HE307W6I1',1,'0R8G09CBKU0W'),	 (39,NULL,'',0,NULL,'',NULL,'',NULL,'',0,'','0C8AZTODP4H7','0O8G2WE71L35',1,'','0E8AZTODP40Y',0,'DELETE','cart/user/**','0P8HE307W6I1',1,'0R8G09CBKU0W'),	 (41,NULL,'',0,NULL,'',NULL,'',NULL,'',0,'','0C8AZTODP4H7','0O8G2WE71L35',1,'','0E8AZTODP40Z',0,'PUT','orders/user/**/reserve','0P8HE307W6I1',1,'0R8G09CBKU0W'),	 (42,NULL,'',0,NULL,'',NULL,'',NULL,'',0,'','0C8AZTODP4H6','0O8G2WE71L35',1,'','0E8AZTODP410',0,'POST','catalogs/admin','0P8HE307W6I1',1,'0R8G09BPEZGG'),	 (43,NULL,'',0,NULL,'',NULL,'',NULL,'',0,'','0C8AZTODP4H6','0O8G2WE71L35',1,'','0E8AZTODP411',0,'PUT','catalogs/admin/**','0P8HE307W6I1',1,'0R8G09BPEZGG'),	 (44,NULL,'',0,NULL,'',NULL,'',NULL,'',0,'','0C8AZTODP4H6','0O8G2WE71L35',1,'','0E8AZTODP412',0,'DELETE','catalogs/admin/**','0P8HE307W6I1',1,'0R8G09BPEZGG'),	 (46,NULL,'',0,NULL,'',NULL,'',NULL,'',0,'','0C8AZTODP4H6','0O8G2WE71L35',1,'','0E8AZTODP413',0,'PATCH','products/app','0P8HE307W6I1',1,'0R8G09BPEZGG'),	 (47,NULL,'',0,NULL,'',NULL,'',NULL,'',0,'','0C8AZTODP4H6','0O8G2WE71L35',1,'','0E8AZTODP414',0,'POST','products/admin','0P8HE307W6I1',1,'0R8G09BPEZGG');
INSERT INTO endpoint (id,created_at,created_by,deleted,deleted_at,deleted_by,modified_at,modified_by,restored_at,restored_by,version,cache_profile_id,client_id,cors_profile_id,csrf_enabled,description,domain_id,is_websocket,`method`,`path`,project_id,secured,system_role_id) VALUES	 (48,NULL,'',0,NULL,'',NULL,'',NULL,'',0,'','0C8AZTODP4H6','0O8G2WE71L35',1,'','0E8AZTODP415',0,'PUT','products/admin/**','0P8HE307W6I1',1,'0R8G09BPEZGG'),	 (49,NULL,'',0,NULL,'',NULL,'',NULL,'',0,'','0C8AZTODP4H6','0O8G2WE71L35',1,'','0E8AZTODP416',0,'DELETE','products/admin/**','0P8HE307W6I1',1,'0R8G09BPEZGG'),	 (52,NULL,'',0,NULL,'',NULL,'',NULL,'',0,'','0C8AZTODP4H6','0O8G2WE71L35',1,'','0E8AZTODP417',0,'GET','products/admin/**','0P8HE307W6I1',1,'0R8G09BPEZGG'),	 (53,NULL,'',0,NULL,'',NULL,'',NULL,'',0,'','0C8AZTODP4H6','0O8G2WE71L35',1,'','0E8AZTODP418',0,'GET','catalogs/public','0P8HE307W6I1',0,''),	 (54,NULL,'',0,NULL,'',NULL,'',NULL,'',0,'','0C8AZTODP4H6','0O8G2WE71L35',1,'','0E8AZTODP419',0,'GET','products/public','0P8HE307W6I1',0,''),	 (55,NULL,'',0,NULL,'',NULL,'',NULL,'',0,'','0C8AZTODP4H6','0O8G2WE71L35',1,'','0E8AZTODP41A',0,'GET','products/public/**','0P8HE307W6I1',0,''),	 (57,NULL,'',0,NULL,'',NULL,'',NULL,'',0,'','0C8AZTODP4H5','0O8G2WE71L35',1,'','0E8AZTODP41B',0,'POST','notifyBy/email/newOrder','0P8HE307W6I1',1,'0R8G099XQKN4'),	 (58,NULL,'',0,NULL,'',NULL,'',NULL,'',0,'','0C8AZTODP4H5','0O8G2WE71L35',1,'','0E8AZTODP41C',0,'GET','systemNotifications/root','0P8HE307W6I1',1,'0R8G09B8K64H'),	 (60,NULL,'',0,NULL,'',NULL,'',NULL,'',0,'','0C8AZTODP4H4','0O8G2WE71L35',1,'','0E8AZTODP41E',0,'POST','files/app','0P8HE307W6I1',1,'0R8G09BPEZGG'),	 (61,NULL,'',0,NULL,'',NULL,'',NULL,'',0,'','0C8AZTODP4H4','0O8G2WE71L35',1,'','0E8AZTODP41F',0,'GET','files/public/**','0P8HE307W6I1',0,'');
INSERT INTO endpoint (id,created_at,created_by,deleted,deleted_at,deleted_by,modified_at,modified_by,restored_at,restored_by,version,cache_profile_id,client_id,cors_profile_id,csrf_enabled,description,domain_id,is_websocket,`method`,`path`,project_id,secured,system_role_id) VALUES	 (62,NULL,'',0,NULL,'',NULL,'',NULL,'',0,'','0C8AZTODP4H3','0O8G2WE71L35',1,'','0E8AZTODP41G',0,'POST','paymentLink','0P8HE307W6I1',1,'0G8G5YPNCUF5'),	 (63,NULL,'',0,NULL,'',NULL,'',NULL,'',0,'','0C8AZTODP4H3','0O8G2WE71L35',1,'','0E8AZTODP41H',0,'GET','paymentStatus/**','0P8HE307W6I1',1,'0G8G5YPNCUF5'),	 (65,NULL,'',0,NULL,'',NULL,'',NULL,'',0,'','0C8AZTODP4H2','0O8G2WE71L35',1,'','0E8AZTODP41I',0,'GET','private/comments','0P8HE307W6I2',1,'0R8G09CBKU0W'),	 (66,NULL,'',0,NULL,'',NULL,'',NULL,'',0,'','0C8AZTODP4H2','0O8G2WE71L35',1,'','0E8AZTODP41J',0,'GET','public/posts/**/comments','0P8HE307W6I2',0,''),	 (67,NULL,'',0,NULL,'',NULL,'',NULL,'',0,'','0C8AZTODP4H2','0O8G2WE71L35',1,'','0E8AZTODP41K',0,'POST','private/posts/**/comments','0P8HE307W6I2',1,'0R8G09CBKU0W'),	 (68,NULL,'',0,NULL,'',NULL,'',NULL,'',0,'','0C8AZTODP4H2','0O8G2WE71L35',1,'','0E8AZTODP41L',0,'DELETE','private/comments/**','0P8HE307W6I2',1,'0R8G09CBKU0W'),	 (69,NULL,'',0,NULL,'',NULL,'',NULL,'',0,'','0C8AZTODP4H2','0O8G2WE71L35',1,'','0E8AZTODP41M',0,'GET','public/posts','0P8HE307W6I2',0,''),	 (70,NULL,'',0,NULL,'',NULL,'',NULL,'',0,'','0C8AZTODP4H2','0O8G2WE71L35',1,'','0E8AZTODP41N',0,'GET','private/posts','0P8HE307W6I2',1,'0R8G09CBKU0W'),	 (71,NULL,'',0,NULL,'',NULL,'',NULL,'',0,'','0C8AZTODP4H2','0O8G2WE71L35',1,'','0E8AZTODP41O',0,'POST','private/posts','0P8HE307W6I2',1,'0R8G09CBKU0W'),	 (72,NULL,'',0,NULL,'',NULL,'',NULL,'',0,'','0C8AZTODP4H2','0O8G2WE71L35',1,'','0E8AZTODP41P',0,'GET','public/posts/**','0P8HE307W6I2',0,'');
INSERT INTO endpoint (id,created_at,created_by,deleted,deleted_at,deleted_by,modified_at,modified_by,restored_at,restored_by,version,cache_profile_id,client_id,cors_profile_id,csrf_enabled,description,domain_id,is_websocket,`method`,`path`,project_id,secured,system_role_id) VALUES	 (73,NULL,'',0,NULL,'',NULL,'',NULL,'',0,'','0C8AZTODP4H2','0O8G2WE71L35',1,'','0E8AZTODP41Q',0,'PUT','private/posts/**','0P8HE307W6I2',1,'0R8G09CBKU0W'),	 (74,NULL,'',0,NULL,'',NULL,'',NULL,'',0,'','0C8AZTODP4H2','0O8G2WE71L35',1,'','0E8AZTODP41R',0,'DELETE','private/posts/**','0P8HE307W6I2',1,'0R8G09CBKU0W'),	 (75,NULL,'',0,NULL,'',NULL,'',NULL,'',0,'','0C8AZTODP4H2','0O8G2WE71L35',1,'','0E8AZTODP41S',0,'POST','private/posts/**/likes','0P8HE307W6I2',1,'0R8G09CBKU0W'),	 (76,NULL,'',0,NULL,'',NULL,'',NULL,'',0,'','0C8AZTODP4H2','0O8G2WE71L35',1,'','0E8AZTODP41T',0,'DELETE','private/posts/**/likes','0P8HE307W6I2',1,'0R8G09CBKU0W'),	 (77,NULL,'',0,NULL,'',NULL,'',NULL,'',0,'','0C8AZTODP4H2','0O8G2WE71L35',1,'','0E8AZTODP41U',0,'POST','private/comments/**/likes','0P8HE307W6I2',1,'0R8G09CBKU0W'),	 (78,NULL,'',0,NULL,'',NULL,'',NULL,'',0,'','0C8AZTODP4H2','0O8G2WE71L35',1,'','0E8AZTODP41V',0,'DELETE','private/comments/**/likes','0P8HE307W6I2',1,'0R8G09CBKU0W'),	 (79,NULL,'',0,NULL,'',NULL,'',NULL,'',0,'','0C8AZTODP4H2','0O8G2WE71L35',1,'','0E8AZTODP41W',0,'POST','private/posts/**/dislikes','0P8HE307W6I2',1,'0R8G09CBKU0W'),	 (80,NULL,'',0,NULL,'',NULL,'',NULL,'',0,'','0C8AZTODP4H2','0O8G2WE71L35',1,'','0E8AZTODP41X',0,'DELETE','private/posts/**/dislikes','0P8HE307W6I2',1,'0R8G09CBKU0W'),	 (81,NULL,'',0,NULL,'',NULL,'',NULL,'',0,'','0C8AZTODP4H2','0O8G2WE71L35',1,'','0E8AZTODP41Y',0,'POST','private/comments/**/dislikes','0P8HE307W6I2',1,'0R8G09CBKU0W'),	 (82,NULL,'',0,NULL,'',NULL,'',NULL,'',0,'','0C8AZTODP4H2','0O8G2WE71L35',1,'','0E8AZTODP41Z',0,'DELETE','private/comments/**/dislikes','0P8HE307W6I2',1,'0R8G09CBKU0W');
INSERT INTO endpoint (id,created_at,created_by,deleted,deleted_at,deleted_by,modified_at,modified_by,restored_at,restored_by,version,cache_profile_id,client_id,cors_profile_id,csrf_enabled,description,domain_id,is_websocket,`method`,`path`,project_id,secured,system_role_id) VALUES	 (83,NULL,'',0,NULL,'',NULL,'',NULL,'',0,'','0C8AZTODP4H2','0O8G2WE71L35',1,'','0E8AZTODP420',0,'POST','private/posts/**/reports','0P8HE307W6I2',1,'0R8G09CBKU0W'),	 (84,NULL,'',0,NULL,'',NULL,'',NULL,'',0,'','0C8AZTODP4H2','0O8G2WE71L35',1,'','0E8AZTODP421',0,'DELETE','private/posts/**/reports','0P8HE307W6I2',1,'0R8G09CBKU0W'),	 (85,NULL,'',0,NULL,'',NULL,'',NULL,'',0,'','0C8AZTODP4H2','0O8G2WE71L35',1,'','0E8AZTODP422',0,'POST','private/comments/**/reports','0P8HE307W6I2',1,'0R8G09CBKU0W'),	 (86,NULL,'',0,NULL,'',NULL,'',NULL,'',0,'','0C8AZTODP4H2','0O8G2WE71L35',1,'','0E8AZTODP423',0,'DELETE','private/comments/**/reports','0P8HE307W6I2',1,'0R8G09CBKU0W'),	 (87,NULL,'',0,NULL,'',NULL,'',NULL,'',0,'','0C8AZTODP4H2','0O8G2WE71L35',1,'','0E8AZTODP424',0,'POST','private/posts/**/notInterested','0P8HE307W6I2',1,'0R8G09CBKU0W'),	 (88,NULL,'',0,NULL,'',NULL,'',NULL,'',0,'','0C8AZTODP4H2','0O8G2WE71L35',1,'','0E8AZTODP425',0,'DELETE','private/posts/**/notInterested','0P8HE307W6I2',1,'0R8G09CBKU0W'),	 (89,NULL,'',0,NULL,'',NULL,'',NULL,'',0,'','0C8AZTODP4H2','0O8G2WE71L35',1,'','0E8AZTODP426',0,'POST','private/comments/**/notInterested','0P8HE307W6I2',1,'0R8G09CBKU0W'),	 (90,NULL,'',0,NULL,'',NULL,'',NULL,'',0,'','0C8AZTODP4H2','0O8G2WE71L35',1,'','0E8AZTODP427',0,'DELETE','private/comments/**/notInterested','0P8HE307W6I2',1,'0R8G09CBKU0W'),	 (91,NULL,'',0,NULL,'',NULL,'',NULL,'',0,'','0C8AZTODP4H2','0O8G2WE71L35',1,'','0E8AZTODP428',0,'GET','admin/posts','0P8HE307W6I2',1,'0R8G09BPEZGG'),	 (92,NULL,'',0,NULL,'',NULL,'',NULL,'',0,'','0C8AZTODP4H2','0O8G2WE71L35',1,'','0E8AZTODP429',0,'DELETE','admin/posts/**','0P8HE307W6I2',1,'0R8G09BPEZGG');
INSERT INTO endpoint (id,created_at,created_by,deleted,deleted_at,deleted_by,modified_at,modified_by,restored_at,restored_by,version,cache_profile_id,client_id,cors_profile_id,csrf_enabled,description,domain_id,is_websocket,`method`,`path`,project_id,secured,system_role_id) VALUES	 (93,NULL,'',0,NULL,'',NULL,'',NULL,'',0,'','0C8AZTODP4H2','0O8G2WE71L35',1,'','0E8AZTODP42A',0,'GET','admin/comments','0P8HE307W6I2',1,'0R8G09BPEZGG'),	 (94,NULL,'',0,NULL,'',NULL,'',NULL,'',0,'','0C8AZTODP4H2','0O8G2WE71L35',1,'','0E8AZTODP42B',0,'DELETE','admin/comments/**','0P8HE307W6I2',1,'0R8G09BPEZGG'),	 (95,NULL,'',0,NULL,'',NULL,'',NULL,'',0,'','0C8AZTODP4H2','0O8G2WE71L35',1,'','0E8AZTODP42C',0,'GET','admin/likes','0P8HE307W6I2',1,'0R8G09BPEZGG'),	 (96,NULL,'',0,NULL,'',NULL,'',NULL,'',0,'','0C8AZTODP4H2','0O8G2WE71L35',1,'','0E8AZTODP42D',0,'GET','admin/dislikes','0P8HE307W6I2',1,'0R8G09BPEZGG'),	 (97,NULL,'',0,NULL,'',NULL,'',NULL,'',0,'','0C8AZTODP4H2','0O8G2WE71L35',1,'','0E8AZTODP42E',0,'GET','admin/reports','0P8HE307W6I2',1,'0R8G09BPEZGG'),	 (98,NULL,'',0,NULL,'',NULL,'',NULL,'',0,'','0C8AZTODP4H2','0O8G2WE71L35',1,'','0E8AZTODP42F',0,'GET','admin/notInterested','0P8HE307W6I2',1,'0R8G09BPEZGG'),	 (99,NULL,'',0,NULL,'',NULL,'',NULL,'',0,'','0C8AZTODP4H7','0O8G2WE71L35',1,'','0E8AZTODP42G',0,'GET','profiles/orders/id','0P8HE307W6I1',1,'0R8G09CBKU0W'),	 (100,NULL,'',0,NULL,'',NULL,'',NULL,'',0,'','0C8AZTODP4H7','0O8G2WE71L35',1,'','0E8AZTODP42H',0,'GET','profiles/orders/scheduler/resubmit','0P8HE307W6I1',1,'0R8G09CBKU0W'),	 (101,NULL,'',0,NULL,'',NULL,'',NULL,'',0,'','0C8AZTODP4H6','0O8G2WE71L35',1,'','0E8AZTODP42I',0,'GET','catalogs/admin','0P8HE307W6I1',1,'0R8G09BPEZGG'),	 (103,NULL,'',0,NULL,'',NULL,'',NULL,'',0,'','0C8AZTODP4H6','0O8G2WE71L35',1,'','0E8AZTODP42J',0,'GET','products/admin','0P8HE307W6I1',1,'0R8G09BPEZGG');
INSERT INTO endpoint (id,created_at,created_by,deleted,deleted_at,deleted_by,modified_at,modified_by,restored_at,restored_by,version,cache_profile_id,client_id,cors_profile_id,csrf_enabled,description,domain_id,is_websocket,`method`,`path`,project_id,secured,system_role_id) VALUES	 (105,NULL,'',0,NULL,'',NULL,'',NULL,'',0,'','0C8AZTODP4H6','0O8G2WE71L35',1,'','0E8AZTODP42K',0,'GET','attributes/admin','0P8HE307W6I1',1,'0R8G09BPEZGG'),	 (106,NULL,'',0,NULL,'',NULL,'',NULL,'',0,'','0C8AZTODP4H6','0O8G2WE71L35',1,'','0E8AZTODP42L',0,'POST','attributes/admin','0P8HE307W6I1',1,'0R8G09BPEZGG'),	 (107,NULL,'',0,NULL,'',NULL,'',NULL,'',0,'','0C8AZTODP4H6','0O8G2WE71L35',1,'','0E8AZTODP42M',0,'PUT','attributes/admin/**','0P8HE307W6I1',1,'0R8G09BPEZGG'),	 (108,NULL,'',0,NULL,'',NULL,'',NULL,'',0,'','0C8AZTODP4H6','0O8G2WE71L35',1,'','0E8AZTODP42N',0,'DELETE','attributes/admin/**','0P8HE307W6I1',1,'0R8G09BPEZGG'),	 (109,NULL,'',0,NULL,'',NULL,'',NULL,'',0,'','0C8AZTODP4H6','0O8G2WE71L35',1,'','0E8AZTODP42O',0,'GET','filters/admin','0P8HE307W6I1',1,'0R8G09BPEZGG'),	 (110,NULL,'',0,NULL,'',NULL,'',NULL,'',0,'','0C8AZTODP4H6','0O8G2WE71L35',1,'','0E8AZTODP42P',0,'GET','filters/admin/**','0P8HE307W6I1',1,'0R8G09BPEZGG'),	 (111,NULL,'',0,NULL,'',NULL,'',NULL,'',0,'','0C8AZTODP4H6','0O8G2WE71L35',1,'','0E8AZTODP42Q',0,'POST','filters/admin','0P8HE307W6I1',1,'0R8G09BPEZGG'),	 (112,NULL,'',0,NULL,'',NULL,'',NULL,'',0,'','0C8AZTODP4H6','0O8G2WE71L35',1,'','0E8AZTODP42R',0,'PUT','filters/admin/**','0P8HE307W6I1',1,'0R8G09BPEZGG'),	 (113,NULL,'',0,NULL,'',NULL,'',NULL,'',0,'','0C8AZTODP4H6','0O8G2WE71L35',1,'','0E8AZTODP42S',0,'DELETE','filters/admin/**','0P8HE307W6I1',1,'0R8G09BPEZGG'),	 (114,NULL,'',0,NULL,'',NULL,'',NULL,'',0,'','0C8AZTODP4H6','0O8G2WE71L35',1,'','0E8AZTODP42T',0,'GET','filters/public','0P8HE307W6I1',0,'');
INSERT INTO endpoint (id,created_at,created_by,deleted,deleted_at,deleted_by,modified_at,modified_by,restored_at,restored_by,version,cache_profile_id,client_id,cors_profile_id,csrf_enabled,description,domain_id,is_websocket,`method`,`path`,project_id,secured,system_role_id) VALUES	 (116,NULL,'',0,NULL,'',NULL,'',NULL,'',0,'','0C8AZTODP4H6','0O8G2WE71L35',1,'','0E8AZTODP42U',0,'GET','attributes/admin/**','0P8HE307W6I1',1,'0R8G09BPEZGG'),	 (117,NULL,'',0,NULL,'',NULL,'',NULL,'',0,'','0C8AZTODP4H6','0O8G2WE71L35',1,'','0E8AZTODP42V',0,'GET','catalogs/admin/**','0P8HE307W6I1',1,'0R8G09BPEZGG'),	 (118,NULL,'',0,NULL,'',NULL,'',NULL,'',0,'','0C8AZTODP4H6','0O8G2WE71L35',1,'','0E8AZTODP42W',0,'PATCH','products/admin/**','0P8HE307W6I1',1,'0R8G09BPEZGG'),	 (119,NULL,'',0,NULL,'',NULL,'',NULL,'',0,'','0C8AZTODP4H6','0O8G2WE71L35',1,'','0E8AZTODP42X',0,'PATCH','products/admin','0P8HE307W6I1',1,'0R8G09BPEZGG'),	 (120,NULL,'',0,NULL,'',NULL,'',NULL,'',0,'','0C8AZTODP4H6','0O8G2WE71L35',1,'','0E8AZTODP42Y',0,'DELETE','products/admin','0P8HE307W6I1',1,'0R8G09BPEZGG'),	 (121,NULL,'',0,NULL,'',NULL,'',NULL,'',0,'','0C8AZTODP4H6','0O8G2WE71L35',1,'','0E8AZTODP42Z',0,'GET','products/app','0P8HE307W6I1',1,'0R8G09BPEZGG'),	 (123,NULL,'',0,NULL,'',NULL,'',NULL,'',0,'','0C8AZTODP4H6','0O8G2WE71L35',1,'','0E8AZTODP430',0,'PATCH','attributes/admin/**','0P8HE307W6I1',1,'0R8G09BPEZGG'),	 (124,NULL,'',0,NULL,'',NULL,'',NULL,'',0,'','0C8AZTODP4H6','0O8G2WE71L35',1,'','0E8AZTODP431',0,'PATCH','catalogs/admin/**','0P8HE307W6I1',1,'0R8G09BPEZGG'),	 (125,NULL,'',0,NULL,'','2022-01-05 05:31:06','0U8AZTODP4H0',NULL,'',2,'','0C8AZTODP4HT','0O8G2WE71L35',1,'读取单个应用详细信息','0E8AZTODP432',0,'GET','clients/**','0P8HE307W6IO',1,'0R8GM9U1JSHT'),	 (126,NULL,'',0,NULL,'','2022-01-05 05:31:23','0U8AZTODP4H0',NULL,'',2,'','0C8AZTODP4HT','0O8G2WE71L35',1,'更改单个应用的部分信息','0E8AZTODP433',0,'PATCH','clients/**','0P8HE307W6IO',1,'0R8GM9U1JSHT');
INSERT INTO endpoint (id,created_at,created_by,deleted,deleted_at,deleted_by,modified_at,modified_by,restored_at,restored_by,version,cache_profile_id,client_id,cors_profile_id,csrf_enabled,description,domain_id,is_websocket,`method`,`path`,project_id,secured,system_role_id) VALUES	 (127,NULL,'',0,NULL,'','2022-01-05 05:31:36','0U8AZTODP4H0',NULL,'',2,'','0C8AZTODP4HT','0O8G2WE71L35',1,'读取单个用户的详细信息','0E8AZTODP434',0,'GET','users/**','0P8HE307W6IO',1,'0R8GM9U1JSHT'),	 (128,NULL,'',0,NULL,'','2022-01-05 05:31:49','0U8AZTODP4H0',NULL,'',2,'','0C8AZTODP4HT','0O8G2WE71L35',1,'读取单个api端口的详细信息','0E8AZTODP435',0,'GET','endpoints/**','0P8HE307W6IO',1,'0R8GM9U1JSHT'),	 (130,NULL,'',0,NULL,'','2022-01-05 05:32:08','0U8AZTODP4H0',NULL,'',2,'','0C8AZTODP4HT','0O8G2WE71L35',1,'更改单个用户的部分信息','0E8AZTODP437',0,'PATCH','users/**','0P8HE307W6IO',1,'0R8GM9U1JSHT'),	 (131,NULL,'',0,NULL,'','2022-01-05 05:33:30','0U8AZTODP4H0',NULL,'',3,'','0C8AZTODP4HT','0O8G2WE71L35',1,'批量更改多个用户的部分信息','0E8AZTODP438',0,'PATCH','users','0P8HE307W6IO',1,'0R8GM9U1JSHT'),	 (132,NULL,'',0,NULL,'','2022-01-05 05:33:15','0U8AZTODP4H0',NULL,'',2,'','0C8AZTODP4HT','0O8G2WE71L35',1,'批量删除多个api端口','0E8AZTODP439',0,'DELETE','endpoints','0P8HE307W6IO',1,'0R8GM9U1JSHT'),	 (133,NULL,'',0,NULL,'',NULL,'',NULL,'',0,'','0C8AZTODP4H6','0O8G2WE71L35',1,'','0E8AZTODP43A',0,'DELETE','catalogs/admin','0P8HE307W6I1',1,'0R8G09BPEZGG'),	 (134,NULL,'',0,NULL,'',NULL,'',NULL,'',0,'','0C8AZTODP4H6','0O8G2WE71L35',1,'','0E8AZTODP43B',0,'DELETE','attributes/admin','0P8HE307W6I1',1,'0R8G09BPEZGG'),	 (135,NULL,'',0,NULL,'',NULL,'',NULL,'',0,'','0C8AZTODP4H6','0O8G2WE71L35',1,'','0E8AZTODP43C',0,'PATCH','filters/admin/**','0P8HE307W6I1',1,'0R8G09BPEZGG'),	 (136,NULL,'',0,NULL,'',NULL,'',NULL,'',0,'','0C8AZTODP4H6','0O8G2WE71L35',1,'','0E8AZTODP43D',0,'DELETE','filters/admin','0P8HE307W6I1',1,'0R8G09BPEZGG'),	 (137,NULL,'',0,NULL,'','2022-01-05 05:33:50','0U8AZTODP4H0',NULL,'',2,'','0C8AZTODP4HT','0O8G2WE71L35',1,'更改单个api端口的部分信息','0E8AZTODP43E',0,'PATCH','endpoints/**','0P8HE307W6IO',1,'0R8GM9U1JSHT');
INSERT INTO endpoint (id,created_at,created_by,deleted,deleted_at,deleted_by,modified_at,modified_by,restored_at,restored_by,version,cache_profile_id,client_id,cors_profile_id,csrf_enabled,description,domain_id,is_websocket,`method`,`path`,project_id,secured,system_role_id) VALUES	 (141,NULL,'',0,NULL,'','2022-01-05 05:34:44','0U8AZTODP4H0',NULL,'',3,'','0C8AZTODP4HT','0O8G2WE71L35',1,'！删除mt-auth中的改动','0E8AZTODP43H',0,'DELETE','changes/root/**','0P8HE307W6IO',1,'0R8GM9U1JSHT'),	 (143,NULL,'',0,NULL,'','2022-01-05 05:35:02','0U8AZTODP4H0',NULL,'',2,'','0C8AZTODP4HT','0O8G2WE71L35',1,'读取mt-auth中的改动','0E8AZTODP43I',0,'GET','changes/root','0P8HE307W6IO',1,'0R8GM9U1JSHT'),	 (147,NULL,'',0,NULL,'',NULL,'',NULL,'',0,'','0C8AZTODP4H6','0O8G2WE71L35',1,'','0E8AZTODP43L',0,'GET','changes/root','0P8HE307W6I1',1,'0R8G09B8K64H'),	 (148,NULL,'',0,NULL,'',NULL,'',NULL,'',0,'','0C8AZTODP4H6','0O8G2WE71L35',1,'','0E8AZTODP43M',0,'DELETE','changes/root/**','0P8HE307W6I1',1,'0R8G09B8K64H'),	 (149,NULL,'',0,NULL,'','2022-01-05 05:35:26','0U8AZTODP4H0',NULL,'',2,'','0C8AZTODP4HT','0O8G2WE71L35',1,'查看当前回收的身份令牌','0E8AZTODP43N',0,'GET','revoke-tokens','0P8HE307W6IO',1,'0R8GM9U1JSHT'),	 (150,NULL,'',0,NULL,'',NULL,'',NULL,'',0,'','0C8AZTODP4H6','0O8G2WE71L35',1,'','0E8AZTODP43O',0,'GET','skus/admin','0P8HE307W6I1',1,'0R8G09BPEZGG'),	 (151,NULL,'',0,NULL,'',NULL,'',NULL,'',0,'','0C8AZTODP4H6','0O8G2WE71L35',1,'','0E8AZTODP43P',0,'GET','skus/admin/**','0P8HE307W6I1',1,'0R8G09BPEZGG'),	 (152,NULL,'',0,NULL,'',NULL,'',NULL,'',0,'','0C8AZTODP4H6','0O8G2WE71L35',1,'','0E8AZTODP43Q',0,'POST','skus/admin','0P8HE307W6I1',1,'0R8G09BPEZGG'),	 (153,NULL,'',0,NULL,'',NULL,'',NULL,'',0,'','0C8AZTODP4H6','0O8G2WE71L35',1,'','0E8AZTODP43R',0,'PATCH','skus/admin','0P8HE307W6I1',1,'0R8G09BPEZGG'),	 (154,NULL,'',0,NULL,'',NULL,'',NULL,'',0,'','0C8AZTODP4H6','0O8G2WE71L35',1,'','0E8AZTODP43S',0,'PATCH','skus/admin/**','0P8HE307W6I1',1,'0R8G09BPEZGG');
INSERT INTO endpoint (id,created_at,created_by,deleted,deleted_at,deleted_by,modified_at,modified_by,restored_at,restored_by,version,cache_profile_id,client_id,cors_profile_id,csrf_enabled,description,domain_id,is_websocket,`method`,`path`,project_id,secured,system_role_id) VALUES	 (155,NULL,'',0,NULL,'',NULL,'',NULL,'',0,'','0C8AZTODP4H6','0O8G2WE71L35',1,'','0E8AZTODP43T',0,'DELETE','skus/admin/**','0P8HE307W6I1',1,'0R8G09BPEZGG'),	 (156,NULL,'',0,NULL,'',NULL,'',NULL,'',0,'','0C8AZTODP4H6','0O8G2WE71L35',1,'','0E8AZTODP43U',0,'DELETE','skus/admin','0P8HE307W6I1',1,'0R8G09BPEZGG'),	 (157,NULL,'',0,NULL,'',NULL,'',NULL,'',0,'','0C8AZTODP4H6','0O8G2WE71L35',1,'','0E8AZTODP43V',0,'PUT','skus/admin/**','0P8HE307W6I1',1,'0R8G09BPEZGG'),	 (158,NULL,'',0,NULL,'',NULL,'',NULL,'',0,'','0C8AZTODP4H6','0O8G2WE71L35',1,'','0E8AZTODP43W',0,'DELETE','products/changes/app/**','0P8HE307W6I1',1,'0G8G5YPNCUF5'),	 (161,NULL,'',0,NULL,'',NULL,'',NULL,'',0,'','0C8AZTODP4H7','0O8G2WE71L35',1,'','0E8AZTODP43X',0,'GET','orders/admin/**','0P8HE307W6I1',1,'0R8G09BPEZGG'),	 (162,NULL,'',0,NULL,'',NULL,'',NULL,'',0,'','0C8AZTODP4H7','0O8G2WE71L35',1,'','0E8AZTODP43Y',0,'GET','orders/user','0P8HE307W6I1',1,'0R8G09CBKU0W'),	 (163,NULL,'',0,NULL,'',NULL,'',NULL,'',0,'','0C8AZTODP4H7','0O8G2WE71L35',1,'','0E8AZTODP43Z',0,'GET','addresses/admin','0P8HE307W6I1',1,'0R8G09BPEZGG'),	 (164,NULL,'',0,NULL,'',NULL,'',NULL,'',0,'','0C8AZTODP4H7','0O8G2WE71L35',1,'','0E8AZTODP440',0,'GET','addresses/admin/**','0P8HE307W6I1',1,'0R8G09BPEZGG'),	 (165,NULL,'',0,NULL,'',NULL,'',NULL,'',0,'','0C8AZTODP4H7','0O8G2WE71L35',1,'','0E8AZTODP441',0,'POST','orders/app/validate','0P8HE307W6I1',1,'0R8G099XQKN4'),	 (166,NULL,'',0,NULL,'',NULL,'',NULL,'',0,'','0C8AZTODP4H7','0O8G2WE71L35',1,'','0E8AZTODP442',0,'PUT','orders/app/**','0P8HE307W6I1',1,'0R8G099XQKN4');
INSERT INTO endpoint (id,created_at,created_by,deleted,deleted_at,deleted_by,modified_at,modified_by,restored_at,restored_by,version,cache_profile_id,client_id,cors_profile_id,csrf_enabled,description,domain_id,is_websocket,`method`,`path`,project_id,secured,system_role_id) VALUES	 (167,NULL,'',0,NULL,'',NULL,'',NULL,'',0,'','0C8AZTODP4H7','0O8G2WE71L35',1,'','0E8AZTODP443',0,'PUT','orders/user/**','0P8HE307W6I1',1,'0R8G09CBKU0W'),	 (168,NULL,'',0,NULL,'',NULL,'',NULL,'',0,'','0C8AZTODP4H1','0O8G2WE71L35',1,'','0E8AZTODP444',0,'POST','sm/app','0P8HE307W6I1',1,'0R8G099XQKN4'),	 (169,NULL,'',0,NULL,'',NULL,'',NULL,'',0,'','0C8AZTODP4H7','0O8G2WE71L35',1,'','0E8AZTODP445',0,'POST','orders/app','0P8HE307W6I1',1,'0R8G099XQKN4'),	 (170,NULL,'',0,NULL,'',NULL,'',NULL,'',0,'','0C8AZTODP4H1','0O8G2WE71L35',1,'','0E8AZTODP446',0,'GET','tasks/admin','0P8HE307W6I1',1,'0R8G09BPEZGG'),	 (171,NULL,'',0,NULL,'',NULL,'',NULL,'',0,'','0C8AZTODP4H7','0O8G2WE71L35',1,'','0E8AZTODP447',0,'DELETE','cart/app','0P8HE307W6I1',1,'0R8G099XQKN4'),	 (172,NULL,'',0,NULL,'',NULL,'',NULL,'',0,'','0C8AZTODP4H7','0O8G2WE71L35',1,'','0E8AZTODP448',0,'DELETE','changes/app','0P8HE307W6I1',1,'0R8G09BPEZGG'),	 (173,NULL,'',0,NULL,'',NULL,'',NULL,'',0,'','0C8AZTODP4H3','0O8G2WE71L35',1,'','0E8AZTODP449',0,'DELETE','changes/app','0P8HE307W6I1',1,'0R8G09BPEZGG'),	 (174,NULL,'',0,NULL,'',NULL,'',NULL,'',0,'','0C8AZTODP4H7','0O8G2WE71L35',1,'','0E8AZTODP44A',0,'GET','changes/root/**','0P8HE307W6I1',1,'0R8G09B8K64H'),	 (175,NULL,'',0,NULL,'',NULL,'',NULL,'',0,'','0C8AZTODP4H3','0O8G2WE71L35',1,'','0E8AZTODP44B',0,'GET','changes/root/**','0P8HE307W6I1',1,'0R8G09B8K64H'),	 (176,NULL,'',0,NULL,'',NULL,'',NULL,'',0,'','0C8AZTODP4H0','0O8G2WE71L35',1,'','0E8AZTODP44C',0,'POST','events/admin/**','0P8HE307W6IO',1,'0R8G09BPEZGG');
INSERT INTO endpoint (id,created_at,created_by,deleted,deleted_at,deleted_by,modified_at,modified_by,restored_at,restored_by,version,cache_profile_id,client_id,cors_profile_id,csrf_enabled,description,domain_id,is_websocket,`method`,`path`,project_id,secured,system_role_id) VALUES	 (177,NULL,'',0,NULL,'',NULL,'',NULL,'',0,'','0C8AZTODP4H0','0O8G2WE71L35',1,'','0E8AZTODP44D',0,'GET','events/admin/**','0P8HE307W6IO',1,'0R8G09BPEZGG'),	 (178,NULL,'',0,NULL,'',NULL,'',NULL,'',0,'','0C8AZTODP4H0','0O8G2WE71L35',1,'','0E8AZTODP44E',0,'PUT','events/admin/**','0P8HE307W6IO',1,'0R8G09BPEZGG'),	 (179,NULL,'',0,NULL,'',NULL,'',NULL,'',0,'','0C8AZTODP4H0','0O8G2WE71L35',1,'','0E8AZTODP44F',0,'DELETE','events/admin/**','0P8HE307W6IO',1,'0R8G09BPEZGG'),	 (180,NULL,'',0,NULL,'','2022-01-05 05:35:53','0U8AZTODP4H0',NULL,'',2,'','0C8AZTODP4HT','0O8G2WE71L35',1,'发布重新载入代理缓存事件','0E8AZTODP450',0,'POST','endpoints/event/reload','0P8HE307W6IO',1,'0R8GM9U1JSHT'),	 (181,NULL,'',0,NULL,'',NULL,'',NULL,'',0,'','0C8BLWABG1S0','0O8G2WE71L35',1,'','0E8AZTODP451',0,'GET','test/delay/**','0P8HE307W6IO',0,''),	 (182,NULL,'',0,NULL,'',NULL,'',NULL,'',0,'','0C8BLWABG1S0','0O8G2WE71L35',1,'','0E8AZTODP452',0,'GET','test/status/**','0P8HE307W6IO',0,''),	 (183,'2021-02-05 22:13:40','0U8AZTODP4H0',0,NULL,'','2021-02-05 22:13:40','0U8AZTODP4H0',NULL,'',0,'','0C8AZTODP4H5','0O8G2WE71L35',0,'','0E8BO3KAHURK',0,'GET','system-monitor','0P8HE307W6IO',1,'0R8G099XQKN4'),	 (184,NULL,'',0,NULL,'','2022-01-05 05:36:26','0U8AZTODP4H0',NULL,'',3,'','0C8AZTODP4HT','0O8G2WE71L35',1,'创建websocket链接使用的凭据','0E8BPAEMD3B5',0,'POST','tickets/**','0P8HE307W6IO',1,'0R8GMAI4P1J4'),	 (185,NULL,'',0,NULL,'',NULL,'',NULL,'',0,'','0C8AZTODP4H5','0O8G2WE71L35',1,'','0E8BPAEMD3B6',0,'GET','mallNotifications/admin','0P8HE307W6IO',1,'0R8G09BPEZGG'),	 (186,'2021-02-05 22:13:40','0U8AZTODP4H0',0,NULL,'','2021-02-05 22:13:40','0U8AZTODP4H0',NULL,'',0,'','0C8AZTODP4H5','0O8G2WE71L35',0,'','0E8BPAEMD3B7',0,'GET','mall-monitor','0P8HE307W6IO',1,'0R8G09BPEZGG');
INSERT INTO endpoint (id,created_at,created_by,deleted,deleted_at,deleted_by,modified_at,modified_by,restored_at,restored_by,version,cache_profile_id,client_id,cors_profile_id,csrf_enabled,description,domain_id,is_websocket,`method`,`path`,project_id,secured,system_role_id) VALUES	 (187,NULL,'',0,NULL,'',NULL,'',NULL,'',0,'','0C8AZTODP4H1','0O8G2WE71L35',1,'','0E8AZTODP466',0,'GET','createOrderDtx/admin','0P8HE307W6I1',1,'0R8G09BPEZGG'),	 (188,NULL,'',0,NULL,'',NULL,'',NULL,'',0,'','0C8AZTODP4H1','0O8G2WE71L35',1,'','0E8AZTODP476',0,'GET','cancelCreateOrderDtx/admin','0P8HE307W6I1',1,'0R8G09BPEZGG'),	 (189,NULL,'',0,NULL,'',NULL,'',NULL,'',0,'','0C8AZTODP4H1','0O8G2WE71L35',1,'','0E8AZTODP486',0,'GET','reserveOrderDtx/admin','0P8HE307W6I1',1,'0R8G09BPEZGG'),	 (190,NULL,'',0,NULL,'',NULL,'',NULL,'',0,'','0C8AZTODP4H1','0O8G2WE71L35',1,'','0E8AZTODP496',0,'GET','cancelReserveOrderDtx/admin','0P8HE307W6I1',1,'0R8G09BPEZGG'),	 (191,NULL,'',0,NULL,'',NULL,'',NULL,'',0,'','0C8AZTODP4H1','0O8G2WE71L35',1,'','0E8AZTODP4A6',0,'GET','recycleOrderDtx/admin','0P8HE307W6I1',1,'0R8G09BPEZGG'),	 (193,NULL,'',0,NULL,'',NULL,'',NULL,'',0,'','0C8AZTODP4H1','0O8G2WE71L35',1,'','0E8AZTODP4C6',0,'GET','cancelRecycleOrderDtx/admin','0P8HE307W6I1',1,'0R8G09BPEZGG'),	 (194,NULL,'',0,NULL,'',NULL,'',NULL,'',0,'','0C8AZTODP4H1','0O8G2WE71L35',1,'','0E8AZTODP4D6',0,'GET','confirmOrderPaymentDtx/admin','0P8HE307W6I1',1,'0R8G09BPEZGG'),	 (195,NULL,'',0,NULL,'',NULL,'',NULL,'',0,'','0C8AZTODP4H1','0O8G2WE71L35',1,'','0E8AZTODP4E6',0,'GET','cancelConfirmOrderPaymentDtx/admin','0P8HE307W6I1',1,'0R8G09BPEZGG'),	 (196,NULL,'',0,NULL,'',NULL,'',NULL,'',0,'','0C8AZTODP4H1','0O8G2WE71L35',1,'','0E8AZTODP4F6',0,'GET','concludeOrderDtx/admin','0P8HE307W6I1',1,'0R8G09BPEZGG'),	 (197,NULL,'',0,NULL,'',NULL,'',NULL,'',0,'','0C8AZTODP4H1','0O8G2WE71L35',1,'','0E8AZTODP456',0,'GET','cancelConcludeOrderDtx/admin','0P8HE307W6I1',1,'0R8G09BPEZGG');
INSERT INTO endpoint (id,created_at,created_by,deleted,deleted_at,deleted_by,modified_at,modified_by,restored_at,restored_by,version,cache_profile_id,client_id,cors_profile_id,csrf_enabled,description,domain_id,is_websocket,`method`,`path`,project_id,secured,system_role_id) VALUES	 (201,NULL,'',0,NULL,'',NULL,'',NULL,'',0,'','0C8AZTODP4H1','0O8G2WE71L35',1,'','0E8AZTODP566',0,'POST','createOrderDtx/admin/**/cancel','0P8HE307W6I1',1,'0R8G09BPEZGG'),	 (203,NULL,'',0,NULL,'',NULL,'',NULL,'',0,'','0C8AZTODP4H1','0O8G2WE71L35',1,'','0E8AZTODP586',0,'POST','reserveOrderDtx/admin/**/cancel','0P8HE307W6I1',1,'0R8G09BPEZGG'),	 (205,NULL,'',0,NULL,'',NULL,'',NULL,'',0,'','0C8AZTODP4H1','0O8G2WE71L35',1,'','0E8AZTODP5A6',0,'POST','recycleOrderDtx/admin/**/cancel','0P8HE307W6I1',1,'0R8G09BPEZGG'),	 (206,NULL,'',0,NULL,'',NULL,'',NULL,'',0,'','0C8AZTODP4H1','0O8G2WE71L35',1,'','0E8AZTODP4F7',0,'POST','events/admin/**/retry','0P8HE307W6I1',1,'0R8G09BPEZGG'),	 (208,NULL,'',0,NULL,'',NULL,'',NULL,'',0,'','0C8AZTODP4H1','0O8G2WE71L35',1,'','0E8AZTODP5D6',0,'POST','confirmOrderPaymentDtx/admin/**/cancel','0P8HE307W6I1',1,'0R8G09BPEZGG'),	 (210,NULL,'',0,NULL,'',NULL,'',NULL,'',0,'','0C8AZTODP4H1','0O8G2WE71L35',1,'','0E8AZTODP5F6',0,'POST','concludeOrderDtx/admin/**/cancel','0P8HE307W6I1',1,'0R8G09BPEZGG'),	 (217,NULL,'',0,NULL,'',NULL,'',NULL,'',0,'','0C8AZTODP4H1','0O8G2WE71L35',1,'','0E8AZTODP4F8',0,'GET','events/admin','0P8HE307W6I1',1,'0R8G09BPEZGG'),	 (847539962118150,'2021-03-24 22:49:49','0U8AZTODP4H0',0,NULL,'','2021-03-24 22:49:49','0U8AZTODP4H0',NULL,'',0,'','0C8AZTODP4H5','0O8G2WE71L35',0,'','0E8CFEHEM0W0',1,'','system-monitor','0P8HE307W6I1',1,'0R8G09B8K64H'),	 (847539979419653,'2021-03-24 22:50:22','0U8AZTODP4H0',0,NULL,'','2021-03-24 22:50:22','0U8AZTODP4H0',NULL,'',0,'','0C8AZTODP4H5','0O8G2WE71L35',0,'','0E8CFEHOWUTC',1,'','mall-monitor','0P8HE307W6I1',1,'0R8G09BPEZGG'),	 (854833021059086,'2021-09-01 18:49:55','0U8AZTODP4H0',0,NULL,'','2021-09-01 18:49:55','0U8AZTODP4H0',NULL,'',0,'','0C8AZTODP4H1','0O8G2WE71L35',1,'','0E8F0GV9LQTC',0,'GET','cancelConcludeOrderDtx/admin/**','0P8HE307W6I1',1,'0R8G09BPEZGG');
INSERT INTO endpoint (id,created_at,created_by,deleted,deleted_at,deleted_by,modified_at,modified_by,restored_at,restored_by,version,cache_profile_id,client_id,cors_profile_id,csrf_enabled,description,domain_id,is_websocket,`method`,`path`,project_id,secured,system_role_id) VALUES	 (854833029447680,'2021-09-01 18:50:10','0U8AZTODP4H0',0,NULL,'','2021-09-01 18:50:10','0U8AZTODP4H0',NULL,'',0,'','0C8AZTODP4H1','0O8G2WE71L35',1,'','0E8F0GVEAAYP',0,'GET','createOrderDtx/admin/**','0P8HE307W6I1',1,'0R8G09BPEZGG'),	 (854833037836301,'2021-09-01 18:50:27','0U8AZTODP4H0',0,NULL,'','2021-09-01 18:50:27','0U8AZTODP4H0',NULL,'',0,'','0C8AZTODP4H1','0O8G2WE71L35',1,'','0E8F0GVJLC74',0,'GET','cancelCreateOrderDtx/admin/**','0P8HE307W6I1',1,'0R8G09BPEZGG'),	 (854833044652044,'2021-09-01 18:50:39','0U8AZTODP4H0',0,NULL,'','2021-09-01 18:50:39','0U8AZTODP4H0',NULL,'',0,'','0C8AZTODP4H1','0O8G2WE71L35',1,'','0E8F0GVNC6PT',0,'GET','reserveOrderDtx/admin/**','0P8HE307W6I1',1,'0R8G09BPEZGG'),	 (854833051467789,'2021-09-01 18:50:52','0U8AZTODP4H0',0,NULL,'','2021-09-01 18:50:52','0U8AZTODP4H0',NULL,'',0,'','0C8AZTODP4H1','0O8G2WE71L35',1,'','0E8F0GVRPIBK',0,'GET','cancelReserveOrderDtx/admin/**','0P8HE307W6I1',1,'0R8G09BPEZGG'),	 (854833061953548,'2021-09-01 18:51:12','0U8AZTODP4H0',0,NULL,'','2021-09-01 18:51:12','0U8AZTODP4H0',NULL,'',0,'','0C8AZTODP4H1','0O8G2WE71L35',1,'','0E8F0GVXN0N5',0,'GET','recycleOrderDtx/admin/**','0P8HE307W6I1',1,'0R8G09BPEZGG'),	 (854833070866445,'2021-09-01 18:51:29','0U8AZTODP4H0',0,NULL,'','2021-09-01 18:51:29','0U8AZTODP4H0',NULL,'',0,'','0C8AZTODP4H1','0O8G2WE71L35',1,'','0E8F0GW39AF4',0,'GET','cancelRecycleOrderDtx/admin/**','0P8HE307W6I1',1,'0R8G09BPEZGG'),	 (854833082925112,'2021-09-01 18:51:53','0U8AZTODP4H0',0,NULL,'','2021-09-01 18:51:53','0U8AZTODP4H0',NULL,'',0,'','0C8AZTODP4H1','0O8G2WE71L35',1,'','0E8F0GWAFQY2',0,'GET','confirmOrderPaymentDtx/admin/**','0P8HE307W6I1',1,'0R8G09BPEZGG'),	 (854833090265102,'2021-09-01 18:52:07','0U8AZTODP4H0',0,NULL,'','2021-09-01 18:52:07','0U8AZTODP4H0',NULL,'',0,'','0C8AZTODP4H1','0O8G2WE71L35',1,'','0E8F0GWET2IO',0,'GET','cancelConfirmOrderPaymentDtx/admin/**','0P8HE307W6I1',1,'0R8G09BPEZGG'),	 (854833120149517,'2021-09-01 18:53:04','0U8AZTODP4H0',0,NULL,'','2021-09-01 18:53:04','0U8AZTODP4H0',NULL,'',0,'','0C8AZTODP4H1','0O8G2WE71L35',1,'','0E8F0GWWLLHC',0,'GET','concludeOrderDtx/admin/**','0P8HE307W6I1',1,'0R8G09BPEZGG'),	 (854876264333325,'2021-09-02 17:44:35','0U8AZTODP4H0',0,NULL,'','2021-09-02 17:44:35','0U8AZTODP4H0',NULL,'',0,'','0C8AZTODP4H1','0O8G2WE71L35',1,'','0E8F10QFJ6RK',0,'POST','cancelConcludeOrderDtx/admin/**/resolve','0P8HE307W6I1',1,'0R8G09BPEZGG');
INSERT INTO endpoint (id,created_at,created_by,deleted,deleted_at,deleted_by,modified_at,modified_by,restored_at,restored_by,version,cache_profile_id,client_id,cors_profile_id,csrf_enabled,description,domain_id,is_websocket,`method`,`path`,project_id,secured,system_role_id) VALUES	 (854877178167308,'2021-09-02 18:13:37','0U8AZTODP4H0',0,NULL,'','2021-09-02 18:13:37','0U8AZTODP4H0',NULL,'',0,'','0C8AZTODP4H1','0O8G2WE71L35',1,'','0E8F115JLTKW',0,'POST','cancelConfirmOrderPaymentDtx/admin/**/resolve','0P8HE307W6I1',1,'0R8G09BPEZGG'),	 (854877194420236,'2021-09-02 18:14:09','0U8AZTODP4H0',0,NULL,'','2021-09-02 18:14:09','0U8AZTODP4H0',NULL,'',0,'','0C8AZTODP4H1','0O8G2WE71L35',1,'','0E8F115TA6F4',0,'POST','cancelCreateOrderDtx/admin/**/resolve','0P8HE307W6I1',1,'0R8G09BPEZGG'),	 (854877212770316,'2021-09-02 18:14:44','0U8AZTODP4H0',0,NULL,'','2021-09-02 18:14:44','0U8AZTODP4H0',NULL,'',0,'','0C8AZTODP4H1','0O8G2WE71L35',1,'','0E8F11647HFK',0,'POST','cancelRecycleOrderDtx/admin/**/resolve','0P8HE307W6I1',1,'0R8G09BPEZGG'),	 (854877229023245,'2021-09-02 18:15:15','0U8AZTODP4H0',0,NULL,'','2021-09-02 18:15:15','0U8AZTODP4H0',NULL,'',0,'','0C8AZTODP4H1','0O8G2WE71L35',1,'','0E8F116DVU9S',0,'POST','cancelReserveOrderDtx/admin/**/resolve','0P8HE307W6I1',1,'0R8G09BPEZGG'),	 (855013877874700,'2021-09-05 18:39:12','0U8AZTODP4H0',0,NULL,'','2021-09-05 18:39:12','0U8AZTODP4H0',NULL,'',0,'','0C8AZTODP4H7','0O8G2WE71L35',1,'','0E8F2RYB2YV5',0,'DELETE','orders/admin/**','0P8HE307W6I1',1,'0R8G09BPEZGG'),	 (855088277487618,'2021-09-07 10:04:17','0U8AZTODP4H0',0,NULL,'','2021-09-07 10:04:17','0U8AZTODP4H0',NULL,'',0,'','0C8AZTODP4H6','0O8G2WE71L35',1,'','0E8F3Q4QOVLS',0,'GET','events/admin','0P8HE307W6I1',1,'0R8G09BPEZGG'),	 (855088313139202,'2021-09-07 10:05:25','0U8AZTODP4H0',0,NULL,'','2021-09-07 10:05:25','0U8AZTODP4H0',NULL,'',0,'','0C8AZTODP4H6','0O8G2WE71L35',1,'','0E8F3Q5BX0JK',0,'POST','events/admin/**/retry','0P8HE307W6I1',1,'0R8G09BPEZGG'),	 (855088528097288,'2021-09-07 10:12:16','0U8AZTODP4H0',0,NULL,'','2022-01-05 05:36:38','0U8AZTODP4H0',NULL,'',2,'','0C8AZTODP4HT','0O8G2WE71L35',1,'重试系统事件','0E8F3Q8VWB9C',0,'POST','events/admin/**/retry','0P8HE307W6IO',1,'0R8GM9U1JSHT'),	 (855088539107336,'2021-09-07 10:12:37','0U8AZTODP4H0',0,NULL,'','2022-01-05 05:37:44','0U8AZTODP4H0',NULL,'',2,'','0C8AZTODP4HT','0O8G2WE71L35',1,'读取当前系统事件','0E8F3Q92GAO0',0,'GET','events/admin','0P8HE307W6IO',1,'0R8GM9U1JSHT'),	 (855088602021890,'2021-09-07 10:14:37','0U8AZTODP4H0',0,NULL,'','2021-09-07 10:14:37','0U8AZTODP4H0',NULL,'',0,'','0C8AZTODP4H3','0O8G2WE71L35',1,'','0E8F3QA3WRUO',0,'POST','events/admin/**/retry','0P8HE307W6I1',1,'0R8G09BPEZGG');
INSERT INTO endpoint (id,created_at,created_by,deleted,deleted_at,deleted_by,modified_at,modified_by,restored_at,restored_by,version,cache_profile_id,client_id,cors_profile_id,csrf_enabled,description,domain_id,is_websocket,`method`,`path`,project_id,secured,system_role_id) VALUES	 (855088626663426,'2021-09-07 10:15:23','0U8AZTODP4H0',0,NULL,'','2021-09-07 10:15:23','0U8AZTODP4H0',NULL,'',0,'','0C8AZTODP4H3','0O8G2WE71L35',1,'','0E8F3QAIKXDS',0,'GET','events/admin','0P8HE307W6I1',1,'0R8G09BPEZGG'),	 (855088679092234,'2021-09-07 10:17:03','0U8AZTODP4H0',0,NULL,'','2021-09-07 10:17:03','0U8AZTODP4H0',NULL,'',0,'','0C8AZTODP4H7','0O8G2WE71L35',1,'','0E8F3QBDSNPC',0,'POST','events/admin/**/retry','0P8HE307W6I1',1,'0R8G09BPEZGG'),	 (855088689053748,'2021-09-07 10:17:23','0U8AZTODP4H0',0,NULL,'','2021-09-07 10:17:23','0U8AZTODP4H0',NULL,'',0,'','0C8AZTODP4H7','0O8G2WE71L35',1,'','0E8F3QBJQ622',0,'GET','events/admin','0P8HE307W6I1',1,'0R8G09BPEZGG'),	 (855462898565131,'2021-09-15 16:33:11','0U8AZTODP4H0',0,NULL,'','2021-09-15 16:33:11','0U8AZTODP4H0',NULL,'',0,'','0C8AZTODP4H1','0O8G2WE71L35',1,'','0E8F8I8A3GG1',0,'GET','cancelInvalidOrderDtx/admin/**','0P8HE307W6I1',1,'0R8G09BPEZGG'),	 (855462911148045,'2021-09-15 16:33:35','0U8AZTODP4H0',0,NULL,'','2021-09-15 16:33:35','0U8AZTODP4H0',NULL,'',0,'','0C8AZTODP4H1','0O8G2WE71L35',1,'','0E8F8I8HWE0W',0,'GET','cancelInvalidOrderDtx/admin','0P8HE307W6I1',1,'0R8G09BPEZGG'),	 (855462927925261,'2021-09-15 16:34:07','0U8AZTODP4H0',0,NULL,'','2021-09-15 16:34:07','0U8AZTODP4H0',NULL,'',0,'','0C8AZTODP4H1','0O8G2WE71L35',1,'','0E8F8I8RVZEO',0,'POST','cancelInvalidOrderDtx/admin/**/resolve','0P8HE307W6I1',1,'0R8G09BPEZGG'),	 (855462942605324,'2021-09-15 16:34:34','0U8AZTODP4H0',0,NULL,'','2021-09-15 16:34:34','0U8AZTODP4H0',NULL,'',0,'','0C8AZTODP4H1','0O8G2WE71L35',1,'','0E8F8I90MMM8',0,'POST','cancelUpdateOrderAddressDtx/admin/**/resolve','0P8HE307W6I1',1,'0R8G09BPEZGG'),	 (855462949421068,'2021-09-15 16:34:48','0U8AZTODP4H0',0,NULL,'','2021-09-15 16:34:48','0U8AZTODP4H0',NULL,'',0,'','0C8AZTODP4H1','0O8G2WE71L35',1,'','0E8F8I94OPOG',0,'GET','cancelUpdateOrderAddressDtx/admin/**','0P8HE307W6I1',1,'0R8G09BPEZGG'),	 (855462958333963,'2021-09-15 16:35:04','0U8AZTODP4H0',0,NULL,'','2021-09-15 16:35:04','0U8AZTODP4H0',NULL,'',0,'','0C8AZTODP4H1','0O8G2WE71L35',1,'','0E8F8I99OIDD',0,'GET','cancelUpdateOrderAddressDtx/admin','0P8HE307W6I1',1,'0R8G09BPEZGG'),	 (855463006568459,'2021-09-15 16:36:36','0U8AZTODP4H0',0,NULL,'','2021-09-15 16:36:36','0U8AZTODP4H0',NULL,'',0,'','0C8AZTODP4H1','0O8G2WE71L35',1,'','0E8F8IA2ECCH',0,'GET','updateOrderAddressDtx/admin','0P8HE307W6I1',1,'0R8G09BPEZGG');
INSERT INTO endpoint (id,created_at,created_by,deleted,deleted_at,deleted_by,modified_at,modified_by,restored_at,restored_by,version,cache_profile_id,client_id,cors_profile_id,csrf_enabled,description,domain_id,is_websocket,`method`,`path`,project_id,secured,system_role_id) VALUES	 (855463014432781,'2021-09-15 16:36:52','0U8AZTODP4H0',0,NULL,'','2021-09-15 16:36:52','0U8AZTODP4H0',NULL,'',0,'','0C8AZTODP4H1','0O8G2WE71L35',1,'','0E8F8IA7E51C',0,'GET','updateOrderAddressDtx/admin/**','0P8HE307W6I1',1,'0R8G09BPEZGG'),	 (855463189544973,'2021-09-15 16:42:26','0U8AZTODP4H0',0,NULL,'','2021-09-15 16:42:26','0U8AZTODP4H0',NULL,'',0,'','0C8AZTODP4H1','0O8G2WE71L35',1,'','0E8F8ID3NEGW',0,'POST','updateOrderAddressDtx/admin/**/cancel','0P8HE307W6I1',1,'0R8G09BPEZGG'),	 (855463269236748,'2021-09-15 16:44:58','0U8AZTODP4H0',0,NULL,'','2021-09-15 16:44:58','0U8AZTODP4H0',NULL,'',0,'','0C8AZTODP4H1','0O8G2WE71L35',1,'','0E8F8IEF3H1C',0,'GET','invalidOrderDtx/admin','0P8HE307W6I1',1,'0R8G09BPEZGG'),	 (855463287586828,'2021-09-15 16:45:32','0U8AZTODP4H0',0,NULL,'','2021-09-15 16:45:32','0U8AZTODP4H0',NULL,'',0,'','0C8AZTODP4H1','0O8G2WE71L35',1,'','0E8F8IEQ0S1S',0,'GET','invalidOrderDtx/admin/**','0P8HE307W6I1',1,'0R8G09BPEZGG'),	 (855463295451148,'2021-09-15 16:45:48','0U8AZTODP4H0',0,NULL,'','2021-09-15 16:45:48','0U8AZTODP4H0',NULL,'',0,'','0C8AZTODP4H1','0O8G2WE71L35',1,'','0E8F8IEUPC74',0,'POST','invalidOrderDtx/admin/**/cancel','0P8HE307W6I1',1,'0R8G09BPEZGG'),	 (857687038885896,'2021-11-03 18:56:42','0U8AZTODP4H0',0,NULL,'','2022-01-05 05:38:04','0U8AZTODP4H0',NULL,'',3,'','0C8AZTODP4HT','0O8G2WE71L35',1,'读取角色简略信息','0E8G0VZI4NWG',0,'GET','system-role','0P8HE307W6IO',1,'0R8GM9U1JSHT'),	 (857689555468297,'2021-11-03 20:16:42','0U8AZTODP4H0',0,NULL,'','2022-01-05 05:38:24','0U8AZTODP4H0',NULL,'',3,'','0C8AZTODP4HT','0O8G2WE71L35',1,'创建角色','0E8G0X54FRB4',0,'POST','system-role','0P8HE307W6IO',1,'0R8GM9U1JSHT'),	 (857689555468298,'2021-11-03 20:16:42','0U8AZTODP4H0',0,NULL,'','2022-01-05 05:38:36','0U8AZTODP4H0',NULL,'',3,'','0C8AZTODP4HT','0O8G2WE71L35',1,'删除单一角色','0E8G0X54FRB5',0,'DELETE','system-role/**','0P8HE307W6IO',1,'0R8GM9U1JSHT'),	 (857689555468299,'2021-11-03 20:16:42','0U8AZTODP4H0',0,NULL,'','2022-01-05 05:38:49','0U8AZTODP4H0',NULL,'',3,'','0C8AZTODP4HT','0O8G2WE71L35',1,'更改单一角色的部分信息','0E8G0X54FRB6',0,'PATCH','system-role/**','0P8HE307W6IO',1,'0R8GM9U1JSHT'),	 (857689555468300,'2021-11-03 20:16:42','0U8AZTODP4H0',0,NULL,'','2022-01-05 05:39:20','0U8AZTODP4H0',NULL,'',4,'','0C8AZTODP4HT','0O8G2WE71L35',1,'替换单一角色信息','0E8G0X54FRB7',0,'PUT','system-role/**','0P8HE307W6IO',1,'0R8GM9U1JSHT');
INSERT INTO endpoint (id,created_at,created_by,deleted,deleted_at,deleted_by,modified_at,modified_by,restored_at,restored_by,version,cache_profile_id,client_id,cors_profile_id,csrf_enabled,description,domain_id,is_websocket,`method`,`path`,project_id,secured,system_role_id) VALUES	 (857818816053257,'2021-11-06 16:45:47','0U8AZTODP4H0',0,NULL,'','2022-01-05 05:39:35','0U8AZTODP4H0',NULL,'',2,'','0C8AZTODP4HT','0O8G2WE71L35',1,'读取CORS配置','0E8G2KIUUOZK',0,'GET','cors','0P8HE307W6IO',1,'0R8GM9U1JSHT'),	 (857818863763465,'2021-11-06 16:47:18','0U8AZTODP4H0',0,NULL,'','2022-01-05 05:40:28','0U8AZTODP4H0',NULL,'',2,'','0C8AZTODP4HT','0O8G2WE71L35',1,'添加新的CORS配置','0E8G2KJN9AF5',0,'POST','cors','0P8HE307W6IO',1,'0R8GM9U1JSHT'),	 (857818891550729,'2021-11-06 16:48:11','0U8AZTODP4H0',0,NULL,'','2022-01-05 05:40:44','0U8AZTODP4H0',NULL,'',2,'','0C8AZTODP4HT','0O8G2WE71L35',1,'替换已有的CORS配置','0E8G2KK3SV7L',0,'PUT','cors/**','0P8HE307W6IO',1,'0R8GM9U1JSHT'),	 (857818936639497,'2021-11-06 16:49:37','0U8AZTODP4H0',0,NULL,'','2022-01-05 05:41:06','0U8AZTODP4H0',NULL,'',2,'','0C8AZTODP4HT','0O8G2WE71L35',1,'部分更改单一CORS配置','0E8G2KKUN9XD',0,'PATCH','cors/**','0P8HE307W6IO',1,'0R8GM9U1JSHT'),	 (857818980155392,'2021-11-06 16:50:59','0U8AZTODP4H0',0,NULL,'','2022-01-05 05:41:24','0U8AZTODP4H0',NULL,'',2,'','0C8AZTODP4HT','0O8G2WE71L35',1,'删除已有的CORS配置','0E8G2KLK8QGX',0,'DELETE','cors/**','0P8HE307W6IO',1,'0R8GM9U1JSHT'),	 (858028290605063,'2021-11-11 06:44:47','0U8AZTODP4H0',0,NULL,'','2022-01-05 05:41:43','0U8AZTODP4H0',NULL,'',2,'','0C8AZTODP4HT','0O8G2WE71L35',1,'读取当前缓存配置简略信息','0E8G58R6A328',0,'GET','cache-profile','0P8HE307W6IO',1,'0R8GM9U1JSHT'),	 (858028295847944,'2021-11-11 06:44:57','0U8AZTODP4H0',0,NULL,'','2022-01-05 05:41:57','0U8AZTODP4H0',NULL,'',2,'','0C8AZTODP4HT','0O8G2WE71L35',1,'添加新的缓存配置','0E8G58R9PP1C',0,'POST','cache-profile','0P8HE307W6IO',1,'0R8GM9U1JSHT'),	 (858028300566696,'2021-11-11 06:45:07','0U8AZTODP4H0',0,NULL,'','2022-01-05 05:42:13','0U8AZTODP4H0',NULL,'',2,'','0C8AZTODP4HT','0O8G2WE71L35',1,'替换已有的缓存配置','0E8G58RCITXC',0,'PUT','cache-profile/**','0P8HE307W6IO',1,'0R8GM9U1JSHT'),	 (858028305809415,'2021-11-11 06:45:16','0U8AZTODP4H0',0,NULL,'','2022-01-05 05:42:51','0U8AZTODP4H0',NULL,'',2,'','0C8AZTODP4HT','0O8G2WE71L35',1,'删除选中的缓存配置','0E8G58RFBYXT',0,'DELETE','cache-profile/**','0P8HE307W6IO',1,'0R8GM9U1JSHT'),	 (858028322586632,'2021-11-11 06:45:49','0U8AZTODP4H0',0,NULL,'','2022-01-05 05:43:10','0U8AZTODP4H0',NULL,'',2,'','0C8AZTODP4HT','0O8G2WE71L35',1,'部分更新选中的缓存配置','0E8G58RPMSQO',0,'PATCH','cache-profile/**','0P8HE307W6IO',1,'0R8GM9U1JSHT');
INSERT INTO endpoint (id,created_at,created_by,deleted,deleted_at,deleted_by,modified_at,modified_by,restored_at,restored_by,version,cache_profile_id,client_id,cors_profile_id,csrf_enabled,description,domain_id,is_websocket,`method`,`path`,project_id,secured,system_role_id) VALUES	 (858486057992192,'2021-11-21 04:16:49','0U8AZTODP4H0',0,NULL,'','2021-11-21 05:20:41','0U8AZTODP4H0',NULL,'',1,'','0C8AZYTQ5W5C','',0,'查询代理缓存MD5值','0E8GB31T5VK2',0,'GET','/info/checkSum','0P8HE307W6IO',0,''),	 (858491679408138,'2021-11-21 07:15:32','0U8AZTODP4H0',0,NULL,'','2022-01-05 05:43:27','0U8AZTODP4H0',NULL,'',2,'0X8G9HEVMSCH','0C8AZTODP4HT','0O8G2WE71L35',1,'检查代理缓存是否同步','0E8GB5MSBKE8',0,'GET','proxy/check','0P8HE307W6IO',1,'0R8GM9U1JSHT'),	 (861497201262599,'2022-01-26 10:38:29','0U8AZTODP4H0',0,NULL,'','2022-01-26 10:38:29','0U8AZTODP4H0',NULL,'',0,'','0C8AZTODP4HT','0O8G2WE71L35',1,'','0E8HDICM4CU8',0,'POST','projects','0P8HE307W6IO',1,'0R8G09CBKU0W'),	 (861497574031368,'2022-01-26 10:50:21','0U8AZTODP4H0',0,NULL,'','2022-01-26 10:50:21','0U8AZTODP4H0',NULL,'',0,'','0C8AZTODP4HT','0O8G2WE71L35',1,'','0E8HDIISDBLS',0,'GET','projects','0P8HE307W6IO',1,'0R8G09CBKU0W'),	 (861540772741129,'2022-01-27 09:43:36','0U8AZTODP4H0',0,NULL,'','2022-01-27 09:43:36','0U8AZTODP4H0',NULL,'',0,'','0C8AZTODP4HT','0O8G2WE71L35',1,'','0E8HE2D7RLDT',0,'GET','permissions','0P8HE307W6IO',1,'0R8G09CBKU0W'),	 (861541373050887,'2022-01-27 10:02:40','0U8AZTODP4H0',0,NULL,'','2022-01-27 10:04:03','0U8AZTODP4H0',NULL,'',1,'','0C8AZTODP4HT','0O8G2WE71L35',1,'','0E8HE2N4V2TD',0,'POST','permissions','0P8HE307W6IO',1,'0R8G09CBKU0W'),	 (861612640567304,'2022-01-28 23:48:12','0U8AZTODP4H0',0,NULL,'','2022-01-28 23:48:12','0U8AZTODP4H0',NULL,'',0,'','0C8AZTODP4HT','0O8G2WE71L35',1,'','0E8HEZDS0IYO',0,'GET','roles','0P8HE307W6IO',1,'0R8G09CBKU0W'),	 (861612644761608,'2022-01-28 23:48:21','0U8AZTODP4H0',0,NULL,'','2022-01-28 23:48:21','0U8AZTODP4H0',NULL,'',0,'','0C8AZTODP4HT','0O8G2WE71L35',1,'','0E8HEZDUIFB4',0,'POST','roles','0P8HE307W6IO',1,'0R8G09CBKU0W');
INSERT INTO endpoint(id, created_at, created_by, deleted, deleted_at, deleted_by, modified_at, modified_by, restored_at, restored_by, version, cache_profile_id, client_id, cors_profile_id, csrf_enabled, description, domain_id, is_websocket, `method`, `path`, project_id, secured, system_role_id)VALUES(861809903403018, '2022-02-02 03:19:01', '0U8AZTODP4H0', 0, NULL, NULL, '2022-02-02 03:19:01', '0U8AZTODP4H0', NULL, NULL, 0, NULL, '0C8AZTODP4HT', '0O8G2WE71L35', 1, NULL, '0E8HHI057P4W', 0, 'GET', 'projects/tenant', '0P8HE307W6IO', 1, '0R8G09CBKU0W');


INSERT INTO project(id, created_at, created_by, deleted, deleted_at, deleted_by, modified_at, modified_by, restored_at, restored_by, version, name, domain_id)VALUES(861542163677185, '2022-01-27 05:27:48', '0U8AZTODP4H0', 0, NULL, NULL, '2022-01-27 05:27:48', '0U8AZTODP4H0', NULL, NULL, 0, 'MT-AUTH', '0P8HE307W6IO');
INSERT INTO project(id, created_at, created_by, deleted, deleted_at, deleted_by, modified_at, modified_by, restored_at, restored_by, version, name, domain_id)VALUES(861542163677186, '2022-01-27 05:27:48', '0U8AZTODP4H0', 0, NULL, NULL, '2022-01-27 05:27:48', '0U8AZTODP4H0', NULL, NULL, 0, 'MT-MALL', '0P8HE307W6I1');
INSERT INTO project(id, created_at, created_by, deleted, deleted_at, deleted_by, modified_at, modified_by, restored_at, restored_by, version, name, domain_id)VALUES(861542163677187, '2022-01-27 05:27:48', '0U8AZTODP4H0', 0, NULL, NULL, '2022-01-27 05:27:48', '0U8AZTODP4H0', NULL, NULL, 0, 'MT-BBS', '0P8HE307W6I2');


INSERT INTO system_role (id,created_at,created_by,deleted,deleted_at,deleted_by,modified_at,modified_by,restored_at,restored_by,version,description,name,domain_id,role_type) VALUES	 (857637603770370,'2021-11-02 00:45:11','EMPTY_AUTH_HEADER',0,NULL,NULL,'2022-01-05 05:35:16','0U8AZTODP4H0',NULL,NULL,2,'系统所必须的应用','根应用','0R8G099XQKN4','CLIENT'),	 (857637620547585,'2021-11-02 00:45:43','EMPTY_AUTH_HEADER',0,NULL,NULL,'2022-01-05 05:33:18','0U8AZTODP4H0',NULL,NULL,2,'自己的应用','第一方应用','0R8G09A7Q60W','CLIENT'),	 (857637637324802,'2021-11-02 00:46:16','EMPTY_AUTH_HEADER',0,NULL,NULL,'2022-01-05 05:33:41','0U8AZTODP4H0',NULL,NULL,2,'第三方的应用','第三方应用','0R8G09AHPREP','CLIENT'),	 (857637710725121,'2021-11-02 00:48:35','EMPTY_AUTH_HEADER',0,NULL,NULL,'2022-01-05 05:32:06','0U8AZTODP4H0',NULL,NULL,2,'负责管理商城','商城管理员','0R8G09BPEZGG','USER'),	 (857637747949569,'2021-11-02 00:49:46','EMPTY_AUTH_HEADER',0,NULL,NULL,'2021-11-02 00:49:46','EMPTY_AUTH_HEADER',NULL,NULL,0,'代表一个已经注册的用户','注册用户','0R8G09CBKU0W','USER'),	 (857637747949570,'2021-11-02 00:49:46','EMPTY_AUTH_HEADER',0,NULL,NULL,'2022-01-05 05:34:13','0U8AZTODP4H0',NULL,NULL,2,'不直接与用户交互的应用','后端应用','0R8G09CBKU0X','CLIENT'),	 (857637747949571,'2021-11-02 00:49:46','EMPTY_AUTH_HEADER',0,NULL,NULL,'2022-01-05 05:34:31','0U8AZTODP4H0',NULL,NULL,2,'与用户交互的应用','前端应用','0R8G09CBKU0Y','CLIENT'),	 (859362831630336,'2021-12-10 02:48:42','0U8AZTODP4H0',0,NULL,NULL,'2022-01-05 05:35:31','0U8AZTODP4H0',NULL,NULL,6,'负责管理MT-AUTH','MT-AUTH管理员','0R8GM9U1JSHT','USER'),	 (859364287578113,'2021-12-10 03:34:59','0U8AZTODP4H0',0,NULL,NULL,'2021-12-10 03:34:59','0U8AZTODP4H0',NULL,NULL,0,'允许生成WS令牌来进行后续的WS连接','生成WS令牌','0R8GMAI4P1J4','USER');
INSERT INTO system_role (id,created_at,created_by,deleted,deleted_at,deleted_by,modified_at,modified_by,restored_at,restored_by,version,description,name,domain_id,role_type) VALUES	 (859364508827650,'2021-12-10 03:42:02','0U8AZTODP4H0',0,NULL,NULL,'2021-12-10 03:42:02','0U8AZTODP4H0',NULL,NULL,0,'允许用户通过应用重置忘记的密码','重置密码','0R8GMALSF6RK','CLIENT'),	 (859364719067137,'2021-12-10 03:48:42','0U8AZTODP4H0',0,NULL,NULL,'2021-12-10 03:48:42','0U8AZTODP4H0',NULL,NULL,0,'允许应用创建待注册用户','创建待注册用户','0R8GMAP9LCLC','CLIENT');


INSERT INTO cors_profile(id, created_at, created_by, deleted, deleted_at, deleted_by, modified_at, modified_by, restored_at, restored_by, version, allow_credentials, allow_origin, allowed_headers, domain_id, description, exposed_headers, max_age, name)VALUES(857844656111616, '2021-11-06 14:27:12', '0U8AZTODP4H0', 0, NULL, NULL, '2021-11-06 14:27:12', '0U8AZTODP4H0', NULL, NULL, 0, 1, 0x5B7B2276616C7565223A22687474703A2F2F3139322E3136382E322E3136227D2C7B2276616C7565223A22687474703A2F2F3139322E3136382E322E31363A33303030227D2C7B2276616C7565223A2268747470733A2F2F7777772E64756F7368752E6F7267227D2C7B2276616C7565223A22687474703A2F2F3139322E3136382E322E32333A33303030227D2C7B2276616C7565223A22687474703A2F2F3139322E3136382E322E32333A34323030227D2C7B2276616C7565223A22687474703A2F2F3139322E3136382E322E32333A34333030227D2C7B2276616C7565223A2268747470733A2F2F61646D696E2E64756F7368752E6F7267227D2C7B2276616C7565223A22687474703A2F2F6C6F63616C686F73743A34333030227D2C7B2276616C7565223A22687474703A2F2F6C6F63616C686F73743A34323030227D2C7B2276616C7565223A22687474703A2F2F3139322E3136382E322E31363A34323030227D5D, 'Authorization,Accept,Access-Control-Request-Method,X-XSRF-TOKEN,x-requested-with,changeId,lastupdateat,uuid,Content-Type', '0O8G2WE71L35', 'default CORS config for all api', 'location,lastupdateat,uuid', 86400, 'default');

INSERT INTO cache_profile(id, created_at, created_by, deleted, deleted_at, deleted_by, modified_at, modified_by, restored_at, restored_by, version, allow_cache, cache_control, domain_id, description, etag, expires, max_age, name, smax_age, vary, weak_validation)VALUES(858322708725762, '2021-11-17 03:44:06', '0U8AZTODP4H0', 0, NULL, NULL, '2021-11-17 23:45:55', '0U8AZTODP4H0', NULL, NULL, 4, 1, 'max_age', '0X8G900BJFGG', '缓存10秒Etag', 1, NULL, 10, '缓存1', NULL, NULL, 0);
INSERT INTO cache_profile(id, created_at, created_by, deleted, deleted_at, deleted_by, modified_at, modified_by, restored_at, restored_by, version, allow_cache, cache_control, domain_id, description, etag, expires, max_age, name, smax_age, vary, weak_validation)VALUES(858360529289217, '2021-11-17 23:46:22', '0U8AZTODP4H0', 0, NULL, NULL, '2021-11-17 23:46:22', '0U8AZTODP4H0', NULL, NULL, 0, 1, 'max_age', '0X8G9HDSXCZK', '缓存10秒无Etag', 0, NULL, 10, '缓存2', NULL, NULL, 0);
INSERT INTO cache_profile(id, created_at, created_by, deleted, deleted_at, deleted_by, modified_at, modified_by, restored_at, restored_by, version, allow_cache, cache_control, domain_id, description, etag, expires, max_age, name, smax_age, vary, weak_validation)VALUES(858360594825216, '2021-11-17 23:48:27', '0U8AZTODP4H0', 0, NULL, NULL, '2021-11-17 23:48:27', '0U8AZTODP4H0', NULL, NULL, 0, 0, NULL, '0X8G9HEVMSCH', '无缓存', 0, NULL, NULL, '缓存3', NULL, NULL, 0);

INSERT INTO permission(id, created_at, created_by, deleted, deleted_at, deleted_by, modified_at, modified_by, restored_at, restored_by, version, name, parent_id, domain_id, project_id, tenant_id)VALUES(861812326137861, '2022-02-02 04:36:02', 'NOT_HTTP', 0, NULL, NULL, '2022-02-02 04:36:02', 'NOT_HTTP', NULL, NULL, 0, '0P8HE307W6IO', NULL, '0Y8HHJ47NBB8', '0P8HE307W6IO', '0P8HE307W6IO');
INSERT INTO permission(id, created_at, created_by, deleted, deleted_at, deleted_by, modified_at, modified_by, restored_at, restored_by, version, name, parent_id, domain_id, project_id, tenant_id)VALUES(861812326137863, '2022-02-02 04:36:02', 'NOT_HTTP', 0, NULL, NULL, '2022-02-02 04:36:02', 'NOT_HTTP', NULL, NULL, 0, 'PROJECT_INFO_MANAGEMENT', '0Y8HHJ47NBB8', '0Y8HHJ47NBBA', '0P8HE307W6IO', '0P8HE307W6IO');
INSERT INTO permission(id, created_at, created_by, deleted, deleted_at, deleted_by, modified_at, modified_by, restored_at, restored_by, version, name, parent_id, domain_id, project_id, tenant_id)VALUES(861812326137865, '2022-02-02 04:36:02', 'NOT_HTTP', 0, NULL, NULL, '2022-02-02 04:36:02', 'NOT_HTTP', NULL, NULL, 0, 'VIEW_PROJECT_INFO', '0Y8HHJ47NBBA', '0Y8HHJ47NBBC', '0P8HE307W6IO','0P8HE307W6IO');
INSERT INTO permission(id, created_at, created_by, deleted, deleted_at, deleted_by, modified_at, modified_by, restored_at, restored_by, version, name, parent_id, domain_id, project_id, tenant_id)VALUES(861812326137867, '2022-02-02 04:36:02', 'NOT_HTTP', 0, NULL, NULL, '2022-02-02 04:36:02', 'NOT_HTTP', NULL, NULL, 0, 'EDIT_PROJECT_INFO', '0Y8HHJ47NBBA', '0Y8HHJ47NBBE', '0P8HE307W6IO','0P8HE307W6IO');
INSERT INTO permission(id, created_at, created_by, deleted, deleted_at, deleted_by, modified_at, modified_by, restored_at, restored_by, version, name, parent_id, domain_id, project_id, tenant_id)VALUES(861812326137869, '2022-02-02 04:36:02', 'NOT_HTTP', 0, NULL, NULL, '2022-02-02 04:36:02', 'NOT_HTTP', NULL, NULL, 0, 'CLIENT_MANAGEMENT', '0Y8HHJ47NBB8', '0Y8HHJ47NBBG', '0P8HE307W6IO','0P8HE307W6IO');
INSERT INTO permission(id, created_at, created_by, deleted, deleted_at, deleted_by, modified_at, modified_by, restored_at, restored_by, version, name, parent_id, domain_id, project_id, tenant_id)VALUES(861812326137871, '2022-02-02 04:36:02', 'NOT_HTTP', 0, NULL, NULL, '2022-02-02 04:36:02', 'NOT_HTTP', NULL, NULL, 0, 'CREATE_CLIENT', '0Y8HHJ47NBBG', '0Y8HHJ47NBBI', '0P8HE307W6IO','0P8HE307W6IO');
INSERT INTO permission(id, created_at, created_by, deleted, deleted_at, deleted_by, modified_at, modified_by, restored_at, restored_by, version, name, parent_id, domain_id, project_id, tenant_id)VALUES(861812326137873, '2022-02-02 04:36:02', 'NOT_HTTP', 0, NULL, NULL, '2022-02-02 04:36:02', 'NOT_HTTP', NULL, NULL, 0, 'VIEW_CLIENT', '0Y8HHJ47NBBG', '0Y8HHJ47NBBK', '0P8HE307W6IO','0P8HE307W6IO');
INSERT INTO permission(id, created_at, created_by, deleted, deleted_at, deleted_by, modified_at, modified_by, restored_at, restored_by, version, name, parent_id, domain_id, project_id, tenant_id)VALUES(861812326137875, '2022-02-02 04:36:02', 'NOT_HTTP', 0, NULL, NULL, '2022-02-02 04:36:02', 'NOT_HTTP', NULL, NULL, 0, 'EDIT_CLIENT', '0Y8HHJ47NBBG', '0Y8HHJ47NBBM', '0P8HE307W6IO','0P8HE307W6IO');
INSERT INTO permission(id, created_at, created_by, deleted, deleted_at, deleted_by, modified_at, modified_by, restored_at, restored_by, version, name, parent_id, domain_id, project_id, tenant_id)VALUES(861812326137877, '2022-02-02 04:36:02', 'NOT_HTTP', 0, NULL, NULL, '2022-02-02 04:36:02', 'NOT_HTTP', NULL, NULL, 0, 'DELETE_CLIENT', '0Y8HHJ47NBBG', '0Y8HHJ47NBBO', '0P8HE307W6IO','0P8HE307W6IO');
INSERT INTO permission(id, created_at, created_by, deleted, deleted_at, deleted_by, modified_at, modified_by, restored_at, restored_by, version, name, parent_id, domain_id, project_id, tenant_id)VALUES(861812326137879, '2022-02-02 04:36:02', 'NOT_HTTP', 0, NULL, NULL, '2022-02-02 04:36:02', 'NOT_HTTP', NULL, NULL, 0, 'API_MANAGEMENT', '0Y8HHJ47NBB8', '0Y8HHJ47NBBQ', '0P8HE307W6IO','0P8HE307W6IO');
INSERT INTO permission(id, created_at, created_by, deleted, deleted_at, deleted_by, modified_at, modified_by, restored_at, restored_by, version, name, parent_id, domain_id, project_id, tenant_id)VALUES(861812326137881, '2022-02-02 04:36:02', 'NOT_HTTP', 0, NULL, NULL, '2022-02-02 04:36:02', 'NOT_HTTP', NULL, NULL, 0, 'CREATE_API', '0Y8HHJ47NBBQ', '0Y8HHJ47NBBS', '0P8HE307W6IO','0P8HE307W6IO');
INSERT INTO permission(id, created_at, created_by, deleted, deleted_at, deleted_by, modified_at, modified_by, restored_at, restored_by, version, name, parent_id, domain_id, project_id, tenant_id)VALUES(861812326137883, '2022-02-02 04:36:02', 'NOT_HTTP', 0, NULL, NULL, '2022-02-02 04:36:02', 'NOT_HTTP', NULL, NULL, 0, 'VIEW_API', '0Y8HHJ47NBBQ', '0Y8HHJ47NBBU', '0P8HE307W6IO','0P8HE307W6IO');
INSERT INTO permission(id, created_at, created_by, deleted, deleted_at, deleted_by, modified_at, modified_by, restored_at, restored_by, version, name, parent_id, domain_id, project_id, tenant_id)VALUES(861812326137885, '2022-02-02 04:36:02', 'NOT_HTTP', 0, NULL, NULL, '2022-02-02 04:36:02', 'NOT_HTTP', NULL, NULL, 0, 'EDIT_API', '0Y8HHJ47NBBQ', '0Y8HHJ47NBBW', '0P8HE307W6IO','0P8HE307W6IO');
INSERT INTO permission(id, created_at, created_by, deleted, deleted_at, deleted_by, modified_at, modified_by, restored_at, restored_by, version, name, parent_id, domain_id, project_id, tenant_id)VALUES(861812326137887, '2022-02-02 04:36:02', 'NOT_HTTP', 0, NULL, NULL, '2022-02-02 04:36:02', 'NOT_HTTP', NULL, NULL, 0, 'DELETE_API', '0Y8HHJ47NBBQ', '0Y8HHJ47NBBY', '0P8HE307W6IO','0P8HE307W6IO');
INSERT INTO permission(id, created_at, created_by, deleted, deleted_at, deleted_by, modified_at, modified_by, restored_at, restored_by, version, name, parent_id, domain_id, project_id, tenant_id)VALUES(861812326137889, '2022-02-02 04:36:02', 'NOT_HTTP', 0, NULL, NULL, '2022-02-02 04:36:02', 'NOT_HTTP', NULL, NULL, 0, 'ROLE_MANAGEMENT', '0Y8HHJ47NBB8', '0Y8HHJ47NBC0', '0P8HE307W6IO','0P8HE307W6IO');
INSERT INTO permission(id, created_at, created_by, deleted, deleted_at, deleted_by, modified_at, modified_by, restored_at, restored_by, version, name, parent_id, domain_id, project_id, tenant_id)VALUES(861812326137891, '2022-02-02 04:36:02', 'NOT_HTTP', 0, NULL, NULL, '2022-02-02 04:36:02', 'NOT_HTTP', NULL, NULL, 0, 'CREATE_ROLE', '0Y8HHJ47NBC0', '0Y8HHJ47NBC2', '0P8HE307W6IO','0P8HE307W6IO');
INSERT INTO permission(id, created_at, created_by, deleted, deleted_at, deleted_by, modified_at, modified_by, restored_at, restored_by, version, name, parent_id, domain_id, project_id, tenant_id)VALUES(861812326137893, '2022-02-02 04:36:02', 'NOT_HTTP', 0, NULL, NULL, '2022-02-02 04:36:02', 'NOT_HTTP', NULL, NULL, 0, 'VIEW_ROLE', '0Y8HHJ47NBC0', '0Y8HHJ47NBC4', '0P8HE307W6IO','0P8HE307W6IO');
INSERT INTO permission(id, created_at, created_by, deleted, deleted_at, deleted_by, modified_at, modified_by, restored_at, restored_by, version, name, parent_id, domain_id, project_id, tenant_id)VALUES(861812326137895, '2022-02-02 04:36:02', 'NOT_HTTP', 0, NULL, NULL, '2022-02-02 04:36:02', 'NOT_HTTP', NULL, NULL, 0, 'EDIT_ROLE', '0Y8HHJ47NBC0', '0Y8HHJ47NBC6', '0P8HE307W6IO','0P8HE307W6IO');
INSERT INTO permission(id, created_at, created_by, deleted, deleted_at, deleted_by, modified_at, modified_by, restored_at, restored_by, version, name, parent_id, domain_id, project_id, tenant_id)VALUES(861812326137897, '2022-02-02 04:36:02', 'NOT_HTTP', 0, NULL, NULL, '2022-02-02 04:36:02', 'NOT_HTTP', NULL, NULL, 0, 'DELETE_ROLE', '0Y8HHJ47NBC0', '0Y8HHJ47NBC8', '0P8HE307W6IO','0P8HE307W6IO');
INSERT INTO permission(id, created_at, created_by, deleted, deleted_at, deleted_by, modified_at, modified_by, restored_at, restored_by, version, name, parent_id, domain_id, project_id, tenant_id)VALUES(861812326137899, '2022-02-02 04:36:02', 'NOT_HTTP', 0, NULL, NULL, '2022-02-02 04:36:02', 'NOT_HTTP', NULL, NULL, 0, 'ORG_MANAGEMENT', '0Y8HHJ47NBB8', '0Y8HHJ47NBCA', '0P8HE307W6IO','0P8HE307W6IO');
INSERT INTO permission(id, created_at, created_by, deleted, deleted_at, deleted_by, modified_at, modified_by, restored_at, restored_by, version, name, parent_id, domain_id, project_id, tenant_id)VALUES(861812326137901, '2022-02-02 04:36:02', 'NOT_HTTP', 0, NULL, NULL, '2022-02-02 04:36:02', 'NOT_HTTP', NULL, NULL, 0, 'CREATE_ORG', '0Y8HHJ47NBCA', '0Y8HHJ47NBCC', '0P8HE307W6IO','0P8HE307W6IO');
INSERT INTO permission(id, created_at, created_by, deleted, deleted_at, deleted_by, modified_at, modified_by, restored_at, restored_by, version, name, parent_id, domain_id, project_id, tenant_id)VALUES(861812326137903, '2022-02-02 04:36:02', 'NOT_HTTP', 0, NULL, NULL, '2022-02-02 04:36:02', 'NOT_HTTP', NULL, NULL, 0, 'VIEW_ORG', '0Y8HHJ47NBCA', '0Y8HHJ47NBCE', '0P8HE307W6IO','0P8HE307W6IO');
INSERT INTO permission(id, created_at, created_by, deleted, deleted_at, deleted_by, modified_at, modified_by, restored_at, restored_by, version, name, parent_id, domain_id, project_id, tenant_id)VALUES(861812326137905, '2022-02-02 04:36:02', 'NOT_HTTP', 0, NULL, NULL, '2022-02-02 04:36:02', 'NOT_HTTP', NULL, NULL, 0, 'EDIT_ORG', '0Y8HHJ47NBCA', '0Y8HHJ47NBCG', '0P8HE307W6IO','0P8HE307W6IO');
INSERT INTO permission(id, created_at, created_by, deleted, deleted_at, deleted_by, modified_at, modified_by, restored_at, restored_by, version, name, parent_id, domain_id, project_id, tenant_id)VALUES(861812326137907, '2022-02-02 04:36:02', 'NOT_HTTP', 0, NULL, NULL, '2022-02-02 04:36:02', 'NOT_HTTP', NULL, NULL, 0, 'DELETE_ORG', '0Y8HHJ47NBCA', '0Y8HHJ47NBCI', '0P8HE307W6IO','0P8HE307W6IO');
INSERT INTO permission(id, created_at, created_by, deleted, deleted_at, deleted_by, modified_at, modified_by, restored_at, restored_by, version, name, parent_id, domain_id, project_id, tenant_id)VALUES(861812326137909, '2022-02-02 04:36:02', 'NOT_HTTP', 0, NULL, NULL, '2022-02-02 04:36:02', 'NOT_HTTP', NULL, NULL, 0, 'PERMISSION_MANAGEMENT', '0Y8HHJ47NBB8', '0Y8HHJ47NBCK', '0P8HE307W6IO','0P8HE307W6IO');
INSERT INTO permission(id, created_at, created_by, deleted, deleted_at, deleted_by, modified_at, modified_by, restored_at, restored_by, version, name, parent_id, domain_id, project_id, tenant_id)VALUES(861812326137911, '2022-02-02 04:36:02', 'NOT_HTTP', 0, NULL, NULL, '2022-02-02 04:36:02', 'NOT_HTTP', NULL, NULL, 0, 'CREATE_PERMISSION', '0Y8HHJ47NBCK', '0Y8HHJ47NBCM', '0P8HE307W6IO','0P8HE307W6IO');
INSERT INTO permission(id, created_at, created_by, deleted, deleted_at, deleted_by, modified_at, modified_by, restored_at, restored_by, version, name, parent_id, domain_id, project_id, tenant_id)VALUES(861812326137913, '2022-02-02 04:36:02', 'NOT_HTTP', 0, NULL, NULL, '2022-02-02 04:36:02', 'NOT_HTTP', NULL, NULL, 0, 'VIEW_PERMISSION', '0Y8HHJ47NBCK', '0Y8HHJ47NBCO', '0P8HE307W6IO','0P8HE307W6IO');
INSERT INTO permission(id, created_at, created_by, deleted, deleted_at, deleted_by, modified_at, modified_by, restored_at, restored_by, version, name, parent_id, domain_id, project_id, tenant_id)VALUES(861812326137915, '2022-02-02 04:36:02', 'NOT_HTTP', 0, NULL, NULL, '2022-02-02 04:36:02', 'NOT_HTTP', NULL, NULL, 0, 'EDIT_PERMISSION', '0Y8HHJ47NBCK', '0Y8HHJ47NBCQ', '0P8HE307W6IO','0P8HE307W6IO');
INSERT INTO permission(id, created_at, created_by, deleted, deleted_at, deleted_by, modified_at, modified_by, restored_at, restored_by, version, name, parent_id, domain_id, project_id, tenant_id)VALUES(861812326137917, '2022-02-02 04:36:02', 'NOT_HTTP', 0, NULL, NULL, '2022-02-02 04:36:02', 'NOT_HTTP', NULL, NULL, 0, 'DELETE_PERMISSION', '0Y8HHJ47NBCK', '0Y8HHJ47NBCS', '0P8HE307W6IO','0P8HE307W6IO');
INSERT INTO permission(id, created_at, created_by, deleted, deleted_at, deleted_by, modified_at, modified_by, restored_at, restored_by, version, name, parent_id, domain_id, project_id, tenant_id)VALUES(861812326137919, '2022-02-02 04:36:02', 'NOT_HTTP', 0, NULL, NULL, '2022-02-02 04:36:02', 'NOT_HTTP', NULL, NULL, 0, 'POSITION_MANAGEMENT', '0Y8HHJ47NBB8', '0Y8HHJ47NBCU', '0P8HE307W6IO','0P8HE307W6IO');
INSERT INTO permission(id, created_at, created_by, deleted, deleted_at, deleted_by, modified_at, modified_by, restored_at, restored_by, version, name, parent_id, domain_id, project_id, tenant_id)VALUES(861812326137921, '2022-02-02 04:36:02', 'NOT_HTTP', 0, NULL, NULL, '2022-02-02 04:36:02', 'NOT_HTTP', NULL, NULL, 0, 'CREATE_POSITION', '0Y8HHJ47NBCU', '0Y8HHJ47NBCW', '0P8HE307W6IO','0P8HE307W6IO');
INSERT INTO permission(id, created_at, created_by, deleted, deleted_at, deleted_by, modified_at, modified_by, restored_at, restored_by, version, name, parent_id, domain_id, project_id, tenant_id)VALUES(861812326137923, '2022-02-02 04:36:02', 'NOT_HTTP', 0, NULL, NULL, '2022-02-02 04:36:02', 'NOT_HTTP', NULL, NULL, 0, 'VIEW_POSITION', '0Y8HHJ47NBCU', '0Y8HHJ47NBCY', '0P8HE307W6IO','0P8HE307W6IO');
INSERT INTO permission(id, created_at, created_by, deleted, deleted_at, deleted_by, modified_at, modified_by, restored_at, restored_by, version, name, parent_id, domain_id, project_id, tenant_id)VALUES(861812326137925, '2022-02-02 04:36:02', 'NOT_HTTP', 0, NULL, NULL, '2022-02-02 04:36:02', 'NOT_HTTP', NULL, NULL, 0, 'EDIT_POSITION', '0Y8HHJ47NBCU', '0Y8HHJ47NBD0', '0P8HE307W6IO','0P8HE307W6IO');
INSERT INTO permission(id, created_at, created_by, deleted, deleted_at, deleted_by, modified_at, modified_by, restored_at, restored_by, version, name, parent_id, domain_id, project_id, tenant_id)VALUES(861812326137927, '2022-02-02 04:36:02', 'NOT_HTTP', 0, NULL, NULL, '2022-02-02 04:36:02', 'NOT_HTTP', NULL, NULL, 0, 'DELETE_POSITION', '0Y8HHJ47NBCU', '0Y8HHJ47NBD2', '0P8HE307W6IO','0P8HE307W6IO');
INSERT INTO permission(id, created_at, created_by, deleted, deleted_at, deleted_by, modified_at, modified_by, restored_at, restored_by, version, name, parent_id, domain_id, project_id, tenant_id)VALUES(861812326137928, '2022-02-02 04:36:02', 'NOT_HTTP', 0, NULL, NULL, '2022-02-02 04:36:02', 'NOT_HTTP', NULL, NULL, 0, 'API_ACCESS', NULL, '0Y8HHJ47NBD3', '0P8HE307W6IO','0P8HE307W6IO');
INSERT INTO permission(id, created_at, created_by, deleted, deleted_at, deleted_by, modified_at, modified_by, restored_at, restored_by, version, name, parent_id, domain_id, project_id, tenant_id)VALUES(861812326137929, '2022-02-02 04:36:02', 'NOT_HTTP', 0, NULL, NULL, '2022-02-02 04:36:02', 'NOT_HTTP', NULL, NULL, 0, '0E8AZTODP400', '0Y8HHJ47NBD3', '0Y8HHJ47NBD4', '0P8HE307W6IO','0P8HE307W6IO');
INSERT INTO permission(id, created_at, created_by, deleted, deleted_at, deleted_by, modified_at, modified_by, restored_at, restored_by, version, name, parent_id, domain_id, project_id, tenant_id)VALUES(861812326137930, '2022-02-02 04:36:02', 'NOT_HTTP', 0, NULL, NULL, '2022-02-02 04:36:02', 'NOT_HTTP', NULL, NULL, 0, '0E8AZTODP401', '0Y8HHJ47NBD3', '0Y8HHJ47NBD5', '0P8HE307W6IO','0P8HE307W6IO');
INSERT INTO permission(id, created_at, created_by, deleted, deleted_at, deleted_by, modified_at, modified_by, restored_at, restored_by, version, name, parent_id, domain_id, project_id, tenant_id)VALUES(861812326137931, '2022-02-02 04:36:02', 'NOT_HTTP', 0, NULL, NULL, '2022-02-02 04:36:02', 'NOT_HTTP', NULL, NULL, 0, '0E8AZTODP402', '0Y8HHJ47NBD3', '0Y8HHJ47NBD6', '0P8HE307W6IO','0P8HE307W6IO');
INSERT INTO permission(id, created_at, created_by, deleted, deleted_at, deleted_by, modified_at, modified_by, restored_at, restored_by, version, name, parent_id, domain_id, project_id, tenant_id)VALUES(861812326137932, '2022-02-02 04:36:02', 'NOT_HTTP', 0, NULL, NULL, '2022-02-02 04:36:02', 'NOT_HTTP', NULL, NULL, 0, '0E8AZTODP403', '0Y8HHJ47NBD3', '0Y8HHJ47NBD7', '0P8HE307W6IO','0P8HE307W6IO');
INSERT INTO permission(id, created_at, created_by, deleted, deleted_at, deleted_by, modified_at, modified_by, restored_at, restored_by, version, name, parent_id, domain_id, project_id, tenant_id)VALUES(861812326137933, '2022-02-02 04:36:02', 'NOT_HTTP', 0, NULL, NULL, '2022-02-02 04:36:02', 'NOT_HTTP', NULL, NULL, 0, '0E8AZTODP404', '0Y8HHJ47NBD3', '0Y8HHJ47NBD8', '0P8HE307W6IO','0P8HE307W6IO');
INSERT INTO permission(id, created_at, created_by, deleted, deleted_at, deleted_by, modified_at, modified_by, restored_at, restored_by, version, name, parent_id, domain_id, project_id, tenant_id)VALUES(861812326137934, '2022-02-02 04:36:02', 'NOT_HTTP', 0, NULL, NULL, '2022-02-02 04:36:02', 'NOT_HTTP', NULL, NULL, 0, '0E8AZTODP405', '0Y8HHJ47NBD3', '0Y8HHJ47NBD9', '0P8HE307W6IO','0P8HE307W6IO');
INSERT INTO permission(id, created_at, created_by, deleted, deleted_at, deleted_by, modified_at, modified_by, restored_at, restored_by, version, name, parent_id, domain_id, project_id, tenant_id)VALUES(861812326137935, '2022-02-02 04:36:02', 'NOT_HTTP', 0, NULL, NULL, '2022-02-02 04:36:02', 'NOT_HTTP', NULL, NULL, 0, '0E8AZTODP406', '0Y8HHJ47NBD3', '0Y8HHJ47NBDA', '0P8HE307W6IO','0P8HE307W6IO');
INSERT INTO permission(id, created_at, created_by, deleted, deleted_at, deleted_by, modified_at, modified_by, restored_at, restored_by, version, name, parent_id, domain_id, project_id, tenant_id)VALUES(861812326137936, '2022-02-02 04:36:02', 'NOT_HTTP', 0, NULL, NULL, '2022-02-02 04:36:02', 'NOT_HTTP', NULL, NULL, 0, '0E8AZTODP407', '0Y8HHJ47NBD3', '0Y8HHJ47NBDB', '0P8HE307W6IO','0P8HE307W6IO');
INSERT INTO permission(id, created_at, created_by, deleted, deleted_at, deleted_by, modified_at, modified_by, restored_at, restored_by, version, name, parent_id, domain_id, project_id, tenant_id)VALUES(861812326137937, '2022-02-02 04:36:02', 'NOT_HTTP', 0, NULL, NULL, '2022-02-02 04:36:02', 'NOT_HTTP', NULL, NULL, 0, '0E8AZTODP408', '0Y8HHJ47NBD3', '0Y8HHJ47NBDC', '0P8HE307W6IO','0P8HE307W6IO');
INSERT INTO permission(id, created_at, created_by, deleted, deleted_at, deleted_by, modified_at, modified_by, restored_at, restored_by, version, name, parent_id, domain_id, project_id, tenant_id)VALUES(861812326137938, '2022-02-02 04:36:02', 'NOT_HTTP', 0, NULL, NULL, '2022-02-02 04:36:02', 'NOT_HTTP', NULL, NULL, 0, '0E8AZTODP409', '0Y8HHJ47NBD3', '0Y8HHJ47NBDD', '0P8HE307W6IO','0P8HE307W6IO');
INSERT INTO permission(id, created_at, created_by, deleted, deleted_at, deleted_by, modified_at, modified_by, restored_at, restored_by, version, name, parent_id, domain_id, project_id, tenant_id)VALUES(861812326137939, '2022-02-02 04:36:02', 'NOT_HTTP', 0, NULL, NULL, '2022-02-02 04:36:02', 'NOT_HTTP', NULL, NULL, 0, '0E8AZTODP40A', '0Y8HHJ47NBD3', '0Y8HHJ47NBDE', '0P8HE307W6IO','0P8HE307W6IO');
INSERT INTO permission(id, created_at, created_by, deleted, deleted_at, deleted_by, modified_at, modified_by, restored_at, restored_by, version, name, parent_id, domain_id, project_id, tenant_id)VALUES(861812326137940, '2022-02-02 04:36:02', 'NOT_HTTP', 0, NULL, NULL, '2022-02-02 04:36:02', 'NOT_HTTP', NULL, NULL, 0, '0E8AZTODP40B', '0Y8HHJ47NBD3', '0Y8HHJ47NBDF', '0P8HE307W6IO','0P8HE307W6IO');
INSERT INTO permission(id, created_at, created_by, deleted, deleted_at, deleted_by, modified_at, modified_by, restored_at, restored_by, version, name, parent_id, domain_id, project_id, tenant_id)VALUES(861812326137941, '2022-02-02 04:36:02', 'NOT_HTTP', 0, NULL, NULL, '2022-02-02 04:36:02', 'NOT_HTTP', NULL, NULL, 0, '0E8AZTODP40C', '0Y8HHJ47NBD3', '0Y8HHJ47NBDG', '0P8HE307W6IO','0P8HE307W6IO');
INSERT INTO permission(id, created_at, created_by, deleted, deleted_at, deleted_by, modified_at, modified_by, restored_at, restored_by, version, name, parent_id, domain_id, project_id, tenant_id)VALUES(861812326137942, '2022-02-02 04:36:02', 'NOT_HTTP', 0, NULL, NULL, '2022-02-02 04:36:02', 'NOT_HTTP', NULL, NULL, 0, '0E8AZTODP40D', '0Y8HHJ47NBD3', '0Y8HHJ47NBDH', '0P8HE307W6IO','0P8HE307W6IO');
INSERT INTO permission(id, created_at, created_by, deleted, deleted_at, deleted_by, modified_at, modified_by, restored_at, restored_by, version, name, parent_id, domain_id, project_id, tenant_id)VALUES(861812326137943, '2022-02-02 04:36:02', 'NOT_HTTP', 0, NULL, NULL, '2022-02-02 04:36:02', 'NOT_HTTP', NULL, NULL, 0, '0E8AZTODP40E', '0Y8HHJ47NBD3', '0Y8HHJ47NBDI', '0P8HE307W6IO','0P8HE307W6IO');
INSERT INTO permission(id, created_at, created_by, deleted, deleted_at, deleted_by, modified_at, modified_by, restored_at, restored_by, version, name, parent_id, domain_id, project_id, tenant_id)VALUES(861812326137944, '2022-02-02 04:36:02', 'NOT_HTTP', 0, NULL, NULL, '2022-02-02 04:36:02', 'NOT_HTTP', NULL, NULL, 0, '0E8AZTODP40F', '0Y8HHJ47NBD3', '0Y8HHJ47NBDJ', '0P8HE307W6IO','0P8HE307W6IO');
INSERT INTO permission(id, created_at, created_by, deleted, deleted_at, deleted_by, modified_at, modified_by, restored_at, restored_by, version, name, parent_id, domain_id, project_id, tenant_id)VALUES(861812326137945, '2022-02-02 04:36:02', 'NOT_HTTP', 0, NULL, NULL, '2022-02-02 04:36:02', 'NOT_HTTP', NULL, NULL, 0, '0E8AZTODP40G', '0Y8HHJ47NBD3', '0Y8HHJ47NBDK', '0P8HE307W6IO','0P8HE307W6IO');
INSERT INTO permission(id, created_at, created_by, deleted, deleted_at, deleted_by, modified_at, modified_by, restored_at, restored_by, version, name, parent_id, domain_id, project_id, tenant_id)VALUES(861812326137946, '2022-02-02 04:36:02', 'NOT_HTTP', 0, NULL, NULL, '2022-02-02 04:36:02', 'NOT_HTTP', NULL, NULL, 0, '0E8AZTODP40I', '0Y8HHJ47NBD3', '0Y8HHJ47NBDL', '0P8HE307W6IO','0P8HE307W6IO');
INSERT INTO permission(id, created_at, created_by, deleted, deleted_at, deleted_by, modified_at, modified_by, restored_at, restored_by, version, name, parent_id, domain_id, project_id, tenant_id)VALUES(861812326137947, '2022-02-02 04:36:02', 'NOT_HTTP', 0, NULL, NULL, '2022-02-02 04:36:02', 'NOT_HTTP', NULL, NULL, 0, '0E8AZTODP40J', '0Y8HHJ47NBD3', '0Y8HHJ47NBDM', '0P8HE307W6IO','0P8HE307W6IO');
INSERT INTO permission(id, created_at, created_by, deleted, deleted_at, deleted_by, modified_at, modified_by, restored_at, restored_by, version, name, parent_id, domain_id, project_id, tenant_id)VALUES(861812326137948, '2022-02-02 04:36:02', 'NOT_HTTP', 0, NULL, NULL, '2022-02-02 04:36:02', 'NOT_HTTP', NULL, NULL, 0, '0E8AZTODP40K', '0Y8HHJ47NBD3', '0Y8HHJ47NBDN', '0P8HE307W6IO','0P8HE307W6IO');
INSERT INTO permission(id, created_at, created_by, deleted, deleted_at, deleted_by, modified_at, modified_by, restored_at, restored_by, version, name, parent_id, domain_id, project_id, tenant_id)VALUES(861812326137949, '2022-02-02 04:36:02', 'NOT_HTTP', 0, NULL, NULL, '2022-02-02 04:36:02', 'NOT_HTTP', NULL, NULL, 0, '0E8AZTODP40L', '0Y8HHJ47NBD3', '0Y8HHJ47NBDO', '0P8HE307W6IO','0P8HE307W6IO');
INSERT INTO permission(id, created_at, created_by, deleted, deleted_at, deleted_by, modified_at, modified_by, restored_at, restored_by, version, name, parent_id, domain_id, project_id, tenant_id)VALUES(861812326137950, '2022-02-02 04:36:02', 'NOT_HTTP', 0, NULL, NULL, '2022-02-02 04:36:02', 'NOT_HTTP', NULL, NULL, 0, '0E8AZTODP432', '0Y8HHJ47NBD3', '0Y8HHJ47NBDP', '0P8HE307W6IO','0P8HE307W6IO');
INSERT INTO permission(id, created_at, created_by, deleted, deleted_at, deleted_by, modified_at, modified_by, restored_at, restored_by, version, name, parent_id, domain_id, project_id, tenant_id)VALUES(861812326137951, '2022-02-02 04:36:02', 'NOT_HTTP', 0, NULL, NULL, '2022-02-02 04:36:02', 'NOT_HTTP', NULL, NULL, 0, '0E8AZTODP433', '0Y8HHJ47NBD3', '0Y8HHJ47NBDQ', '0P8HE307W6IO','0P8HE307W6IO');
INSERT INTO permission(id, created_at, created_by, deleted, deleted_at, deleted_by, modified_at, modified_by, restored_at, restored_by, version, name, parent_id, domain_id, project_id, tenant_id)VALUES(861812326137952, '2022-02-02 04:36:02', 'NOT_HTTP', 0, NULL, NULL, '2022-02-02 04:36:02', 'NOT_HTTP', NULL, NULL, 0, '0E8AZTODP434', '0Y8HHJ47NBD3', '0Y8HHJ47NBDR', '0P8HE307W6IO','0P8HE307W6IO');
INSERT INTO permission(id, created_at, created_by, deleted, deleted_at, deleted_by, modified_at, modified_by, restored_at, restored_by, version, name, parent_id, domain_id, project_id, tenant_id)VALUES(861812326137953, '2022-02-02 04:36:02', 'NOT_HTTP', 0, NULL, NULL, '2022-02-02 04:36:02', 'NOT_HTTP', NULL, NULL, 0, '0E8AZTODP435', '0Y8HHJ47NBD3', '0Y8HHJ47NBDS', '0P8HE307W6IO','0P8HE307W6IO');
INSERT INTO permission(id, created_at, created_by, deleted, deleted_at, deleted_by, modified_at, modified_by, restored_at, restored_by, version, name, parent_id, domain_id, project_id, tenant_id)VALUES(861812326137954, '2022-02-02 04:36:02', 'NOT_HTTP', 0, NULL, NULL, '2022-02-02 04:36:02', 'NOT_HTTP', NULL, NULL, 0, '0E8AZTODP437', '0Y8HHJ47NBD3', '0Y8HHJ47NBDT', '0P8HE307W6IO','0P8HE307W6IO');
INSERT INTO permission(id, created_at, created_by, deleted, deleted_at, deleted_by, modified_at, modified_by, restored_at, restored_by, version, name, parent_id, domain_id, project_id, tenant_id)VALUES(861812326137955, '2022-02-02 04:36:02', 'NOT_HTTP', 0, NULL, NULL, '2022-02-02 04:36:02', 'NOT_HTTP', NULL, NULL, 0, '0E8AZTODP438', '0Y8HHJ47NBD3', '0Y8HHJ47NBDU', '0P8HE307W6IO','0P8HE307W6IO');
INSERT INTO permission(id, created_at, created_by, deleted, deleted_at, deleted_by, modified_at, modified_by, restored_at, restored_by, version, name, parent_id, domain_id, project_id, tenant_id)VALUES(861812326137956, '2022-02-02 04:36:02', 'NOT_HTTP', 0, NULL, NULL, '2022-02-02 04:36:02', 'NOT_HTTP', NULL, NULL, 0, '0E8AZTODP439', '0Y8HHJ47NBD3', '0Y8HHJ47NBDV', '0P8HE307W6IO','0P8HE307W6IO');
INSERT INTO permission(id, created_at, created_by, deleted, deleted_at, deleted_by, modified_at, modified_by, restored_at, restored_by, version, name, parent_id, domain_id, project_id, tenant_id)VALUES(861812326137957, '2022-02-02 04:36:02', 'NOT_HTTP', 0, NULL, NULL, '2022-02-02 04:36:02', 'NOT_HTTP', NULL, NULL, 0, '0E8AZTODP43E', '0Y8HHJ47NBD3', '0Y8HHJ47NBDW', '0P8HE307W6IO','0P8HE307W6IO');
INSERT INTO permission(id, created_at, created_by, deleted, deleted_at, deleted_by, modified_at, modified_by, restored_at, restored_by, version, name, parent_id, domain_id, project_id, tenant_id)VALUES(861812326137958, '2022-02-02 04:36:02', 'NOT_HTTP', 0, NULL, NULL, '2022-02-02 04:36:02', 'NOT_HTTP', NULL, NULL, 0, '0E8AZTODP43H', '0Y8HHJ47NBD3', '0Y8HHJ47NBDX', '0P8HE307W6IO','0P8HE307W6IO');
INSERT INTO permission(id, created_at, created_by, deleted, deleted_at, deleted_by, modified_at, modified_by, restored_at, restored_by, version, name, parent_id, domain_id, project_id, tenant_id)VALUES(861812326137959, '2022-02-02 04:36:02', 'NOT_HTTP', 0, NULL, NULL, '2022-02-02 04:36:02', 'NOT_HTTP', NULL, NULL, 0, '0E8AZTODP43I', '0Y8HHJ47NBD3', '0Y8HHJ47NBDY', '0P8HE307W6IO','0P8HE307W6IO');
INSERT INTO permission(id, created_at, created_by, deleted, deleted_at, deleted_by, modified_at, modified_by, restored_at, restored_by, version, name, parent_id, domain_id, project_id, tenant_id)VALUES(861812326137960, '2022-02-02 04:36:02', 'NOT_HTTP', 0, NULL, NULL, '2022-02-02 04:36:02', 'NOT_HTTP', NULL, NULL, 0, '0E8AZTODP43N', '0Y8HHJ47NBD3', '0Y8HHJ47NBDZ', '0P8HE307W6IO','0P8HE307W6IO');
INSERT INTO permission(id, created_at, created_by, deleted, deleted_at, deleted_by, modified_at, modified_by, restored_at, restored_by, version, name, parent_id, domain_id, project_id, tenant_id)VALUES(861812326137961, '2022-02-02 04:36:02', 'NOT_HTTP', 0, NULL, NULL, '2022-02-02 04:36:02', 'NOT_HTTP', NULL, NULL, 0, '0E8AZTODP44C', '0Y8HHJ47NBD3', '0Y8HHJ47NBE0', '0P8HE307W6IO','0P8HE307W6IO');
INSERT INTO permission(id, created_at, created_by, deleted, deleted_at, deleted_by, modified_at, modified_by, restored_at, restored_by, version, name, parent_id, domain_id, project_id, tenant_id)VALUES(861812326137962, '2022-02-02 04:36:02', 'NOT_HTTP', 0, NULL, NULL, '2022-02-02 04:36:02', 'NOT_HTTP', NULL, NULL, 0, '0E8AZTODP44D', '0Y8HHJ47NBD3', '0Y8HHJ47NBE1', '0P8HE307W6IO','0P8HE307W6IO');
INSERT INTO permission(id, created_at, created_by, deleted, deleted_at, deleted_by, modified_at, modified_by, restored_at, restored_by, version, name, parent_id, domain_id, project_id, tenant_id)VALUES(861812326137963, '2022-02-02 04:36:02', 'NOT_HTTP', 0, NULL, NULL, '2022-02-02 04:36:02', 'NOT_HTTP', NULL, NULL, 0, '0E8AZTODP44E', '0Y8HHJ47NBD3', '0Y8HHJ47NBE2', '0P8HE307W6IO','0P8HE307W6IO');
INSERT INTO permission(id, created_at, created_by, deleted, deleted_at, deleted_by, modified_at, modified_by, restored_at, restored_by, version, name, parent_id, domain_id, project_id, tenant_id)VALUES(861812326137964, '2022-02-02 04:36:02', 'NOT_HTTP', 0, NULL, NULL, '2022-02-02 04:36:02', 'NOT_HTTP', NULL, NULL, 0, '0E8AZTODP44F', '0Y8HHJ47NBD3', '0Y8HHJ47NBE3', '0P8HE307W6IO','0P8HE307W6IO');
INSERT INTO permission(id, created_at, created_by, deleted, deleted_at, deleted_by, modified_at, modified_by, restored_at, restored_by, version, name, parent_id, domain_id, project_id, tenant_id)VALUES(861812326137965, '2022-02-02 04:36:02', 'NOT_HTTP', 0, NULL, NULL, '2022-02-02 04:36:02', 'NOT_HTTP', NULL, NULL, 0, '0E8AZTODP450', '0Y8HHJ47NBD3', '0Y8HHJ47NB00', '0P8HE307W6IO','0P8HE307W6IO');
INSERT INTO permission(id, created_at, created_by, deleted, deleted_at, deleted_by, modified_at, modified_by, restored_at, restored_by, version, name, parent_id, domain_id, project_id, tenant_id)VALUES(861812326137966, '2022-02-02 04:36:02', 'NOT_HTTP', 0, NULL, NULL, '2022-02-02 04:36:02', 'NOT_HTTP', NULL, NULL, 0, '0E8AZTODP451', '0Y8HHJ47NBD3', '0Y8HHJ47NBE4', '0P8HE307W6IO','0P8HE307W6IO');
INSERT INTO permission(id, created_at, created_by, deleted, deleted_at, deleted_by, modified_at, modified_by, restored_at, restored_by, version, name, parent_id, domain_id, project_id, tenant_id)VALUES(861812326137967, '2022-02-02 04:36:02', 'NOT_HTTP', 0, NULL, NULL, '2022-02-02 04:36:02', 'NOT_HTTP', NULL, NULL, 0, '0E8AZTODP452', '0Y8HHJ47NBD3', '0Y8HHJ47NBE5', '0P8HE307W6IO','0P8HE307W6IO');
INSERT INTO permission(id, created_at, created_by, deleted, deleted_at, deleted_by, modified_at, modified_by, restored_at, restored_by, version, name, parent_id, domain_id, project_id, tenant_id)VALUES(861812326137968, '2022-02-02 04:36:02', 'NOT_HTTP', 0, NULL, NULL, '2022-02-02 04:36:02', 'NOT_HTTP', NULL, NULL, 0, '0E8BO3KAHURK', '0Y8HHJ47NBD3', '0Y8HHJ47NBE6', '0P8HE307W6IO','0P8HE307W6IO');
INSERT INTO permission(id, created_at, created_by, deleted, deleted_at, deleted_by, modified_at, modified_by, restored_at, restored_by, version, name, parent_id, domain_id, project_id, tenant_id)VALUES(861812326137969, '2022-02-02 04:36:02', 'NOT_HTTP', 0, NULL, NULL, '2022-02-02 04:36:02', 'NOT_HTTP', NULL, NULL, 0, '0E8BPAEMD3B5', '0Y8HHJ47NBD3', '0Y8HHJ47NBE7', '0P8HE307W6IO','0P8HE307W6IO');
INSERT INTO permission(id, created_at, created_by, deleted, deleted_at, deleted_by, modified_at, modified_by, restored_at, restored_by, version, name, parent_id, domain_id, project_id, tenant_id)VALUES(861812326137970, '2022-02-02 04:36:02', 'NOT_HTTP', 0, NULL, NULL, '2022-02-02 04:36:02', 'NOT_HTTP', NULL, NULL, 0, '0E8BPAEMD3B6', '0Y8HHJ47NBD3', '0Y8HHJ47NBE8', '0P8HE307W6IO','0P8HE307W6IO');
INSERT INTO permission(id, created_at, created_by, deleted, deleted_at, deleted_by, modified_at, modified_by, restored_at, restored_by, version, name, parent_id, domain_id, project_id, tenant_id)VALUES(861812326137971, '2022-02-02 04:36:02', 'NOT_HTTP', 0, NULL, NULL, '2022-02-02 04:36:02', 'NOT_HTTP', NULL, NULL, 0, '0E8BPAEMD3B7', '0Y8HHJ47NBD3', '0Y8HHJ47NBE9', '0P8HE307W6IO','0P8HE307W6IO');
INSERT INTO permission(id, created_at, created_by, deleted, deleted_at, deleted_by, modified_at, modified_by, restored_at, restored_by, version, name, parent_id, domain_id, project_id, tenant_id)VALUES(861812326137972, '2022-02-02 04:36:02', 'NOT_HTTP', 0, NULL, NULL, '2022-02-02 04:36:02', 'NOT_HTTP', NULL, NULL, 0, '0E8F3Q8VWB9C', '0Y8HHJ47NBD3', '0Y8HHJ47NBEA', '0P8HE307W6IO','0P8HE307W6IO');
INSERT INTO permission(id, created_at, created_by, deleted, deleted_at, deleted_by, modified_at, modified_by, restored_at, restored_by, version, name, parent_id, domain_id, project_id, tenant_id)VALUES(861812326137973, '2022-02-02 04:36:02', 'NOT_HTTP', 0, NULL, NULL, '2022-02-02 04:36:02', 'NOT_HTTP', NULL, NULL, 0, '0E8F3Q92GAO0', '0Y8HHJ47NBD3', '0Y8HHJ47NBEB', '0P8HE307W6IO','0P8HE307W6IO');
INSERT INTO permission(id, created_at, created_by, deleted, deleted_at, deleted_by, modified_at, modified_by, restored_at, restored_by, version, name, parent_id, domain_id, project_id, tenant_id)VALUES(861812326137974, '2022-02-02 04:36:02', 'NOT_HTTP', 0, NULL, NULL, '2022-02-02 04:36:02', 'NOT_HTTP', NULL, NULL, 0, '0E8G0VZI4NWG', '0Y8HHJ47NBD3', '0Y8HHJ47NBEC', '0P8HE307W6IO','0P8HE307W6IO');
INSERT INTO permission(id, created_at, created_by, deleted, deleted_at, deleted_by, modified_at, modified_by, restored_at, restored_by, version, name, parent_id, domain_id, project_id, tenant_id)VALUES(861812326137975, '2022-02-02 04:36:02', 'NOT_HTTP', 0, NULL, NULL, '2022-02-02 04:36:02', 'NOT_HTTP', NULL, NULL, 0, '0E8G0X54FRB4', '0Y8HHJ47NBD3', '0Y8HHJ47NBED', '0P8HE307W6IO','0P8HE307W6IO');
INSERT INTO permission(id, created_at, created_by, deleted, deleted_at, deleted_by, modified_at, modified_by, restored_at, restored_by, version, name, parent_id, domain_id, project_id, tenant_id)VALUES(861812326137976, '2022-02-02 04:36:02', 'NOT_HTTP', 0, NULL, NULL, '2022-02-02 04:36:02', 'NOT_HTTP', NULL, NULL, 0, '0E8G0X54FRB5', '0Y8HHJ47NBD3', '0Y8HHJ47NBEE', '0P8HE307W6IO','0P8HE307W6IO');
INSERT INTO permission(id, created_at, created_by, deleted, deleted_at, deleted_by, modified_at, modified_by, restored_at, restored_by, version, name, parent_id, domain_id, project_id, tenant_id)VALUES(861812326137977, '2022-02-02 04:36:02', 'NOT_HTTP', 0, NULL, NULL, '2022-02-02 04:36:02', 'NOT_HTTP', NULL, NULL, 0, '0E8G0X54FRB6', '0Y8HHJ47NBD3', '0Y8HHJ47NBEF', '0P8HE307W6IO','0P8HE307W6IO');
INSERT INTO permission(id, created_at, created_by, deleted, deleted_at, deleted_by, modified_at, modified_by, restored_at, restored_by, version, name, parent_id, domain_id, project_id, tenant_id)VALUES(861812326137978, '2022-02-02 04:36:02', 'NOT_HTTP', 0, NULL, NULL, '2022-02-02 04:36:02', 'NOT_HTTP', NULL, NULL, 0, '0E8G0X54FRB7', '0Y8HHJ47NBD3', '0Y8HHJ47NBEG', '0P8HE307W6IO','0P8HE307W6IO');
INSERT INTO permission(id, created_at, created_by, deleted, deleted_at, deleted_by, modified_at, modified_by, restored_at, restored_by, version, name, parent_id, domain_id, project_id, tenant_id)VALUES(861812326137979, '2022-02-02 04:36:02', 'NOT_HTTP', 0, NULL, NULL, '2022-02-02 04:36:02', 'NOT_HTTP', NULL, NULL, 0, '0E8G2KIUUOZK', '0Y8HHJ47NBD3', '0Y8HHJ47NBEH', '0P8HE307W6IO','0P8HE307W6IO');
INSERT INTO permission(id, created_at, created_by, deleted, deleted_at, deleted_by, modified_at, modified_by, restored_at, restored_by, version, name, parent_id, domain_id, project_id, tenant_id)VALUES(861812326137980, '2022-02-02 04:36:02', 'NOT_HTTP', 0, NULL, NULL, '2022-02-02 04:36:02', 'NOT_HTTP', NULL, NULL, 0, '0E8G2KJN9AF5', '0Y8HHJ47NBD3', '0Y8HHJ47NBEI', '0P8HE307W6IO','0P8HE307W6IO');
INSERT INTO permission(id, created_at, created_by, deleted, deleted_at, deleted_by, modified_at, modified_by, restored_at, restored_by, version, name, parent_id, domain_id, project_id, tenant_id)VALUES(861812326137981, '2022-02-02 04:36:02', 'NOT_HTTP', 0, NULL, NULL, '2022-02-02 04:36:02', 'NOT_HTTP', NULL, NULL, 0, '0E8G2KK3SV7L', '0Y8HHJ47NBD3', '0Y8HHJ47NBEJ', '0P8HE307W6IO','0P8HE307W6IO');
INSERT INTO permission(id, created_at, created_by, deleted, deleted_at, deleted_by, modified_at, modified_by, restored_at, restored_by, version, name, parent_id, domain_id, project_id, tenant_id)VALUES(861812326137982, '2022-02-02 04:36:02', 'NOT_HTTP', 0, NULL, NULL, '2022-02-02 04:36:02', 'NOT_HTTP', NULL, NULL, 0, '0E8G2KKUN9XD', '0Y8HHJ47NBD3', '0Y8HHJ47NBEK', '0P8HE307W6IO','0P8HE307W6IO');
INSERT INTO permission(id, created_at, created_by, deleted, deleted_at, deleted_by, modified_at, modified_by, restored_at, restored_by, version, name, parent_id, domain_id, project_id, tenant_id)VALUES(861812326137983, '2022-02-02 04:36:02', 'NOT_HTTP', 0, NULL, NULL, '2022-02-02 04:36:02', 'NOT_HTTP', NULL, NULL, 0, '0E8G2KLK8QGX', '0Y8HHJ47NBD3', '0Y8HHJ47NBEL', '0P8HE307W6IO','0P8HE307W6IO');
INSERT INTO permission(id, created_at, created_by, deleted, deleted_at, deleted_by, modified_at, modified_by, restored_at, restored_by, version, name, parent_id, domain_id, project_id, tenant_id)VALUES(861812326137984, '2022-02-02 04:36:02', 'NOT_HTTP', 0, NULL, NULL, '2022-02-02 04:36:02', 'NOT_HTTP', NULL, NULL, 0, '0E8G58R6A328', '0Y8HHJ47NBD3', '0Y8HHJ47NBEM', '0P8HE307W6IO','0P8HE307W6IO');
INSERT INTO permission(id, created_at, created_by, deleted, deleted_at, deleted_by, modified_at, modified_by, restored_at, restored_by, version, name, parent_id, domain_id, project_id, tenant_id)VALUES(861812326137985, '2022-02-02 04:36:02', 'NOT_HTTP', 0, NULL, NULL, '2022-02-02 04:36:02', 'NOT_HTTP', NULL, NULL, 0, '0E8G58R9PP1C', '0Y8HHJ47NBD3', '0Y8HHJ47NBEN', '0P8HE307W6IO','0P8HE307W6IO');
INSERT INTO permission(id, created_at, created_by, deleted, deleted_at, deleted_by, modified_at, modified_by, restored_at, restored_by, version, name, parent_id, domain_id, project_id, tenant_id)VALUES(861812326137986, '2022-02-02 04:36:02', 'NOT_HTTP', 0, NULL, NULL, '2022-02-02 04:36:02', 'NOT_HTTP', NULL, NULL, 0, '0E8G58RCITXC', '0Y8HHJ47NBD3', '0Y8HHJ47NBEO', '0P8HE307W6IO','0P8HE307W6IO');
INSERT INTO permission(id, created_at, created_by, deleted, deleted_at, deleted_by, modified_at, modified_by, restored_at, restored_by, version, name, parent_id, domain_id, project_id, tenant_id)VALUES(861812326137987, '2022-02-02 04:36:02', 'NOT_HTTP', 0, NULL, NULL, '2022-02-02 04:36:02', 'NOT_HTTP', NULL, NULL, 0, '0E8G58RFBYXT', '0Y8HHJ47NBD3', '0Y8HHJ47NBEP', '0P8HE307W6IO','0P8HE307W6IO');
INSERT INTO permission(id, created_at, created_by, deleted, deleted_at, deleted_by, modified_at, modified_by, restored_at, restored_by, version, name, parent_id, domain_id, project_id, tenant_id)VALUES(861812326137988, '2022-02-02 04:36:02', 'NOT_HTTP', 0, NULL, NULL, '2022-02-02 04:36:02', 'NOT_HTTP', NULL, NULL, 0, '0E8G58RPMSQO', '0Y8HHJ47NBD3', '0Y8HHJ47NBEQ', '0P8HE307W6IO','0P8HE307W6IO');
INSERT INTO permission(id, created_at, created_by, deleted, deleted_at, deleted_by, modified_at, modified_by, restored_at, restored_by, version, name, parent_id, domain_id, project_id, tenant_id)VALUES(861812326137989, '2022-02-02 04:36:02', 'NOT_HTTP', 0, NULL, NULL, '2022-02-02 04:36:02', 'NOT_HTTP', NULL, NULL, 0, '0E8GB31T5VK2', '0Y8HHJ47NBD3', '0Y8HHJ47NBER', '0P8HE307W6IO','0P8HE307W6IO');
INSERT INTO permission(id, created_at, created_by, deleted, deleted_at, deleted_by, modified_at, modified_by, restored_at, restored_by, version, name, parent_id, domain_id, project_id, tenant_id)VALUES(861812326137990, '2022-02-02 04:36:02', 'NOT_HTTP', 0, NULL, NULL, '2022-02-02 04:36:02', 'NOT_HTTP', NULL, NULL, 0, '0E8GB5MSBKE8', '0Y8HHJ47NBD3', '0Y8HHJ47NBES', '0P8HE307W6IO','0P8HE307W6IO');
INSERT INTO permission(id, created_at, created_by, deleted, deleted_at, deleted_by, modified_at, modified_by, restored_at, restored_by, version, name, parent_id, domain_id, project_id, tenant_id)VALUES(861812326137991, '2022-02-02 04:36:02', 'NOT_HTTP', 0, NULL, NULL, '2022-02-02 04:36:02', 'NOT_HTTP', NULL, NULL, 0, '0E8HDICM4CU8', '0Y8HHJ47NBD3', '0Y8HHJ47NBET', '0P8HE307W6IO','0P8HE307W6IO');
INSERT INTO permission(id, created_at, created_by, deleted, deleted_at, deleted_by, modified_at, modified_by, restored_at, restored_by, version, name, parent_id, domain_id, project_id, tenant_id)VALUES(861812326137992, '2022-02-02 04:36:02', 'NOT_HTTP', 0, NULL, NULL, '2022-02-02 04:36:02', 'NOT_HTTP', NULL, NULL, 0, '0E8HDIISDBLS', '0Y8HHJ47NBD3', '0Y8HHJ47NBEU', '0P8HE307W6IO','0P8HE307W6IO');
INSERT INTO permission(id, created_at, created_by, deleted, deleted_at, deleted_by, modified_at, modified_by, restored_at, restored_by, version, name, parent_id, domain_id, project_id, tenant_id)VALUES(861812326137993, '2022-02-02 04:36:02', 'NOT_HTTP', 0, NULL, NULL, '2022-02-02 04:36:02', 'NOT_HTTP', NULL, NULL, 0, '0E8HE2D7RLDT', '0Y8HHJ47NBD3', '0Y8HHJ47NBEV', '0P8HE307W6IO','0P8HE307W6IO');
INSERT INTO permission(id, created_at, created_by, deleted, deleted_at, deleted_by, modified_at, modified_by, restored_at, restored_by, version, name, parent_id, domain_id, project_id, tenant_id)VALUES(861812326137994, '2022-02-02 04:36:02', 'NOT_HTTP', 0, NULL, NULL, '2022-02-02 04:36:02', 'NOT_HTTP', NULL, NULL, 0, '0E8HE2N4V2TD', '0Y8HHJ47NBD3', '0Y8HHJ47NBEW', '0P8HE307W6IO','0P8HE307W6IO');
INSERT INTO permission(id, created_at, created_by, deleted, deleted_at, deleted_by, modified_at, modified_by, restored_at, restored_by, version, name, parent_id, domain_id, project_id, tenant_id)VALUES(861812326137995, '2022-02-02 04:36:02', 'NOT_HTTP', 0, NULL, NULL, '2022-02-02 04:36:02', 'NOT_HTTP', NULL, NULL, 0, '0E8HEZDS0IYO', '0Y8HHJ47NBD3', '0Y8HHJ47NBEX', '0P8HE307W6IO','0P8HE307W6IO');
INSERT INTO permission(id, created_at, created_by, deleted, deleted_at, deleted_by, modified_at, modified_by, restored_at, restored_by, version, name, parent_id, domain_id, project_id, tenant_id)VALUES(861812326137996, '2022-02-02 04:36:02', 'NOT_HTTP', 0, NULL, NULL, '2022-02-02 04:36:02', 'NOT_HTTP', NULL, NULL, 0, '0E8HEZDUIFB4', '0Y8HHJ47NBD3', '0Y8HHJ47NBEY', '0P8HE307W6IO','0P8HE307W6IO');
INSERT INTO permission(id, created_at, created_by, deleted, deleted_at, deleted_by, modified_at, modified_by, restored_at, restored_by, version, name, parent_id, domain_id, project_id, tenant_id)VALUES(861812326137997, '2022-02-02 04:36:02', 'NOT_HTTP', 0, NULL, NULL, '2022-02-02 04:36:02', 'NOT_HTTP', NULL, NULL, 0, '0E8HHI057P4W', '0Y8HHJ47NBD3', '0Y8HHJ47NBEZ', '0P8HE307W6IO','0P8HE307W6IO');

INSERT INTO role(id, created_at, created_by, deleted, deleted_at, deleted_by, modified_at, modified_by, restored_at, restored_by, version, description, name, parent_id, permission_ids, project_id, domain_id, tenant_id)VALUES(861812327186437, '2022-02-02 04:36:04', 'NOT_HTTP', 0, NULL, NULL, '2022-02-02 04:36:04', 'NOT_HTTP', NULL, NULL, 0, '', 'PROJECT_ADMIN', NULL, '0Y8HHJ47NBB8,0Y8HHJ47NBCY,0Y8HHJ47NBCS,0Y8HHJ47NBCQ,0Y8HHJ47NBD2,0Y8HHJ47NBCW,0Y8HHJ47NBCU,0Y8HHJ47NBBK,0Y8HHJ47NBBI,0Y8HHJ47NBBO,0Y8HHJ47NBC0,0Y8HHJ47NBBM,0Y8HHJ47NBBC,0Y8HHJ47NBBA,0Y8HHJ47NBBG,0Y8HHJ47NBBE,0Y8HHJ47NBBY,0Y8HHJ47NBBS,0Y8HHJ47NBC4,0Y8HHJ47NBC2,0Y8HHJ47NBBQ,0Y8HHJ47NBBW,0Y8HHJ47NBC8,0Y8HHJ47NBBU,0Y8HHJ47NBC6,0Y8HHJ47NBCK,0Y8HHJ47NBCI,0Y8HHJ47NBCO,0Y8HHJ47NBD0,0Y8HHJ47NBCM,0Y8HHJ47NBCC,0Y8HHJ47NBCA,0Y8HHJ47NBCG,0Y8HHJ47NBCE', '0P8HE307W6IO', '0Z8HHJ489SEC', '0P8HE307W6IO');
INSERT INTO role(id, created_at, created_by, deleted, deleted_at, deleted_by, modified_at, modified_by, restored_at, restored_by, version, description, name, parent_id, permission_ids, project_id, domain_id, tenant_id)VALUES(861812327186439, '2022-02-02 04:36:04', 'NOT_HTTP', 0, NULL, NULL, '2022-02-02 04:36:05', 'NOT_HTTP', NULL, NULL, 1, '', 'PROJECT_USER', NULL, '', '0P8HE307W6IO', '0Z8HHJ489SEE', NULL);

INSERT INTO user_relation(id, created_at, created_by, deleted, deleted_at, deleted_by, modified_at, modified_by, restored_at, restored_by, version, organization_id, permission_snapshot, position_id, project_id, standalone_roles, tenant_ids, user_id)VALUES(861812327710759, '2022-02-02 04:36:05', 'NOT_HTTP', 0, NULL, NULL, '2022-02-02 04:36:05', 'NOT_HTTP', NULL, NULL, 0, NULL, '0Y8HHJ47NBB8,0Y8HHJ47NBCY,0Y8HHJ47NBCS,0Y8HHJ47NBCQ,0Y8HHJ47NBD2,0Y8HHJ47NBCW,0Y8HHJ47NBCU,0Y8HHJ47NBBK,0Y8HHJ47NBBI,0Y8HHJ47NBBO,0Y8HHJ47NBC0,0Y8HHJ47NBBM,0Y8HHJ47NBBC,0Y8HHJ47NBBA,0Y8HHJ47NBBG,0Y8HHJ47NBBE,0Y8HHJ47NBBY,0Y8HHJ47NBBS,0Y8HHJ47NBC4,0Y8HHJ47NBC2,0Y8HHJ47NBBQ,0Y8HHJ47NBBW,0Y8HHJ47NBC8,0Y8HHJ47NBBU,0Y8HHJ47NBC6,0Y8HHJ47NBCK,0Y8HHJ47NBCI,0Y8HHJ47NBCO,0Y8HHJ47NBD0,0Y8HHJ47NBCM,0Y8HHJ47NBCC,0Y8HHJ47NBCA,0Y8HHJ47NBCG,0Y8HHJ47NBCE', NULL, '0P8HE307W6IO', '0Z8HHJ489SEC', '0P8HE307W6IO', '0U8AZTODP4H0');
