INSERT INTO user_ (id,created_at,created_by,deleted,deleted_at,deleted_by,modified_at,modified_by,restored_at,restored_by,version,email,locked,password,value,roles,subscription,domain_id) VALUES	 (838330249904129,'2021-12-10 02:10:06','script',0,NULL,NULL,'2021-12-10 03:35:56','0U8AZTODP4H0',NULL,NULL,2,'superadmin@duoshu.org',0,'$2a$10$AWv./gLENRDp7ghJbawG1uSYa0Qlf4xwaaMW8LHwcEOBdVOB6UPZW',NULL,'0R8G09B8K64H,0R8G09BPEZGG,0R8GMAI4P1J4,0R8GMACGJU9S,0R8GM9U1JSHT,0R8GM9WRVJLS,0R8G09CBKU0W',1,'0U8AZTODP4H0'),	 (838330249904130,'2021-12-10 02:10:06','script',0,NULL,NULL,'2021-12-10 02:10:06',NULL,NULL,NULL,0,'admin@duoshu.org',0,'$2a$10$AWv./gLENRDp7ghJbawG1uSYa0Qlf4xwaaMW8LHwcEOBdVOB6UPZW',NULL,'0R8G09BPEZGG,0R8G09CBKU0W',0,'0U8AZTODP4H1'),	 (838330249904131,'2021-12-10 02:10:06','script',0,NULL,NULL,'2021-12-10 02:10:06',NULL,NULL,NULL,0,'user@duoshu.org',0,'$2a$10$AWv./gLENRDp7ghJbawG1uSYa0Qlf4xwaaMW8LHwcEOBdVOB6UPZW',NULL,'0R8G09CBKU0W',0,'0U8AZTODP4H2');

INSERT INTO client (id,created_at,created_by,deleted,deleted_at,deleted_by,modified_at,modified_by,restored_at,restored_by,version,accessible_,auto_approve,redirect_urls,domain_id,description,grant_types,name,roles,scopes,secret,access_token_validity_seconds,refresh_token_validity_seconds) VALUES	 (843498099048450,'2020-12-25 02:22:27','0',0,NULL,'','2021-03-23 20:48:07','0U8AZTODP4H0',NULL,'',1,1,0,NULL,'0C8AZTODP4HT','','CLIENT_CREDENTIALS','access','0R8G09A7Q60W,0R8G09CBKU0X,0R8G099XQKN4','','$2a$12$3ke5rpx81DFfYlLXpQW6TOvTw2W8OkG.p5oFOmFsnmh7LVp11khna',120,0),	 (843498099048451,'2020-12-25 02:22:27','0',0,NULL,'','2020-12-25 02:22:27','0',NULL,'',0,1,0,NULL,'0C8AZTODP4H0','','CLIENT_CREDENTIALS','eventStore','0R8G09A7Q60W,0R8G09CBKU0X,0R8G099XQKN4','','$2a$12$3ke5rpx81DFfYlLXpQW6TOvTw2W8OkG.p5oFOmFsnmh7LVp11khna',122,0),	 (843498099048452,'2020-12-25 02:22:27','0',0,NULL,'','2020-12-25 02:22:27','0',NULL,'',0,1,0,NULL,'0C8AZTODP4H1','','CLIENT_CREDENTIALS','sagaOrchestrator','0R8G09A7Q60W,0R8G09CBKU0X','','$2a$12$3ke5rpx81DFfYlLXpQW6TOvTw2W8OkG.p5oFOmFsnmh7LVp11khna',121,0),	 (843498099048453,'2020-12-25 02:22:27','0',0,NULL,'','2020-12-25 02:22:27','0',NULL,'',0,1,0,NULL,'0C8AZTODP4H2','','CLIENT_CREDENTIALS','bbsBackend','0R8G09A7Q60W,0R8G09CBKU0X','','$2a$12$3ke5rpx81DFfYlLXpQW6TOvTw2W8OkG.p5oFOmFsnmh7LVp11khna',120,0),	 (843498099048454,'2020-12-25 02:22:27','0',0,NULL,'','2020-12-25 02:22:27','0',NULL,'',0,1,0,NULL,'0C8AZTODP4H3','','CLIENT_CREDENTIALS','payment','0R8G09A7Q60W,0R8G09CBKU0X','','$2a$12$3ke5rpx81DFfYlLXpQW6TOvTw2W8OkG.p5oFOmFsnmh7LVp11khna',120,0),	 (843498099048455,'2020-12-25 02:22:27','0',0,NULL,'','2021-03-23 20:48:24','0U8AZTODP4H0',NULL,'',1,1,0,NULL,'0C8AZTODP4H4','provide oauth2 A&A','CLIENT_CREDENTIALS','fileUpload','0R8G09A7Q60W,0R8G09CBKU0X','','$2a$12$3ke5rpx81DFfYlLXpQW6TOvTw2W8OkG.p5oFOmFsnmh7LVp11khna',120,0),	 (843498099048456,'2020-12-25 02:22:27','0',0,NULL,'','2020-12-25 02:22:27','0',NULL,'',0,1,0,NULL,'0C8AZTODP4H5','','CLIENT_CREDENTIALS','messenger','0R8G09A7Q60W,0R8G09CBKU0X','','$2a$12$3ke5rpx81DFfYlLXpQW6TOvTw2W8OkG.p5oFOmFsnmh7LVp11khna',120,0),	 (843498099048457,'2020-12-25 02:22:27','0',0,NULL,'','2020-12-25 02:22:27','0',NULL,'',0,1,0,NULL,'0C8AZTODP4H6','','CLIENT_CREDENTIALS','product','0R8G09A7Q60W,0R8G09CBKU0X','','$2a$12$3ke5rpx81DFfYlLXpQW6TOvTw2W8OkG.p5oFOmFsnmh7LVp11khna',120,0),	 (843498099048458,'2020-12-25 02:22:27','0',0,NULL,'','2020-12-25 02:22:27','0',NULL,'',0,1,0,NULL,'0C8AZTODP4H7','','CLIENT_CREDENTIALS','userProfile','0R8G09A7Q60W,0R8G09CBKU0X','','$2a$12$3ke5rpx81DFfYlLXpQW6TOvTw2W8OkG.p5oFOmFsnmh7LVp11khna',120,0),	 (843498099048459,'2020-12-25 02:22:27','0',0,NULL,'','2020-12-25 02:22:27','0',NULL,'',0,0,0,NULL,'0C8AZTODP4H8','<script>test</script>','CLIENT_CREDENTIALS','rightRoleNotSufficientResourceId','0R8G09CBKU0Y','','$2a$12$5PlVPPijEbr69oYIdC9e2uvDzW7NPqxnoxU9aKFiemB2vG7UmaC1S',120,0);
INSERT INTO client (id,created_at,created_by,deleted,deleted_at,deleted_by,modified_at,modified_by,restored_at,restored_by,version,accessible_,auto_approve,redirect_urls,domain_id,description,grant_types,name,roles,scopes,secret,access_token_validity_seconds,refresh_token_validity_seconds) VALUES	 (843509306228737,'2020-12-25 08:18:43','0',0,NULL,'','2020-12-25 08:18:43','0',NULL,'',0,1,0,NULL,'0C8AZYTQ5W5C','','CLIENT_CREDENTIALS','edgeProxy','0R8G09A7Q60W,0R8G09CBKU0X,0R8G099XQKN4','','$2a$12$.HPmCVWM86g.OmWmWgsttuXB95onmQXhsNqwA.ugS9qdn/rxnLk/6',120,0),	 (843509757116417,'2020-12-25 08:33:03','0',0,NULL,'','2021-12-10 03:42:26','0U8AZTODP4H0',NULL,'',1,0,0,NULL,'0C8AZZ16LZB4','','PASSWORD,REFRESH_TOKEN','adminUILogin','0R8G099XQKN4,0R8GMALSF6RK,0R8G09CBKU0Y','','$2a$12$lBpm19kTPZserQCa72/67OAPAjPZWc0yJ9Kh6xPYPYOSVuFWS94IC',120,1200),	 (843511877861378,'2020-12-25 09:40:28','0',0,NULL,'','2021-12-11 03:50:25','0U8AZTODP4H0',NULL,'',2,0,0,NULL,'0C8B00098WLD','','CLIENT_CREDENTIALS','adminUIRegister','0R8G099XQKN4,0R8G09A7Q60W,0R8GMALSF6RK,0R8G09CBKU0Y,0R8GMAP9LCLC','','$2a$12$lBpm19kTPZserQCa72/67OAPAjPZWc0yJ9Kh6xPYPYOSVuFWS94IC',120,0),	 (843512635457539,'2020-12-25 10:04:33','0',0,NULL,'','2020-12-25 10:04:33','0',NULL,'',0,0,0,NULL,'0C8B00CSATJ6','','PASSWORD','testPasswordOnly','0R8G09CBKU0Y,0R8G099XQKN4','','$2a$12$k73Ru5FaxyoX5NxQ775SxefRDY04HVvUNekQ.X/tBZJcsUuBUqiMS',120,0),	 (843512635457561,'2020-12-25 10:04:33','0',0,NULL,'','2020-12-25 10:04:33','0',NULL,'',0,1,0,NULL,'0C8AZTODP4I0','','PASSWORD','resourceId','0R8G09A7Q60W,0R8G09CBKU0X','','$2a$12$k73Ru5FaxyoX5NxQ775SxefRDY04HVvUNekQ.X/tBZJcsUuBUqiMS',120,0),	 (843594578001923,'2020-12-27 05:29:26','0',0,NULL,'','2021-11-03 20:53:16','0U8AZTODP4H0',NULL,'',7,0,1,0x5B7B2276616C7565223A22687474703A2F2F6C6F63616C686F73743A343230302F6163636F756E74227D2C7B2276616C7565223A22687474703A2F2F3139322E3136382E322E32333A343230302F6163636F756E74227D2C7B2276616C7565223A2268747470733A2F2F7777772E64756F7368752E6F72672F6D616C6C2F6163636F756E74227D2C7B2276616C7565223A22687474703A2F2F3139322E3136382E322E31363A343230302F6163636F756E74227D5D,'0C8B11ZYRXFM','','AUTHORIZATION_CODE','objectMarket','0R8G09A7Q60W,0R8G09CBKU0Y','0R8G09CBKU0W','$2a$12$5PlVPPijEbr69oYIdC9e2uvDzW7NPqxnoxU9aKFiemB2vG7UmaC1S',1200,0),	 (843594578001960,'2020-12-27 05:29:26','0',0,NULL,'','2021-03-23 20:47:50','0U8AZTODP4H0',NULL,'',4,0,1,0x5B7B2276616C7565223A22687474703A2F2F6C6F63616C686F73743A33303030227D5D,'0C8AZTODP4H9','bbs ui client','AUTHORIZATION_CODE','bbs','0R8G09A7Q60W,0R8G09CBKU0Y','','$2a$12$5PlVPPijEbr69oYIdC9e2uvDzW7NPqxnoxU9aKFiemB2vG7UmaC1S',120,0);
INSERT INTO resources_map(id, domain_id)VALUES(843509757116417, '0C8AZTODP4H0');
INSERT INTO resources_map(id, domain_id)VALUES(843498099048452, '0C8AZTODP4H1');
INSERT INTO resources_map(id, domain_id)VALUES(843498099048458, '0C8AZTODP4H1');
INSERT INTO resources_map(id, domain_id)VALUES(843509757116417, '0C8AZTODP4H1');
INSERT INTO resources_map(id, domain_id)VALUES(843509757116417, '0C8AZTODP4H2');
INSERT INTO resources_map(id, domain_id)VALUES(843594578001960, '0C8AZTODP4H2');
INSERT INTO resources_map(id, domain_id)VALUES(843498099048452, '0C8AZTODP4H3');
INSERT INTO resources_map(id, domain_id)VALUES(843498099048458, '0C8AZTODP4H3');
INSERT INTO resources_map(id, domain_id)VALUES(843509757116417, '0C8AZTODP4H4');
INSERT INTO resources_map(id, domain_id)VALUES(843512635457539, '0C8AZTODP4H4');
INSERT INTO resources_map(id, domain_id)VALUES(843594578001960, '0C8AZTODP4H4');
INSERT INTO resources_map(id, domain_id)VALUES(843498099048450, '0C8AZTODP4H5');
INSERT INTO resources_map(id, domain_id)VALUES(843498099048452, '0C8AZTODP4H5');
INSERT INTO resources_map(id, domain_id)VALUES(843498099048458, '0C8AZTODP4H5');
INSERT INTO resources_map(id, domain_id)VALUES(843509757116417, '0C8AZTODP4H5');
INSERT INTO resources_map(id, domain_id)VALUES(843498099048452, '0C8AZTODP4H6');
INSERT INTO resources_map(id, domain_id)VALUES(843498099048458, '0C8AZTODP4H6');
INSERT INTO resources_map(id, domain_id)VALUES(843509757116417, '0C8AZTODP4H6');
INSERT INTO resources_map(id, domain_id)VALUES(843512635457539, '0C8AZTODP4H6');
INSERT INTO resources_map(id, domain_id)VALUES(843594578001923, '0C8AZTODP4H6');
INSERT INTO resources_map(id, domain_id)VALUES(843498099048452, '0C8AZTODP4H7');
INSERT INTO resources_map(id, domain_id)VALUES(843509757116417, '0C8AZTODP4H7');
INSERT INTO resources_map(id, domain_id)VALUES(843512635457539, '0C8AZTODP4H7');
INSERT INTO resources_map(id, domain_id)VALUES(843594578001923, '0C8AZTODP4H7');
INSERT INTO resources_map(id, domain_id)VALUES(843498099048450, '0C8AZTODP4HT');
INSERT INTO resources_map(id, domain_id)VALUES(843498099048456, '0C8AZTODP4HT');
INSERT INTO resources_map(id, domain_id)VALUES(843498099048459, '0C8AZTODP4HT');
INSERT INTO resources_map(id, domain_id)VALUES(843509306228737, '0C8AZTODP4HT');
INSERT INTO resources_map(id, domain_id)VALUES(843509757116417, '0C8AZTODP4HT');
INSERT INTO resources_map(id, domain_id)VALUES(843511877861378, '0C8AZTODP4HT');
INSERT INTO resources_map(id, domain_id)VALUES(843512635457539, '0C8AZTODP4HT');
INSERT INTO resources_map(id, domain_id)VALUES(843512635457561, '0C8AZTODP4HT');
INSERT INTO resources_map(id, domain_id)VALUES(843498099048450, '0C8AZYTQ5W5C');
INSERT INTO resources_map(id, domain_id)VALUES(843509757116417, '0C8AZYTQ5W5C');
INSERT INTO resources_map(id, domain_id)VALUES(843512635457539, '0C8AZYTQ5W5C');
INSERT INTO resources_map(id, domain_id)VALUES(843509757116417, '0C8BLWABG1S0');
INSERT INTO resources_map(id, domain_id)VALUES(843509757116417, '0C8AZTODP4H3');


INSERT INTO endpoint (id,created_at,created_by,deleted,deleted_at,deleted_by,modified_at,modified_by,restored_at,restored_by,version,cache_profile_id,client_id,cors_profile_id,csrf_enabled,description,domain_id,is_websocket,`method`,`path`,secured,system_role_id) VALUES	 (0,NULL,'',0,NULL,'','2021-12-10 03:09:45','0U8AZTODP4H0',NULL,'',4,'0X8G900BJFGG','0C8AZTODP4HT','0O8G2WE71L35',1,NULL,'0E8AZTODP400',0,'GET','/auth-svc/clients',1,'0R8GM9U1JSHT'),	 (1,NULL,'',0,NULL,'','2021-12-10 03:24:56','0U8AZTODP4H0',NULL,'',1,NULL,'0C8AZTODP4HT','0O8G2WE71L35',1,NULL,'0E8AZTODP401',0,'GET','/auth-svc/clients/autoApprove',1,'0R8GMACGJU9S'),	 (2,NULL,'',0,NULL,'','2021-12-10 03:09:45','0U8AZTODP4H0',NULL,'',1,NULL,'0C8AZTODP4HT','0O8G2WE71L35',1,'','0E8AZTODP402',0,'POST','/auth-svc/clients',1,'0R8GM9U1JSHT'),	 (3,NULL,'',0,NULL,'','2021-12-10 03:09:45','0U8AZTODP4H0',NULL,'',1,NULL,'0C8AZTODP4HT','0O8G2WE71L35',1,'','0E8AZTODP403',0,'PUT','/auth-svc/clients/**',1,'0R8GM9U1JSHT'),	 (4,NULL,'',0,NULL,'','2021-12-10 03:09:45','0U8AZTODP4H0',NULL,'',1,NULL,'0C8AZTODP4HT','0O8G2WE71L35',1,'','0E8AZTODP404',0,'DELETE','/auth-svc/clients/**',1,'0R8GM9U1JSHT'),	 (5,NULL,'',0,NULL,'','2021-12-11 02:25:10','0U8AZTODP4H0',NULL,'',2,NULL,'0C8AZTODP4HT','0O8G2WE71L35',1,NULL,'0E8AZTODP405',0,'POST','/auth-svc/users',1,'0R8GMAP9LCLC'),	 (6,NULL,'',0,NULL,'','2021-12-10 03:16:32','0U8AZTODP4H0',NULL,'',1,NULL,'0C8AZTODP4HT','0O8G2WE71L35',1,'','0E8AZTODP406',0,'GET','/auth-svc/users',1,'0R8GM9U1JSHT'),	 (7,NULL,'',0,NULL,'','2021-12-10 03:17:07','0U8AZTODP4H0',NULL,'',1,NULL,'0C8AZTODP4HT','0O8G2WE71L35',1,'','0E8AZTODP407',0,'PUT','/auth-svc/users/**',1,'0R8GM9U1JSHT'),	 (8,NULL,'',0,NULL,'','2021-12-10 03:17:07','0U8AZTODP4H0',NULL,'',1,NULL,'0C8AZTODP4HT','0O8G2WE71L35',1,'','0E8AZTODP408',0,'DELETE','/auth-svc/users/**',1,'0R8GM9U1JSHT'),	 (9,NULL,'',0,NULL,'','2021-12-11 03:42:47','0U8AZTODP4H0',NULL,'',2,NULL,'0C8AZTODP4HT','0O8G2WE71L35',1,NULL,'0E8AZTODP409',0,'PUT','/auth-svc/users/pwd',1,'0R8G09CBKU0W');
INSERT INTO endpoint (id,created_at,created_by,deleted,deleted_at,deleted_by,modified_at,modified_by,restored_at,restored_by,version,cache_profile_id,client_id,cors_profile_id,csrf_enabled,description,domain_id,is_websocket,`method`,`path`,secured,system_role_id) VALUES	 (10,NULL,'',0,NULL,'','2021-12-11 03:43:03','0U8AZTODP4H0',NULL,'',2,NULL,'0C8AZTODP4HT','0O8G2WE71L35',1,NULL,'0E8AZTODP40A',0,'POST','/auth-svc/authorize',1,'0R8G09CBKU0W'),	 (11,NULL,'',0,NULL,'','2021-12-10 03:39:46','0U8AZTODP4H0',NULL,'',1,NULL,'0C8AZTODP4HT','0O8G2WE71L35',1,'need to check where used','0E8AZTODP40B',0,'GET','/auth-svc/users/search',1,'0R8G099XQKN4'),	 (12,NULL,'',0,NULL,'','2021-12-10 03:49:20','0U8AZTODP4H0',NULL,'',1,NULL,'0C8AZTODP4HT','0O8G2WE71L35',1,NULL,'0E8AZTODP40C',0,'POST','/auth-svc/pending-users',1,'0R8GMAP9LCLC'),	 (13,NULL,'',0,NULL,'','2021-12-10 03:44:34','0U8AZTODP4H0',NULL,'',1,NULL,'0C8AZTODP4HT','0O8G2WE71L35',1,NULL,'0E8AZTODP40D',0,'POST','/auth-svc/users/forgetPwd',1,'0R8GMALSF6RK'),	 (14,NULL,'',0,NULL,'','2021-12-10 03:44:45','0U8AZTODP4H0',NULL,'',1,NULL,'0C8AZTODP4HT','0O8G2WE71L35',1,NULL,'0E8AZTODP40E',0,'POST','/auth-svc/users/resetPwd',1,'0R8GMALSF6RK'),	 (15,NULL,'',0,NULL,'',NULL,'',NULL,'',0,NULL,'0C8AZTODP4HT','0O8G2WE71L35',0,'','0E8AZTODP40F',0,'POST','/auth-svc/oauth/token',0,NULL),	 (16,NULL,'',0,NULL,'','2021-12-10 03:29:51','0U8AZTODP4H0',NULL,'',1,NULL,'0C8AZTODP4HT','0O8G2WE71L35',1,NULL,'0E8AZTODP40G',0,'POST','/auth-svc/revoke-tokens',1,'0R8GM9U1JSHT'),	 (18,NULL,'',0,NULL,'','2021-12-10 03:11:48','0U8AZTODP4H0',NULL,'',1,NULL,'0C8AZTODP4HT','0O8G2WE71L35',1,'','0E8AZTODP40I',0,'POST','/auth-svc/endpoints',1,'0R8GM9U1JSHT'),	 (19,NULL,'',0,NULL,'','2021-12-10 03:11:48','0U8AZTODP4H0',NULL,'',1,NULL,'0C8AZTODP4HT','0O8G2WE71L35',1,'','0E8AZTODP40J',0,'GET','/auth-svc/endpoints',1,'0R8GM9U1JSHT'),	 (20,NULL,'',0,NULL,'','2021-12-10 03:11:48','0U8AZTODP4H0',NULL,'',1,NULL,'0C8AZTODP4HT','0O8G2WE71L35',1,'','0E8AZTODP40K',0,'PUT','/auth-svc/endpoints/**',1,'0R8GM9U1JSHT');
INSERT INTO endpoint (id,created_at,created_by,deleted,deleted_at,deleted_by,modified_at,modified_by,restored_at,restored_by,version,cache_profile_id,client_id,cors_profile_id,csrf_enabled,description,domain_id,is_websocket,`method`,`path`,secured,system_role_id) VALUES	 (21,NULL,'',0,NULL,'','2021-12-10 03:11:48','0U8AZTODP4H0',NULL,'',1,NULL,'0C8AZTODP4HT','0O8G2WE71L35',1,'','0E8AZTODP40L',0,'DELETE','/auth-svc/endpoints/**',1,'0R8GM9U1JSHT'),	 (25,NULL,'',0,NULL,'',NULL,'',NULL,'',0,NULL,'0C8AZTODP4H7','0O8G2WE71L35',1,'','0E8AZTODP40M',0,'GET','/profile-svc/addresses/user',1,'0R8G09CBKU0W'),	 (26,NULL,'',0,NULL,'',NULL,'',NULL,'',0,NULL,'0C8AZTODP4H7','0O8G2WE71L35',1,'','0E8AZTODP40N',0,'GET','/profile-svc/addresses/user/**',1,'0R8G09CBKU0W'),	 (27,NULL,'',0,NULL,'',NULL,'',NULL,'',0,NULL,'0C8AZTODP4H7','0O8G2WE71L35',1,'','0E8AZTODP40O',0,'POST','/profile-svc/addresses/user',1,'0R8G09CBKU0W'),	 (28,NULL,'',0,NULL,'',NULL,'',NULL,'',0,NULL,'0C8AZTODP4H7','0O8G2WE71L35',1,'','0E8AZTODP40P',0,'PUT','/profile-svc/addresses/user/**',1,'0R8G09CBKU0W'),	 (29,NULL,'',0,NULL,'',NULL,'',NULL,'',0,NULL,'0C8AZTODP4H7','0O8G2WE71L35',1,'','0E8AZTODP40Q',0,'DELETE','/profile-svc/addresses/user/**',1,'0R8G09CBKU0W'),	 (30,NULL,'',0,NULL,'',NULL,'',NULL,'',0,NULL,'0C8AZTODP4H7','0O8G2WE71L35',1,'','0E8AZTODP40R',0,'PUT','/profile-svc/orders/user/**/confirm',1,'0R8G09CBKU0W'),	 (31,NULL,'',0,NULL,'',NULL,'',NULL,'',0,NULL,'0C8AZTODP4H7','0O8G2WE71L35',1,'','0E8AZTODP40S',0,'GET','/profile-svc/orders/admin',1,'0R8G09BPEZGG'),	 (32,NULL,'',0,NULL,'',NULL,'',NULL,'',0,NULL,'0C8AZTODP4H7','0O8G2WE71L35',1,'','0E8AZTODP40T',0,'GET','/profile-svc/orders/user/**',1,'0R8G09CBKU0W'),	 (33,NULL,'',0,NULL,'',NULL,'',NULL,'',0,NULL,'0C8AZTODP4H7','0O8G2WE71L35',1,'','0E8AZTODP40U',0,'POST','/profile-svc/orders/user',1,'0R8G09CBKU0W');
INSERT INTO endpoint (id,created_at,created_by,deleted,deleted_at,deleted_by,modified_at,modified_by,restored_at,restored_by,version,cache_profile_id,client_id,cors_profile_id,csrf_enabled,description,domain_id,is_websocket,`method`,`path`,secured,system_role_id) VALUES	 (35,NULL,'',0,NULL,'',NULL,'',NULL,'',0,NULL,'0C8AZTODP4H7','0O8G2WE71L35',1,'','0E8AZTODP40V',0,'DELETE','/profile-svc/orders/user/**',1,'0R8G09CBKU0W'),	 (36,NULL,'',0,NULL,'',NULL,'',NULL,'',0,NULL,'0C8AZTODP4H7','0O8G2WE71L35',1,'','0E8AZTODP40W',0,'GET','/profile-svc/cart/user',1,'0R8G09CBKU0W'),	 (37,NULL,'',0,NULL,'',NULL,'',NULL,'',0,NULL,'0C8AZTODP4H7','0O8G2WE71L35',1,'','0E8AZTODP40X',0,'POST','/profile-svc/cart/user',1,'0R8G09CBKU0W'),	 (39,NULL,'',0,NULL,'',NULL,'',NULL,'',0,NULL,'0C8AZTODP4H7','0O8G2WE71L35',1,'','0E8AZTODP40Y',0,'DELETE','/profile-svc/cart/user/**',1,'0R8G09CBKU0W'),	 (41,NULL,'',0,NULL,'',NULL,'',NULL,'',0,NULL,'0C8AZTODP4H7','0O8G2WE71L35',1,'','0E8AZTODP40Z',0,'PUT','/profile-svc/orders/user/**/reserve',1,'0R8G09CBKU0W'),	 (42,NULL,'',0,NULL,'',NULL,'',NULL,'',0,NULL,'0C8AZTODP4H6','0O8G2WE71L35',1,'','0E8AZTODP410',0,'POST','/product-svc/catalogs/admin',1,'0R8G09BPEZGG'),	 (43,NULL,'',0,NULL,'',NULL,'',NULL,'',0,NULL,'0C8AZTODP4H6','0O8G2WE71L35',1,'','0E8AZTODP411',0,'PUT','/product-svc/catalogs/admin/**',1,'0R8G09BPEZGG'),	 (44,NULL,'',0,NULL,'',NULL,'',NULL,'',0,NULL,'0C8AZTODP4H6','0O8G2WE71L35',1,'','0E8AZTODP412',0,'DELETE','/product-svc/catalogs/admin/**',1,'0R8G09BPEZGG'),	 (46,NULL,'',0,NULL,'',NULL,'',NULL,'',0,NULL,'0C8AZTODP4H6','0O8G2WE71L35',1,'','0E8AZTODP413',0,'PATCH','/product-svc/products/app',1,'0R8G09BPEZGG'),	 (47,NULL,'',0,NULL,'',NULL,'',NULL,'',0,NULL,'0C8AZTODP4H6','0O8G2WE71L35',1,'','0E8AZTODP414',0,'POST','/product-svc/products/admin',1,'0R8G09BPEZGG');
INSERT INTO endpoint (id,created_at,created_by,deleted,deleted_at,deleted_by,modified_at,modified_by,restored_at,restored_by,version,cache_profile_id,client_id,cors_profile_id,csrf_enabled,description,domain_id,is_websocket,`method`,`path`,secured,system_role_id) VALUES	 (48,NULL,'',0,NULL,'',NULL,'',NULL,'',0,NULL,'0C8AZTODP4H6','0O8G2WE71L35',1,'','0E8AZTODP415',0,'PUT','/product-svc/products/admin/**',1,'0R8G09BPEZGG'),	 (49,NULL,'',0,NULL,'',NULL,'',NULL,'',0,NULL,'0C8AZTODP4H6','0O8G2WE71L35',1,'','0E8AZTODP416',0,'DELETE','/product-svc/products/admin/**',1,'0R8G09BPEZGG'),	 (52,NULL,'',0,NULL,'',NULL,'',NULL,'',0,NULL,'0C8AZTODP4H6','0O8G2WE71L35',1,'','0E8AZTODP417',0,'GET','/product-svc/products/admin/**',1,'0R8G09BPEZGG'),	 (53,NULL,'',0,NULL,'',NULL,'',NULL,'',0,NULL,'0C8AZTODP4H6','0O8G2WE71L35',1,'','0E8AZTODP418',0,'GET','/product-svc/catalogs/public',0,NULL),	 (54,NULL,'',0,NULL,'',NULL,'',NULL,'',0,NULL,'0C8AZTODP4H6','0O8G2WE71L35',1,'','0E8AZTODP419',0,'GET','/product-svc/products/public',0,NULL),	 (55,NULL,'',0,NULL,'',NULL,'',NULL,'',0,NULL,'0C8AZTODP4H6','0O8G2WE71L35',1,'','0E8AZTODP41A',0,'GET','/product-svc/products/public/**',0,NULL),	 (57,NULL,'',0,NULL,'',NULL,'',NULL,'',0,NULL,'0C8AZTODP4H5','0O8G2WE71L35',1,'','0E8AZTODP41B',0,'POST','/messenger-svc/notifyBy/email/newOrder',1,'0R8G099XQKN4'),	 (58,NULL,'',0,NULL,'',NULL,'',NULL,'',0,NULL,'0C8AZTODP4H5','0O8G2WE71L35',1,'','0E8AZTODP41C',0,'GET','/messenger-svc/systemNotifications/root',1,'0R8G09B8K64H'),	 (60,NULL,'',0,NULL,'',NULL,'',NULL,'',0,NULL,'0C8AZTODP4H4','0O8G2WE71L35',1,'','0E8AZTODP41E',0,'POST','/file-upload-svc/files/app',1,'0R8G09BPEZGG'),	 (61,NULL,'',0,NULL,'',NULL,'',NULL,'',0,NULL,'0C8AZTODP4H4','0O8G2WE71L35',1,'','0E8AZTODP41F',0,'GET','/file-upload-svc/files/public/**',0,NULL);
INSERT INTO endpoint (id,created_at,created_by,deleted,deleted_at,deleted_by,modified_at,modified_by,restored_at,restored_by,version,cache_profile_id,client_id,cors_profile_id,csrf_enabled,description,domain_id,is_websocket,`method`,`path`,secured,system_role_id) VALUES	 (62,NULL,'',0,NULL,'',NULL,'',NULL,'',0,NULL,'0C8AZTODP4H3','0O8G2WE71L35',1,'','0E8AZTODP41G',0,'POST','/payment-svc/paymentLink',1,'0G8G5YPNCUF5'),	 (63,NULL,'',0,NULL,'',NULL,'',NULL,'',0,NULL,'0C8AZTODP4H3','0O8G2WE71L35',1,'','0E8AZTODP41H',0,'GET','/payment-svc/paymentStatus/**',1,'0G8G5YPNCUF5'),	 (65,NULL,'',0,NULL,'',NULL,'',NULL,'',0,NULL,'0C8AZTODP4H2','0O8G2WE71L35',1,'','0E8AZTODP41I',0,'GET','/bbs-svc/private/comments',1,'0R8G09CBKU0W'),	 (66,NULL,'',0,NULL,'',NULL,'',NULL,'',0,NULL,'0C8AZTODP4H2','0O8G2WE71L35',1,'','0E8AZTODP41J',0,'GET','/bbs-svc/public/posts/**/comments',0,NULL),	 (67,NULL,'',0,NULL,'',NULL,'',NULL,'',0,NULL,'0C8AZTODP4H2','0O8G2WE71L35',1,'','0E8AZTODP41K',0,'POST','/bbs-svc/private/posts/**/comments',1,'0R8G09CBKU0W'),	 (68,NULL,'',0,NULL,'',NULL,'',NULL,'',0,NULL,'0C8AZTODP4H2','0O8G2WE71L35',1,'','0E8AZTODP41L',0,'DELETE','/bbs-svc/private/comments/**',1,'0R8G09CBKU0W'),	 (69,NULL,'',0,NULL,'',NULL,'',NULL,'',0,NULL,'0C8AZTODP4H2','0O8G2WE71L35',1,'','0E8AZTODP41M',0,'GET','/bbs-svc/public/posts',0,NULL),	 (70,NULL,'',0,NULL,'',NULL,'',NULL,'',0,NULL,'0C8AZTODP4H2','0O8G2WE71L35',1,'','0E8AZTODP41N',0,'GET','/bbs-svc/private/posts',1,'0R8G09CBKU0W'),	 (71,NULL,'',0,NULL,'',NULL,'',NULL,'',0,NULL,'0C8AZTODP4H2','0O8G2WE71L35',1,'','0E8AZTODP41O',0,'POST','/bbs-svc/private/posts',1,'0R8G09CBKU0W'),	 (72,NULL,'',0,NULL,'',NULL,'',NULL,'',0,NULL,'0C8AZTODP4H2','0O8G2WE71L35',1,'','0E8AZTODP41P',0,'GET','/bbs-svc/public/posts/**',0,NULL);
INSERT INTO endpoint (id,created_at,created_by,deleted,deleted_at,deleted_by,modified_at,modified_by,restored_at,restored_by,version,cache_profile_id,client_id,cors_profile_id,csrf_enabled,description,domain_id,is_websocket,`method`,`path`,secured,system_role_id) VALUES	 (73,NULL,'',0,NULL,'',NULL,'',NULL,'',0,NULL,'0C8AZTODP4H2','0O8G2WE71L35',1,'','0E8AZTODP41Q',0,'PUT','/bbs-svc/private/posts/**',1,'0R8G09CBKU0W'),	 (74,NULL,'',0,NULL,'',NULL,'',NULL,'',0,NULL,'0C8AZTODP4H2','0O8G2WE71L35',1,'','0E8AZTODP41R',0,'DELETE','/bbs-svc/private/posts/**',1,'0R8G09CBKU0W'),	 (75,NULL,'',0,NULL,'',NULL,'',NULL,'',0,NULL,'0C8AZTODP4H2','0O8G2WE71L35',1,'','0E8AZTODP41S',0,'POST','/bbs-svc/private/posts/**/likes',1,'0R8G09CBKU0W'),	 (76,NULL,'',0,NULL,'',NULL,'',NULL,'',0,NULL,'0C8AZTODP4H2','0O8G2WE71L35',1,'','0E8AZTODP41T',0,'DELETE','/bbs-svc/private/posts/**/likes',1,'0R8G09CBKU0W'),	 (77,NULL,'',0,NULL,'',NULL,'',NULL,'',0,NULL,'0C8AZTODP4H2','0O8G2WE71L35',1,'','0E8AZTODP41U',0,'POST','/bbs-svc/private/comments/**/likes',1,'0R8G09CBKU0W'),	 (78,NULL,'',0,NULL,'',NULL,'',NULL,'',0,NULL,'0C8AZTODP4H2','0O8G2WE71L35',1,'','0E8AZTODP41V',0,'DELETE','/bbs-svc/private/comments/**/likes',1,'0R8G09CBKU0W'),	 (79,NULL,'',0,NULL,'',NULL,'',NULL,'',0,NULL,'0C8AZTODP4H2','0O8G2WE71L35',1,'','0E8AZTODP41W',0,'POST','/bbs-svc/private/posts/**/dislikes',1,'0R8G09CBKU0W'),	 (80,NULL,'',0,NULL,'',NULL,'',NULL,'',0,NULL,'0C8AZTODP4H2','0O8G2WE71L35',1,'','0E8AZTODP41X',0,'DELETE','/bbs-svc/private/posts/**/dislikes',1,'0R8G09CBKU0W'),	 (81,NULL,'',0,NULL,'',NULL,'',NULL,'',0,NULL,'0C8AZTODP4H2','0O8G2WE71L35',1,'','0E8AZTODP41Y',0,'POST','/bbs-svc/private/comments/**/dislikes',1,'0R8G09CBKU0W'),	 (82,NULL,'',0,NULL,'',NULL,'',NULL,'',0,NULL,'0C8AZTODP4H2','0O8G2WE71L35',1,'','0E8AZTODP41Z',0,'DELETE','/bbs-svc/private/comments/**/dislikes',1,'0R8G09CBKU0W');
INSERT INTO endpoint (id,created_at,created_by,deleted,deleted_at,deleted_by,modified_at,modified_by,restored_at,restored_by,version,cache_profile_id,client_id,cors_profile_id,csrf_enabled,description,domain_id,is_websocket,`method`,`path`,secured,system_role_id) VALUES	 (83,NULL,'',0,NULL,'',NULL,'',NULL,'',0,NULL,'0C8AZTODP4H2','0O8G2WE71L35',1,'','0E8AZTODP420',0,'POST','/bbs-svc/private/posts/**/reports',1,'0R8G09CBKU0W'),	 (84,NULL,'',0,NULL,'',NULL,'',NULL,'',0,NULL,'0C8AZTODP4H2','0O8G2WE71L35',1,'','0E8AZTODP421',0,'DELETE','/bbs-svc/private/posts/**/reports',1,'0R8G09CBKU0W'),	 (85,NULL,'',0,NULL,'',NULL,'',NULL,'',0,NULL,'0C8AZTODP4H2','0O8G2WE71L35',1,'','0E8AZTODP422',0,'POST','/bbs-svc/private/comments/**/reports',1,'0R8G09CBKU0W'),	 (86,NULL,'',0,NULL,'',NULL,'',NULL,'',0,NULL,'0C8AZTODP4H2','0O8G2WE71L35',1,'','0E8AZTODP423',0,'DELETE','/bbs-svc/private/comments/**/reports',1,'0R8G09CBKU0W'),	 (87,NULL,'',0,NULL,'',NULL,'',NULL,'',0,NULL,'0C8AZTODP4H2','0O8G2WE71L35',1,'','0E8AZTODP424',0,'POST','/bbs-svc/private/posts/**/notInterested',1,'0R8G09CBKU0W'),	 (88,NULL,'',0,NULL,'',NULL,'',NULL,'',0,NULL,'0C8AZTODP4H2','0O8G2WE71L35',1,'','0E8AZTODP425',0,'DELETE','/bbs-svc/private/posts/**/notInterested',1,'0R8G09CBKU0W'),	 (89,NULL,'',0,NULL,'',NULL,'',NULL,'',0,NULL,'0C8AZTODP4H2','0O8G2WE71L35',1,'','0E8AZTODP426',0,'POST','/bbs-svc/private/comments/**/notInterested',1,'0R8G09CBKU0W'),	 (90,NULL,'',0,NULL,'',NULL,'',NULL,'',0,NULL,'0C8AZTODP4H2','0O8G2WE71L35',1,'','0E8AZTODP427',0,'DELETE','/bbs-svc/private/comments/**/notInterested',1,'0R8G09CBKU0W'),	 (91,NULL,'',0,NULL,'',NULL,'',NULL,'',0,NULL,'0C8AZTODP4H2','0O8G2WE71L35',1,'','0E8AZTODP428',0,'GET','/bbs-svc/admin/posts',1,'0R8G09BPEZGG'),	 (92,NULL,'',0,NULL,'',NULL,'',NULL,'',0,NULL,'0C8AZTODP4H2','0O8G2WE71L35',1,'','0E8AZTODP429',0,'DELETE','/bbs-svc/admin/posts/**',1,'0R8G09BPEZGG');
INSERT INTO endpoint (id,created_at,created_by,deleted,deleted_at,deleted_by,modified_at,modified_by,restored_at,restored_by,version,cache_profile_id,client_id,cors_profile_id,csrf_enabled,description,domain_id,is_websocket,`method`,`path`,secured,system_role_id) VALUES	 (93,NULL,'',0,NULL,'',NULL,'',NULL,'',0,NULL,'0C8AZTODP4H2','0O8G2WE71L35',1,'','0E8AZTODP42A',0,'GET','/bbs-svc/admin/comments',1,'0R8G09BPEZGG'),	 (94,NULL,'',0,NULL,'',NULL,'',NULL,'',0,NULL,'0C8AZTODP4H2','0O8G2WE71L35',1,'','0E8AZTODP42B',0,'DELETE','/bbs-svc/admin/comments/**',1,'0R8G09BPEZGG'),	 (95,NULL,'',0,NULL,'',NULL,'',NULL,'',0,NULL,'0C8AZTODP4H2','0O8G2WE71L35',1,'','0E8AZTODP42C',0,'GET','/bbs-svc/admin/likes',1,'0R8G09BPEZGG'),	 (96,NULL,'',0,NULL,'',NULL,'',NULL,'',0,NULL,'0C8AZTODP4H2','0O8G2WE71L35',1,'','0E8AZTODP42D',0,'GET','/bbs-svc/admin/dislikes',1,'0R8G09BPEZGG'),	 (97,NULL,'',0,NULL,'',NULL,'',NULL,'',0,NULL,'0C8AZTODP4H2','0O8G2WE71L35',1,'','0E8AZTODP42E',0,'GET','/bbs-svc/admin/reports',1,'0R8G09BPEZGG'),	 (98,NULL,'',0,NULL,'',NULL,'',NULL,'',0,NULL,'0C8AZTODP4H2','0O8G2WE71L35',1,'','0E8AZTODP42F',0,'GET','/bbs-svc/admin/notInterested',1,'0R8G09BPEZGG'),	 (99,NULL,'',0,NULL,'',NULL,'',NULL,'',0,NULL,'0C8AZTODP4H7','0O8G2WE71L35',1,'','0E8AZTODP42G',0,'GET','/profile-svc/profiles/orders/id',1,'0R8G09CBKU0W'),	 (100,NULL,'',0,NULL,'',NULL,'',NULL,'',0,NULL,'0C8AZTODP4H7','0O8G2WE71L35',1,'','0E8AZTODP42H',0,'GET','/profile-svc/profiles/orders/scheduler/resubmit',1,'0R8G09CBKU0W'),	 (101,NULL,'',0,NULL,'',NULL,'',NULL,'',0,NULL,'0C8AZTODP4H6','0O8G2WE71L35',1,'','0E8AZTODP42I',0,'GET','/product-svc/catalogs/admin',1,'0R8G09BPEZGG'),	 (103,NULL,'',0,NULL,'',NULL,'',NULL,'',0,NULL,'0C8AZTODP4H6','0O8G2WE71L35',1,'','0E8AZTODP42J',0,'GET','/product-svc/products/admin',1,'0R8G09BPEZGG');
INSERT INTO endpoint (id,created_at,created_by,deleted,deleted_at,deleted_by,modified_at,modified_by,restored_at,restored_by,version,cache_profile_id,client_id,cors_profile_id,csrf_enabled,description,domain_id,is_websocket,`method`,`path`,secured,system_role_id) VALUES	 (105,NULL,'',0,NULL,'',NULL,'',NULL,'',0,NULL,'0C8AZTODP4H6','0O8G2WE71L35',1,'','0E8AZTODP42K',0,'GET','/product-svc/attributes/admin',1,'0R8G09BPEZGG'),	 (106,NULL,'',0,NULL,'',NULL,'',NULL,'',0,NULL,'0C8AZTODP4H6','0O8G2WE71L35',1,'','0E8AZTODP42L',0,'POST','/product-svc/attributes/admin',1,'0R8G09BPEZGG'),	 (107,NULL,'',0,NULL,'',NULL,'',NULL,'',0,NULL,'0C8AZTODP4H6','0O8G2WE71L35',1,'','0E8AZTODP42M',0,'PUT','/product-svc/attributes/admin/**',1,'0R8G09BPEZGG'),	 (108,NULL,'',0,NULL,'',NULL,'',NULL,'',0,NULL,'0C8AZTODP4H6','0O8G2WE71L35',1,'','0E8AZTODP42N',0,'DELETE','/product-svc/attributes/admin/**',1,'0R8G09BPEZGG'),	 (109,NULL,'',0,NULL,'',NULL,'',NULL,'',0,NULL,'0C8AZTODP4H6','0O8G2WE71L35',1,'','0E8AZTODP42O',0,'GET','/product-svc/filters/admin',1,'0R8G09BPEZGG'),	 (110,NULL,'',0,NULL,'',NULL,'',NULL,'',0,NULL,'0C8AZTODP4H6','0O8G2WE71L35',1,'','0E8AZTODP42P',0,'GET','/product-svc/filters/admin/**',1,'0R8G09BPEZGG'),	 (111,NULL,'',0,NULL,'',NULL,'',NULL,'',0,NULL,'0C8AZTODP4H6','0O8G2WE71L35',1,'','0E8AZTODP42Q',0,'POST','/product-svc/filters/admin',1,'0R8G09BPEZGG'),	 (112,NULL,'',0,NULL,'',NULL,'',NULL,'',0,NULL,'0C8AZTODP4H6','0O8G2WE71L35',1,'','0E8AZTODP42R',0,'PUT','/product-svc/filters/admin/**',1,'0R8G09BPEZGG'),	 (113,NULL,'',0,NULL,'',NULL,'',NULL,'',0,NULL,'0C8AZTODP4H6','0O8G2WE71L35',1,'','0E8AZTODP42S',0,'DELETE','/product-svc/filters/admin/**',1,'0R8G09BPEZGG'),	 (114,NULL,'',0,NULL,'',NULL,'',NULL,'',0,NULL,'0C8AZTODP4H6','0O8G2WE71L35',1,'','0E8AZTODP42T',0,'GET','/product-svc/filters/public',0,NULL);
INSERT INTO endpoint (id,created_at,created_by,deleted,deleted_at,deleted_by,modified_at,modified_by,restored_at,restored_by,version,cache_profile_id,client_id,cors_profile_id,csrf_enabled,description,domain_id,is_websocket,`method`,`path`,secured,system_role_id) VALUES	 (116,NULL,'',0,NULL,'',NULL,'',NULL,'',0,NULL,'0C8AZTODP4H6','0O8G2WE71L35',1,'','0E8AZTODP42U',0,'GET','/product-svc/attributes/admin/**',1,'0R8G09BPEZGG'),	 (117,NULL,'',0,NULL,'',NULL,'',NULL,'',0,NULL,'0C8AZTODP4H6','0O8G2WE71L35',1,'','0E8AZTODP42V',0,'GET','/product-svc/catalogs/admin/**',1,'0R8G09BPEZGG'),	 (118,NULL,'',0,NULL,'',NULL,'',NULL,'',0,NULL,'0C8AZTODP4H6','0O8G2WE71L35',1,'','0E8AZTODP42W',0,'PATCH','/product-svc/products/admin/**',1,'0R8G09BPEZGG'),	 (119,NULL,'',0,NULL,'',NULL,'',NULL,'',0,NULL,'0C8AZTODP4H6','0O8G2WE71L35',1,'','0E8AZTODP42X',0,'PATCH','/product-svc/products/admin',1,'0R8G09BPEZGG'),	 (120,NULL,'',0,NULL,'',NULL,'',NULL,'',0,NULL,'0C8AZTODP4H6','0O8G2WE71L35',1,'','0E8AZTODP42Y',0,'DELETE','/product-svc/products/admin',1,'0R8G09BPEZGG'),	 (121,NULL,'',0,NULL,'',NULL,'',NULL,'',0,NULL,'0C8AZTODP4H6','0O8G2WE71L35',1,'','0E8AZTODP42Z',0,'GET','/product-svc/products/app',1,'0R8G09BPEZGG'),	 (123,NULL,'',0,NULL,'',NULL,'',NULL,'',0,NULL,'0C8AZTODP4H6','0O8G2WE71L35',1,'','0E8AZTODP430',0,'PATCH','/product-svc/attributes/admin/**',1,'0R8G09BPEZGG'),	 (124,NULL,'',0,NULL,'',NULL,'',NULL,'',0,NULL,'0C8AZTODP4H6','0O8G2WE71L35',1,'','0E8AZTODP431',0,'PATCH','/product-svc/catalogs/admin/**',1,'0R8G09BPEZGG'),	 (125,NULL,'',0,NULL,'','2021-12-10 03:11:48','0U8AZTODP4H0',NULL,'',1,NULL,'0C8AZTODP4HT','0O8G2WE71L35',1,'','0E8AZTODP432',0,'GET','/auth-svc/clients/**',1,'0R8GM9U1JSHT'),	 (126,NULL,'',0,NULL,'','2021-12-10 03:11:48','0U8AZTODP4H0',NULL,'',1,NULL,'0C8AZTODP4HT','0O8G2WE71L35',1,'','0E8AZTODP433',0,'PATCH','/auth-svc/clients/**',1,'0R8GM9U1JSHT');
INSERT INTO endpoint (id,created_at,created_by,deleted,deleted_at,deleted_by,modified_at,modified_by,restored_at,restored_by,version,cache_profile_id,client_id,cors_profile_id,csrf_enabled,description,domain_id,is_websocket,`method`,`path`,secured,system_role_id) VALUES	 (127,NULL,'',0,NULL,'','2021-12-10 03:18:11','0U8AZTODP4H0',NULL,'',1,NULL,'0C8AZTODP4HT','0O8G2WE71L35',1,'','0E8AZTODP434',0,'GET','/auth-svc/users/**',1,'0R8GM9U1JSHT'),	 (128,NULL,'',0,NULL,'','2021-12-10 03:13:13','0U8AZTODP4H0',NULL,'',1,NULL,'0C8AZTODP4HT','0O8G2WE71L35',1,'','0E8AZTODP435',0,'GET','/auth-svc/endpoints/**',1,'0R8GM9U1JSHT'),	 (130,NULL,'',0,NULL,'','2021-12-10 03:18:11','0U8AZTODP4H0',NULL,'',1,NULL,'0C8AZTODP4HT','0O8G2WE71L35',1,'','0E8AZTODP437',0,'PATCH','/auth-svc/users/**',1,'0R8GM9U1JSHT'),	 (131,NULL,'',0,NULL,'','2021-12-10 03:18:11','0U8AZTODP4H0',NULL,'',1,NULL,'0C8AZTODP4HT','0O8G2WE71L35',1,'','0E8AZTODP438',0,'PATCH','/auth-svc/users',1,'0R8GM9U1JSHT'),	 (132,NULL,'',0,NULL,'','2021-12-10 03:13:13','0U8AZTODP4H0',NULL,'',1,NULL,'0C8AZTODP4HT','0O8G2WE71L35',1,'','0E8AZTODP439',0,'DELETE','/auth-svc/endpoints',1,'0R8GM9U1JSHT'),	 (133,NULL,'',0,NULL,'',NULL,'',NULL,'',0,NULL,'0C8AZTODP4H6','0O8G2WE71L35',1,'','0E8AZTODP43A',0,'DELETE','/product-svc/catalogs/admin',1,'0R8G09BPEZGG'),	 (134,NULL,'',0,NULL,'',NULL,'',NULL,'',0,NULL,'0C8AZTODP4H6','0O8G2WE71L35',1,'','0E8AZTODP43B',0,'DELETE','/product-svc/attributes/admin',1,'0R8G09BPEZGG'),	 (135,NULL,'',0,NULL,'',NULL,'',NULL,'',0,NULL,'0C8AZTODP4H6','0O8G2WE71L35',1,'','0E8AZTODP43C',0,'PATCH','/product-svc/filters/admin/**',1,'0R8G09BPEZGG'),	 (136,NULL,'',0,NULL,'',NULL,'',NULL,'',0,NULL,'0C8AZTODP4H6','0O8G2WE71L35',1,'','0E8AZTODP43D',0,'DELETE','/product-svc/filters/admin',1,'0R8G09BPEZGG'),	 (137,NULL,'',0,NULL,'','2021-12-10 03:13:13','0U8AZTODP4H0',NULL,'',1,NULL,'0C8AZTODP4HT','0O8G2WE71L35',1,'','0E8AZTODP43E',0,'PATCH','/auth-svc/endpoints/**',1,'0R8GM9U1JSHT');
INSERT INTO endpoint (id,created_at,created_by,deleted,deleted_at,deleted_by,modified_at,modified_by,restored_at,restored_by,version,cache_profile_id,client_id,cors_profile_id,csrf_enabled,description,domain_id,is_websocket,`method`,`path`,secured,system_role_id) VALUES	 (141,NULL,'',0,NULL,'','2021-12-10 03:20:07','0U8AZTODP4H0',NULL,'',1,NULL,'0C8AZTODP4HT','0O8G2WE71L35',1,'','0E8AZTODP43H',0,'DELETE','/auth-svc/changes/root/**',1,'0R8GM9U1JSHT'),	 (143,NULL,'',0,NULL,'','2021-12-10 03:20:07','0U8AZTODP4H0',NULL,'',1,NULL,'0C8AZTODP4HT','0O8G2WE71L35',1,'','0E8AZTODP43I',0,'GET','/auth-svc/changes/root',1,'0R8GM9U1JSHT'),	 (147,NULL,'',0,NULL,'',NULL,'',NULL,'',0,NULL,'0C8AZTODP4H6','0O8G2WE71L35',1,'','0E8AZTODP43L',0,'GET','/product-svc/changes/root',1,'0R8G09B8K64H'),	 (148,NULL,'',0,NULL,'',NULL,'',NULL,'',0,NULL,'0C8AZTODP4H6','0O8G2WE71L35',1,'','0E8AZTODP43M',0,'DELETE','/product-svc/changes/root/**',1,'0R8G09B8K64H'),	 (149,NULL,'',0,NULL,'','2021-12-10 03:20:07','0U8AZTODP4H0',NULL,'',1,NULL,'0C8AZTODP4HT','0O8G2WE71L35',1,'','0E8AZTODP43N',0,'GET','/auth-svc/revoke-tokens',1,'0R8GM9U1JSHT'),	 (150,NULL,'',0,NULL,'',NULL,'',NULL,'',0,NULL,'0C8AZTODP4H6','0O8G2WE71L35',1,'','0E8AZTODP43O',0,'GET','/product-svc/skus/admin',1,'0R8G09BPEZGG'),	 (151,NULL,'',0,NULL,'',NULL,'',NULL,'',0,NULL,'0C8AZTODP4H6','0O8G2WE71L35',1,'','0E8AZTODP43P',0,'GET','/product-svc/skus/admin/**',1,'0R8G09BPEZGG'),	 (152,NULL,'',0,NULL,'',NULL,'',NULL,'',0,NULL,'0C8AZTODP4H6','0O8G2WE71L35',1,'','0E8AZTODP43Q',0,'POST','/product-svc/skus/admin',1,'0R8G09BPEZGG'),	 (153,NULL,'',0,NULL,'',NULL,'',NULL,'',0,NULL,'0C8AZTODP4H6','0O8G2WE71L35',1,'','0E8AZTODP43R',0,'PATCH','/product-svc/skus/admin',1,'0R8G09BPEZGG'),	 (154,NULL,'',0,NULL,'',NULL,'',NULL,'',0,NULL,'0C8AZTODP4H6','0O8G2WE71L35',1,'','0E8AZTODP43S',0,'PATCH','/product-svc/skus/admin/**',1,'0R8G09BPEZGG');
INSERT INTO endpoint (id,created_at,created_by,deleted,deleted_at,deleted_by,modified_at,modified_by,restored_at,restored_by,version,cache_profile_id,client_id,cors_profile_id,csrf_enabled,description,domain_id,is_websocket,`method`,`path`,secured,system_role_id) VALUES	 (155,NULL,'',0,NULL,'',NULL,'',NULL,'',0,NULL,'0C8AZTODP4H6','0O8G2WE71L35',1,'','0E8AZTODP43T',0,'DELETE','/product-svc/skus/admin/**',1,'0R8G09BPEZGG'),	 (156,NULL,'',0,NULL,'',NULL,'',NULL,'',0,NULL,'0C8AZTODP4H6','0O8G2WE71L35',1,'','0E8AZTODP43U',0,'DELETE','/product-svc/skus/admin',1,'0R8G09BPEZGG'),	 (157,NULL,'',0,NULL,'',NULL,'',NULL,'',0,NULL,'0C8AZTODP4H6','0O8G2WE71L35',1,'','0E8AZTODP43V',0,'PUT','/product-svc/skus/admin/**',1,'0R8G09BPEZGG'),	 (158,NULL,'',0,NULL,'',NULL,'',NULL,'',0,NULL,'0C8AZTODP4H6','0O8G2WE71L35',1,'','0E8AZTODP43W',0,'DELETE','/product-svc/products/changes/app/**',1,'0G8G5YPNCUF5'),	 (161,NULL,'',0,NULL,'',NULL,'',NULL,'',0,NULL,'0C8AZTODP4H7','0O8G2WE71L35',1,'','0E8AZTODP43X',0,'GET','/profile-svc/orders/admin/**',1,'0R8G09BPEZGG'),	 (162,NULL,'',0,NULL,'',NULL,'',NULL,'',0,NULL,'0C8AZTODP4H7','0O8G2WE71L35',1,'','0E8AZTODP43Y',0,'GET','/profile-svc/orders/user',1,'0R8G09CBKU0W'),	 (163,NULL,'',0,NULL,'',NULL,'',NULL,'',0,NULL,'0C8AZTODP4H7','0O8G2WE71L35',1,'','0E8AZTODP43Z',0,'GET','/profile-svc/addresses/admin',1,'0R8G09BPEZGG'),	 (164,NULL,'',0,NULL,'',NULL,'',NULL,'',0,NULL,'0C8AZTODP4H7','0O8G2WE71L35',1,'','0E8AZTODP440',0,'GET','/profile-svc/addresses/admin/**',1,'0R8G09BPEZGG'),	 (165,NULL,'',0,NULL,'',NULL,'',NULL,'',0,NULL,'0C8AZTODP4H7','0O8G2WE71L35',1,'','0E8AZTODP441',0,'POST','/profile-svc/orders/app/validate',1,'0R8G099XQKN4'),	 (166,NULL,'',0,NULL,'',NULL,'',NULL,'',0,NULL,'0C8AZTODP4H7','0O8G2WE71L35',1,'','0E8AZTODP442',0,'PUT','/profile-svc/orders/app/**',1,'0R8G099XQKN4');
INSERT INTO endpoint (id,created_at,created_by,deleted,deleted_at,deleted_by,modified_at,modified_by,restored_at,restored_by,version,cache_profile_id,client_id,cors_profile_id,csrf_enabled,description,domain_id,is_websocket,`method`,`path`,secured,system_role_id) VALUES	 (167,NULL,'',0,NULL,'',NULL,'',NULL,'',0,NULL,'0C8AZTODP4H7','0O8G2WE71L35',1,'','0E8AZTODP443',0,'PUT','/profile-svc/orders/user/**',1,'0R8G09CBKU0W'),	 (168,NULL,'',0,NULL,'',NULL,'',NULL,'',0,NULL,'0C8AZTODP4H1','0O8G2WE71L35',1,'','0E8AZTODP444',0,'POST','/saga-svc/sm/app',1,'0R8G099XQKN4'),	 (169,NULL,'',0,NULL,'',NULL,'',NULL,'',0,NULL,'0C8AZTODP4H7','0O8G2WE71L35',1,'','0E8AZTODP445',0,'POST','/profile-svc/orders/app',1,'0R8G099XQKN4'),	 (170,NULL,'',0,NULL,'',NULL,'',NULL,'',0,NULL,'0C8AZTODP4H1','0O8G2WE71L35',1,'','0E8AZTODP446',0,'GET','/saga-svc/tasks/admin',1,'0R8G09BPEZGG'),	 (171,NULL,'',0,NULL,'',NULL,'',NULL,'',0,NULL,'0C8AZTODP4H7','0O8G2WE71L35',1,'','0E8AZTODP447',0,'DELETE','/profile-svc/cart/app',1,'0R8G099XQKN4'),	 (172,NULL,'',0,NULL,'',NULL,'',NULL,'',0,NULL,'0C8AZTODP4H7','0O8G2WE71L35',1,'','0E8AZTODP448',0,'DELETE','/profile-svc/changes/app',1,'0R8G09BPEZGG'),	 (173,NULL,'',0,NULL,'',NULL,'',NULL,'',0,NULL,'0C8AZTODP4H3','0O8G2WE71L35',1,'','0E8AZTODP449',0,'DELETE','/payment-svc/changes/app',1,'0R8G09BPEZGG'),	 (174,NULL,'',0,NULL,'',NULL,'',NULL,'',0,NULL,'0C8AZTODP4H7','0O8G2WE71L35',1,'','0E8AZTODP44A',0,'GET','/profile-svc/changes/root/**',1,'0R8G09B8K64H'),	 (175,NULL,'',0,NULL,'',NULL,'',NULL,'',0,NULL,'0C8AZTODP4H3','0O8G2WE71L35',1,'','0E8AZTODP44B',0,'GET','/payment-svc/changes/root/**',1,'0R8G09B8K64H'),	 (176,NULL,'',0,NULL,'',NULL,'',NULL,'',0,NULL,'0C8AZTODP4H0','0O8G2WE71L35',1,'','0E8AZTODP44C',0,'POST','/object-svc/events/admin/**',1,'0R8G09BPEZGG');
INSERT INTO endpoint (id,created_at,created_by,deleted,deleted_at,deleted_by,modified_at,modified_by,restored_at,restored_by,version,cache_profile_id,client_id,cors_profile_id,csrf_enabled,description,domain_id,is_websocket,`method`,`path`,secured,system_role_id) VALUES	 (177,NULL,'',0,NULL,'',NULL,'',NULL,'',0,NULL,'0C8AZTODP4H0','0O8G2WE71L35',1,'','0E8AZTODP44D',0,'GET','/object-svc/events/admin/**',1,'0R8G09BPEZGG'),	 (178,NULL,'',0,NULL,'',NULL,'',NULL,'',0,NULL,'0C8AZTODP4H0','0O8G2WE71L35',1,'','0E8AZTODP44E',0,'PUT','/object-svc/events/admin/**',1,'0R8G09BPEZGG'),	 (179,NULL,'',0,NULL,'',NULL,'',NULL,'',0,NULL,'0C8AZTODP4H0','0O8G2WE71L35',1,'','0E8AZTODP44F',0,'DELETE','/object-svc/events/admin/**',1,'0R8G09BPEZGG'),	 (180,NULL,'',0,NULL,'','2021-12-10 03:20:07','0U8AZTODP4H0',NULL,'',1,NULL,'0C8AZTODP4HT','0O8G2WE71L35',1,'','0E8AZTODP450',0,'POST','/auth-svc/endpoints/event/reload',1,'0R8GM9U1JSHT'),	 (181,NULL,'',0,NULL,'',NULL,'',NULL,'',0,NULL,'0C8BLWABG1S0','0O8G2WE71L35',1,'','0E8AZTODP451',0,'GET','/test-svc/test/delay/**',0,NULL),	 (182,NULL,'',0,NULL,'',NULL,'',NULL,'',0,NULL,'0C8BLWABG1S0','0O8G2WE71L35',1,'','0E8AZTODP452',0,'GET','/test-svc/test/status/**',0,NULL),	 (183,'2021-02-05 17:13:40','0U8AZTODP4H0',0,NULL,'','2021-02-05 17:13:40','0U8AZTODP4H0',NULL,'',0,NULL,'0C8AZTODP4H5','0O8G2WE71L35',0,'','0E8BO3KAHURK',0,'GET','/messenger-svc/system-monitor',1,'0R8G099XQKN4'),	 (184,NULL,'',0,NULL,'','2021-12-10 03:35:40','0U8AZTODP4H0',NULL,'',2,NULL,'0C8AZTODP4HT','0O8G2WE71L35',1,'websocket ticket','0E8BPAEMD3B5',0,'POST','/auth-svc/tickets/**',1,'0R8GMAI4P1J4'),	 (185,NULL,'',0,NULL,'',NULL,'',NULL,'',0,NULL,'0C8AZTODP4H5','0O8G2WE71L35',1,'','0E8BPAEMD3B6',0,'GET','/messenger-svc/mallNotifications/admin',1,'0R8G09BPEZGG'),	 (186,'2021-02-05 17:13:40','0U8AZTODP4H0',0,NULL,'','2021-02-05 17:13:40','0U8AZTODP4H0',NULL,'',0,NULL,'0C8AZTODP4H5','0O8G2WE71L35',0,'','0E8BPAEMD3B7',0,'GET','/messenger-svc/mall-monitor',1,'0R8G09BPEZGG');
INSERT INTO endpoint (id,created_at,created_by,deleted,deleted_at,deleted_by,modified_at,modified_by,restored_at,restored_by,version,cache_profile_id,client_id,cors_profile_id,csrf_enabled,description,domain_id,is_websocket,`method`,`path`,secured,system_role_id) VALUES	 (187,NULL,'',0,NULL,'',NULL,'',NULL,'',0,NULL,'0C8AZTODP4H1','0O8G2WE71L35',1,'','0E8AZTODP466',0,'GET','/saga-svc/createOrderDtx/admin',1,'0R8G09BPEZGG'),	 (188,NULL,'',0,NULL,'',NULL,'',NULL,'',0,NULL,'0C8AZTODP4H1','0O8G2WE71L35',1,'','0E8AZTODP476',0,'GET','/saga-svc/cancelCreateOrderDtx/admin',1,'0R8G09BPEZGG'),	 (189,NULL,'',0,NULL,'',NULL,'',NULL,'',0,NULL,'0C8AZTODP4H1','0O8G2WE71L35',1,'','0E8AZTODP486',0,'GET','/saga-svc/reserveOrderDtx/admin',1,'0R8G09BPEZGG'),	 (190,NULL,'',0,NULL,'',NULL,'',NULL,'',0,NULL,'0C8AZTODP4H1','0O8G2WE71L35',1,'','0E8AZTODP496',0,'GET','/saga-svc/cancelReserveOrderDtx/admin',1,'0R8G09BPEZGG'),	 (191,NULL,'',0,NULL,'',NULL,'',NULL,'',0,NULL,'0C8AZTODP4H1','0O8G2WE71L35',1,'','0E8AZTODP4A6',0,'GET','/saga-svc/recycleOrderDtx/admin',1,'0R8G09BPEZGG'),	 (193,NULL,'',0,NULL,'',NULL,'',NULL,'',0,NULL,'0C8AZTODP4H1','0O8G2WE71L35',1,'','0E8AZTODP4C6',0,'GET','/saga-svc/cancelRecycleOrderDtx/admin',1,'0R8G09BPEZGG'),	 (194,NULL,'',0,NULL,'',NULL,'',NULL,'',0,NULL,'0C8AZTODP4H1','0O8G2WE71L35',1,'','0E8AZTODP4D6',0,'GET','/saga-svc/confirmOrderPaymentDtx/admin',1,'0R8G09BPEZGG'),	 (195,NULL,'',0,NULL,'',NULL,'',NULL,'',0,NULL,'0C8AZTODP4H1','0O8G2WE71L35',1,'','0E8AZTODP4E6',0,'GET','/saga-svc/cancelConfirmOrderPaymentDtx/admin',1,'0R8G09BPEZGG'),	 (196,NULL,'',0,NULL,'',NULL,'',NULL,'',0,NULL,'0C8AZTODP4H1','0O8G2WE71L35',1,'','0E8AZTODP4F6',0,'GET','/saga-svc/concludeOrderDtx/admin',1,'0R8G09BPEZGG'),	 (197,NULL,'',0,NULL,'',NULL,'',NULL,'',0,NULL,'0C8AZTODP4H1','0O8G2WE71L35',1,'','0E8AZTODP456',0,'GET','/saga-svc/cancelConcludeOrderDtx/admin',1,'0R8G09BPEZGG');
INSERT INTO endpoint (id,created_at,created_by,deleted,deleted_at,deleted_by,modified_at,modified_by,restored_at,restored_by,version,cache_profile_id,client_id,cors_profile_id,csrf_enabled,description,domain_id,is_websocket,`method`,`path`,secured,system_role_id) VALUES	 (201,NULL,'',0,NULL,'',NULL,'',NULL,'',0,NULL,'0C8AZTODP4H1','0O8G2WE71L35',1,'','0E8AZTODP566',0,'POST','/saga-svc/createOrderDtx/admin/**/cancel',1,'0R8G09BPEZGG'),	 (203,NULL,'',0,NULL,'',NULL,'',NULL,'',0,NULL,'0C8AZTODP4H1','0O8G2WE71L35',1,'','0E8AZTODP586',0,'POST','/saga-svc/reserveOrderDtx/admin/**/cancel',1,'0R8G09BPEZGG'),	 (205,NULL,'',0,NULL,'',NULL,'',NULL,'',0,NULL,'0C8AZTODP4H1','0O8G2WE71L35',1,'','0E8AZTODP5A6',0,'POST','/saga-svc/recycleOrderDtx/admin/**/cancel',1,'0R8G09BPEZGG'),	 (206,NULL,'',0,NULL,'',NULL,'',NULL,'',0,NULL,'0C8AZTODP4H1','0O8G2WE71L35',1,'','0E8AZTODP4F7',0,'POST','/saga-svc/events/admin/**/retry',1,'0R8G09BPEZGG'),	 (208,NULL,'',0,NULL,'',NULL,'',NULL,'',0,NULL,'0C8AZTODP4H1','0O8G2WE71L35',1,'','0E8AZTODP5D6',0,'POST','/saga-svc/confirmOrderPaymentDtx/admin/**/cancel',1,'0R8G09BPEZGG'),	 (210,NULL,'',0,NULL,'',NULL,'',NULL,'',0,NULL,'0C8AZTODP4H1','0O8G2WE71L35',1,'','0E8AZTODP5F6',0,'POST','/saga-svc/concludeOrderDtx/admin/**/cancel',1,'0R8G09BPEZGG'),	 (217,NULL,'',0,NULL,'',NULL,'',NULL,'',0,NULL,'0C8AZTODP4H1','0O8G2WE71L35',1,'','0E8AZTODP4F8',0,'GET','/saga-svc/events/admin',1,'0R8G09BPEZGG'),	 (847539962118150,'2021-03-24 18:49:49','0U8AZTODP4H0',0,NULL,'','2021-03-24 18:49:49','0U8AZTODP4H0',NULL,'',0,NULL,'0C8AZTODP4H5','0O8G2WE71L35',0,'','0E8CFEHEM0W0',1,'','/messenger-svc/system-monitor',1,'0R8G09B8K64H'),	 (847539979419653,'2021-03-24 18:50:22','0U8AZTODP4H0',0,NULL,'','2021-03-24 18:50:22','0U8AZTODP4H0',NULL,'',0,NULL,'0C8AZTODP4H5','0O8G2WE71L35',0,'','0E8CFEHOWUTC',1,'','/messenger-svc/mall-monitor',1,'0R8G09BPEZGG'),	 (854833021059086,'2021-09-01 14:49:55','0U8AZTODP4H0',0,NULL,'','2021-09-01 14:49:55','0U8AZTODP4H0',NULL,'',0,NULL,'0C8AZTODP4H1','0O8G2WE71L35',1,'','0E8F0GV9LQTC',0,'GET','/saga-svc/cancelConcludeOrderDtx/admin/**',1,'0R8G09BPEZGG');
INSERT INTO endpoint (id,created_at,created_by,deleted,deleted_at,deleted_by,modified_at,modified_by,restored_at,restored_by,version,cache_profile_id,client_id,cors_profile_id,csrf_enabled,description,domain_id,is_websocket,`method`,`path`,secured,system_role_id) VALUES	 (854833029447680,'2021-09-01 14:50:10','0U8AZTODP4H0',0,NULL,'','2021-09-01 14:50:10','0U8AZTODP4H0',NULL,'',0,NULL,'0C8AZTODP4H1','0O8G2WE71L35',1,'','0E8F0GVEAAYP',0,'GET','/saga-svc/createOrderDtx/admin/**',1,'0R8G09BPEZGG'),	 (854833037836301,'2021-09-01 14:50:27','0U8AZTODP4H0',0,NULL,'','2021-09-01 14:50:27','0U8AZTODP4H0',NULL,'',0,NULL,'0C8AZTODP4H1','0O8G2WE71L35',1,'','0E8F0GVJLC74',0,'GET','/saga-svc/cancelCreateOrderDtx/admin/**',1,'0R8G09BPEZGG'),	 (854833044652044,'2021-09-01 14:50:39','0U8AZTODP4H0',0,NULL,'','2021-09-01 14:50:39','0U8AZTODP4H0',NULL,'',0,NULL,'0C8AZTODP4H1','0O8G2WE71L35',1,'','0E8F0GVNC6PT',0,'GET','/saga-svc/reserveOrderDtx/admin/**',1,'0R8G09BPEZGG'),	 (854833051467789,'2021-09-01 14:50:52','0U8AZTODP4H0',0,NULL,'','2021-09-01 14:50:52','0U8AZTODP4H0',NULL,'',0,NULL,'0C8AZTODP4H1','0O8G2WE71L35',1,'','0E8F0GVRPIBK',0,'GET','/saga-svc/cancelReserveOrderDtx/admin/**',1,'0R8G09BPEZGG'),	 (854833061953548,'2021-09-01 14:51:12','0U8AZTODP4H0',0,NULL,'','2021-09-01 14:51:12','0U8AZTODP4H0',NULL,'',0,NULL,'0C8AZTODP4H1','0O8G2WE71L35',1,'','0E8F0GVXN0N5',0,'GET','/saga-svc/recycleOrderDtx/admin/**',1,'0R8G09BPEZGG'),	 (854833070866445,'2021-09-01 14:51:29','0U8AZTODP4H0',0,NULL,'','2021-09-01 14:51:29','0U8AZTODP4H0',NULL,'',0,NULL,'0C8AZTODP4H1','0O8G2WE71L35',1,'','0E8F0GW39AF4',0,'GET','/saga-svc/cancelRecycleOrderDtx/admin/**',1,'0R8G09BPEZGG'),	 (854833082925112,'2021-09-01 14:51:53','0U8AZTODP4H0',0,NULL,'','2021-09-01 14:51:53','0U8AZTODP4H0',NULL,'',0,NULL,'0C8AZTODP4H1','0O8G2WE71L35',1,'','0E8F0GWAFQY2',0,'GET','/saga-svc/confirmOrderPaymentDtx/admin/**',1,'0R8G09BPEZGG'),	 (854833090265102,'2021-09-01 14:52:07','0U8AZTODP4H0',0,NULL,'','2021-09-01 14:52:07','0U8AZTODP4H0',NULL,'',0,NULL,'0C8AZTODP4H1','0O8G2WE71L35',1,'','0E8F0GWET2IO',0,'GET','/saga-svc/cancelConfirmOrderPaymentDtx/admin/**',1,'0R8G09BPEZGG'),	 (854833120149517,'2021-09-01 14:53:04','0U8AZTODP4H0',0,NULL,'','2021-09-01 14:53:04','0U8AZTODP4H0',NULL,'',0,NULL,'0C8AZTODP4H1','0O8G2WE71L35',1,'','0E8F0GWWLLHC',0,'GET','/saga-svc/concludeOrderDtx/admin/**',1,'0R8G09BPEZGG'),	 (854876264333325,'2021-09-02 13:44:35','0U8AZTODP4H0',0,NULL,'','2021-09-02 13:44:35','0U8AZTODP4H0',NULL,'',0,NULL,'0C8AZTODP4H1','0O8G2WE71L35',1,'','0E8F10QFJ6RK',0,'POST','/saga-svc/cancelConcludeOrderDtx/admin/**/resolve',1,'0R8G09BPEZGG');
INSERT INTO endpoint (id,created_at,created_by,deleted,deleted_at,deleted_by,modified_at,modified_by,restored_at,restored_by,version,cache_profile_id,client_id,cors_profile_id,csrf_enabled,description,domain_id,is_websocket,`method`,`path`,secured,system_role_id) VALUES	 (854877178167308,'2021-09-02 14:13:37','0U8AZTODP4H0',0,NULL,'','2021-09-02 14:13:37','0U8AZTODP4H0',NULL,'',0,NULL,'0C8AZTODP4H1','0O8G2WE71L35',1,'','0E8F115JLTKW',0,'POST','/saga-svc/cancelConfirmOrderPaymentDtx/admin/**/resolve',1,'0R8G09BPEZGG'),	 (854877194420236,'2021-09-02 14:14:09','0U8AZTODP4H0',0,NULL,'','2021-09-02 14:14:09','0U8AZTODP4H0',NULL,'',0,NULL,'0C8AZTODP4H1','0O8G2WE71L35',1,'','0E8F115TA6F4',0,'POST','/saga-svc/cancelCreateOrderDtx/admin/**/resolve',1,'0R8G09BPEZGG'),	 (854877212770316,'2021-09-02 14:14:44','0U8AZTODP4H0',0,NULL,'','2021-09-02 14:14:44','0U8AZTODP4H0',NULL,'',0,NULL,'0C8AZTODP4H1','0O8G2WE71L35',1,'','0E8F11647HFK',0,'POST','/saga-svc/cancelRecycleOrderDtx/admin/**/resolve',1,'0R8G09BPEZGG'),	 (854877229023245,'2021-09-02 14:15:15','0U8AZTODP4H0',0,NULL,'','2021-09-02 14:15:15','0U8AZTODP4H0',NULL,'',0,NULL,'0C8AZTODP4H1','0O8G2WE71L35',1,'','0E8F116DVU9S',0,'POST','/saga-svc/cancelReserveOrderDtx/admin/**/resolve',1,'0R8G09BPEZGG'),	 (855013877874700,'2021-09-05 14:39:12','0U8AZTODP4H0',0,NULL,'','2021-09-05 14:39:12','0U8AZTODP4H0',NULL,'',0,NULL,'0C8AZTODP4H7','0O8G2WE71L35',1,'','0E8F2RYB2YV5',0,'DELETE','/profile-svc/orders/admin/**',1,'0R8G09BPEZGG'),	 (855088277487618,'2021-09-07 06:04:17','0U8AZTODP4H0',0,NULL,'','2021-09-07 06:04:17','0U8AZTODP4H0',NULL,'',0,NULL,'0C8AZTODP4H6','0O8G2WE71L35',1,'','0E8F3Q4QOVLS',0,'GET','/product-svc/events/admin',1,'0R8G09BPEZGG'),	 (855088313139202,'2021-09-07 06:05:25','0U8AZTODP4H0',0,NULL,'','2021-09-07 06:05:25','0U8AZTODP4H0',NULL,'',0,NULL,'0C8AZTODP4H6','0O8G2WE71L35',1,'','0E8F3Q5BX0JK',0,'POST','/product-svc/events/admin/**/retry',1,'0R8G09BPEZGG'),	 (855088528097288,'2021-09-07 06:12:16','0U8AZTODP4H0',0,NULL,'','2021-12-10 03:20:07','0U8AZTODP4H0',NULL,'',1,NULL,'0C8AZTODP4HT','0O8G2WE71L35',1,'','0E8F3Q8VWB9C',0,'POST','/auth-svc/events/admin/**/retry',1,'0R8GM9U1JSHT'),	 (855088539107336,'2021-09-07 06:12:37','0U8AZTODP4H0',0,NULL,'','2021-12-10 03:20:59','0U8AZTODP4H0',NULL,'',1,NULL,'0C8AZTODP4HT','0O8G2WE71L35',1,'','0E8F3Q92GAO0',0,'GET','/auth-svc/events/admin',1,'0R8GM9U1JSHT'),	 (855088602021890,'2021-09-07 06:14:37','0U8AZTODP4H0',0,NULL,'','2021-09-07 06:14:37','0U8AZTODP4H0',NULL,'',0,NULL,'0C8AZTODP4H3','0O8G2WE71L35',1,'','0E8F3QA3WRUO',0,'POST','/payment-svc/events/admin/**/retry',1,'0R8G09BPEZGG');
INSERT INTO endpoint (id,created_at,created_by,deleted,deleted_at,deleted_by,modified_at,modified_by,restored_at,restored_by,version,cache_profile_id,client_id,cors_profile_id,csrf_enabled,description,domain_id,is_websocket,`method`,`path`,secured,system_role_id) VALUES	 (855088626663426,'2021-09-07 06:15:23','0U8AZTODP4H0',0,NULL,'','2021-09-07 06:15:23','0U8AZTODP4H0',NULL,'',0,NULL,'0C8AZTODP4H3','0O8G2WE71L35',1,'','0E8F3QAIKXDS',0,'GET','/payment-svc/events/admin',1,'0R8G09BPEZGG'),	 (855088679092234,'2021-09-07 06:17:03','0U8AZTODP4H0',0,NULL,'','2021-09-07 06:17:03','0U8AZTODP4H0',NULL,'',0,NULL,'0C8AZTODP4H7','0O8G2WE71L35',1,'','0E8F3QBDSNPC',0,'POST','/profile-svc/events/admin/**/retry',1,'0R8G09BPEZGG'),	 (855088689053748,'2021-09-07 06:17:23','0U8AZTODP4H0',0,NULL,'','2021-09-07 06:17:23','0U8AZTODP4H0',NULL,'',0,NULL,'0C8AZTODP4H7','0O8G2WE71L35',1,'','0E8F3QBJQ622',0,'GET','/profile-svc/events/admin',1,'0R8G09BPEZGG'),	 (855462898565131,'2021-09-15 12:33:11','0U8AZTODP4H0',0,NULL,'','2021-09-15 12:33:11','0U8AZTODP4H0',NULL,'',0,NULL,'0C8AZTODP4H1','0O8G2WE71L35',1,'','0E8F8I8A3GG1',0,'GET','/saga-svc/cancelInvalidOrderDtx/admin/**',1,'0R8G09BPEZGG'),	 (855462911148045,'2021-09-15 12:33:35','0U8AZTODP4H0',0,NULL,'','2021-09-15 12:33:35','0U8AZTODP4H0',NULL,'',0,NULL,'0C8AZTODP4H1','0O8G2WE71L35',1,'','0E8F8I8HWE0W',0,'GET','/saga-svc/cancelInvalidOrderDtx/admin',1,'0R8G09BPEZGG'),	 (855462927925261,'2021-09-15 12:34:07','0U8AZTODP4H0',0,NULL,'','2021-09-15 12:34:07','0U8AZTODP4H0',NULL,'',0,NULL,'0C8AZTODP4H1','0O8G2WE71L35',1,'','0E8F8I8RVZEO',0,'POST','/saga-svc/cancelInvalidOrderDtx/admin/**/resolve',1,'0R8G09BPEZGG'),	 (855462942605324,'2021-09-15 12:34:34','0U8AZTODP4H0',0,NULL,'','2021-09-15 12:34:34','0U8AZTODP4H0',NULL,'',0,NULL,'0C8AZTODP4H1','0O8G2WE71L35',1,'','0E8F8I90MMM8',0,'POST','/saga-svc/cancelUpdateOrderAddressDtx/admin/**/resolve',1,'0R8G09BPEZGG'),	 (855462949421068,'2021-09-15 12:34:48','0U8AZTODP4H0',0,NULL,'','2021-09-15 12:34:48','0U8AZTODP4H0',NULL,'',0,NULL,'0C8AZTODP4H1','0O8G2WE71L35',1,'','0E8F8I94OPOG',0,'GET','/saga-svc/cancelUpdateOrderAddressDtx/admin/**',1,'0R8G09BPEZGG'),	 (855462958333963,'2021-09-15 12:35:04','0U8AZTODP4H0',0,NULL,'','2021-09-15 12:35:04','0U8AZTODP4H0',NULL,'',0,NULL,'0C8AZTODP4H1','0O8G2WE71L35',1,'','0E8F8I99OIDD',0,'GET','/saga-svc/cancelUpdateOrderAddressDtx/admin',1,'0R8G09BPEZGG'),	 (855463006568459,'2021-09-15 12:36:36','0U8AZTODP4H0',0,NULL,'','2021-09-15 12:36:36','0U8AZTODP4H0',NULL,'',0,NULL,'0C8AZTODP4H1','0O8G2WE71L35',1,'','0E8F8IA2ECCH',0,'GET','/saga-svc/updateOrderAddressDtx/admin',1,'0R8G09BPEZGG');
INSERT INTO endpoint (id,created_at,created_by,deleted,deleted_at,deleted_by,modified_at,modified_by,restored_at,restored_by,version,cache_profile_id,client_id,cors_profile_id,csrf_enabled,description,domain_id,is_websocket,`method`,`path`,secured,system_role_id) VALUES	 (855463014432781,'2021-09-15 12:36:52','0U8AZTODP4H0',0,NULL,'','2021-09-15 12:36:52','0U8AZTODP4H0',NULL,'',0,NULL,'0C8AZTODP4H1','0O8G2WE71L35',1,'','0E8F8IA7E51C',0,'GET','/saga-svc/updateOrderAddressDtx/admin/**',1,'0R8G09BPEZGG'),	 (855463189544973,'2021-09-15 12:42:26','0U8AZTODP4H0',0,NULL,'','2021-09-15 12:42:26','0U8AZTODP4H0',NULL,'',0,NULL,'0C8AZTODP4H1','0O8G2WE71L35',1,'','0E8F8ID3NEGW',0,'POST','/saga-svc/updateOrderAddressDtx/admin/**/cancel',1,'0R8G09BPEZGG'),	 (855463269236748,'2021-09-15 12:44:58','0U8AZTODP4H0',0,NULL,'','2021-09-15 12:44:58','0U8AZTODP4H0',NULL,'',0,NULL,'0C8AZTODP4H1','0O8G2WE71L35',1,'','0E8F8IEF3H1C',0,'GET','/saga-svc/invalidOrderDtx/admin',1,'0R8G09BPEZGG'),	 (855463287586828,'2021-09-15 12:45:32','0U8AZTODP4H0',0,NULL,'','2021-09-15 12:45:32','0U8AZTODP4H0',NULL,'',0,NULL,'0C8AZTODP4H1','0O8G2WE71L35',1,'','0E8F8IEQ0S1S',0,'GET','/saga-svc/invalidOrderDtx/admin/**',1,'0R8G09BPEZGG'),	 (855463295451148,'2021-09-15 12:45:48','0U8AZTODP4H0',0,NULL,'','2021-09-15 12:45:48','0U8AZTODP4H0',NULL,'',0,NULL,'0C8AZTODP4H1','0O8G2WE71L35',1,'','0E8F8IEUPC74',0,'POST','/saga-svc/invalidOrderDtx/admin/**/cancel',1,'0R8G09BPEZGG'),	 (857687038885896,'2021-11-03 14:56:42','0U8AZTODP4H0',0,NULL,'','2021-12-10 03:20:59','0U8AZTODP4H0',NULL,'',2,NULL,'0C8AZTODP4HT','0O8G2WE71L35',1,'','0E8G0VZI4NWG',0,'GET','/auth-svc/system-role',1,'0R8GM9U1JSHT'),	 (857689555468297,'2021-11-03 16:16:42','0U8AZTODP4H0',0,NULL,'','2021-12-10 03:20:59','0U8AZTODP4H0',NULL,'',2,NULL,'0C8AZTODP4HT','0O8G2WE71L35',1,'','0E8G0X54FRB4',0,'POST','/auth-svc/system-role',1,'0R8GM9U1JSHT'),	 (857689555468298,'2021-11-03 16:16:42','0U8AZTODP4H0',0,NULL,'','2021-12-10 03:20:59','0U8AZTODP4H0',NULL,'',2,NULL,'0C8AZTODP4HT','0O8G2WE71L35',1,'','0E8G0X54FRB5',0,'DELETE','/auth-svc/system-role/**',1,'0R8GM9U1JSHT'),	 (857689555468299,'2021-11-03 16:16:42','0U8AZTODP4H0',0,NULL,'','2021-12-10 03:20:59','0U8AZTODP4H0',NULL,'',2,NULL,'0C8AZTODP4HT','0O8G2WE71L35',1,'','0E8G0X54FRB6',0,'PATCH','/auth-svc/system-role/**',1,'0R8GM9U1JSHT'),	 (857689555468300,'2021-11-03 16:16:42','0U8AZTODP4H0',0,NULL,'','2021-12-10 03:20:59','0U8AZTODP4H0',NULL,'',2,NULL,'0C8AZTODP4HT','0O8G2WE71L35',1,'','0E8G0X54FRB7',0,'PUT','/auth-svc/system-role/**',1,'0R8GM9U1JSHT');
INSERT INTO endpoint (id,created_at,created_by,deleted,deleted_at,deleted_by,modified_at,modified_by,restored_at,restored_by,version,cache_profile_id,client_id,cors_profile_id,csrf_enabled,description,domain_id,is_websocket,`method`,`path`,secured,system_role_id) VALUES	 (857818816053257,'2021-11-06 12:45:47','0U8AZTODP4H0',0,NULL,'','2021-12-10 03:20:59','0U8AZTODP4H0',NULL,'',1,NULL,'0C8AZTODP4HT','0O8G2WE71L35',1,'','0E8G2KIUUOZK',0,'GET','/auth-svc/cors',1,'0R8GM9U1JSHT'),	 (857818863763465,'2021-11-06 12:47:18','0U8AZTODP4H0',0,NULL,'','2021-12-10 03:21:16','0U8AZTODP4H0',NULL,'',1,NULL,'0C8AZTODP4HT','0O8G2WE71L35',1,'','0E8G2KJN9AF5',0,'POST','/auth-svc/cors',1,'0R8GM9U1JSHT'),	 (857818891550729,'2021-11-06 12:48:11','0U8AZTODP4H0',0,NULL,'','2021-12-10 03:21:16','0U8AZTODP4H0',NULL,'',1,NULL,'0C8AZTODP4HT','0O8G2WE71L35',1,'','0E8G2KK3SV7L',0,'PUT','/auth-svc/cors/**',1,'0R8GM9U1JSHT'),	 (857818936639497,'2021-11-06 12:49:37','0U8AZTODP4H0',0,NULL,'','2021-12-10 03:21:16','0U8AZTODP4H0',NULL,'',1,NULL,'0C8AZTODP4HT','0O8G2WE71L35',1,'','0E8G2KKUN9XD',0,'PATCH','/auth-svc/cors/**',1,'0R8GM9U1JSHT'),	 (857818980155392,'2021-11-06 12:50:59','0U8AZTODP4H0',0,NULL,'','2021-12-10 03:21:16','0U8AZTODP4H0',NULL,'',1,NULL,'0C8AZTODP4HT','0O8G2WE71L35',1,'','0E8G2KLK8QGX',0,'DELETE','/auth-svc/cors/**',1,'0R8GM9U1JSHT'),	 (858028290605063,'2021-11-11 01:44:47','0U8AZTODP4H0',0,NULL,'','2021-12-10 03:21:16','0U8AZTODP4H0',NULL,'',1,NULL,'0C8AZTODP4HT','0O8G2WE71L35',1,'','0E8G58R6A328',0,'GET','/auth-svc/cache-profile',1,'0R8GM9U1JSHT'),	 (858028295847944,'2021-11-11 01:44:57','0U8AZTODP4H0',0,NULL,'','2021-12-10 03:21:16','0U8AZTODP4H0',NULL,'',1,NULL,'0C8AZTODP4HT','0O8G2WE71L35',1,'','0E8G58R9PP1C',0,'POST','/auth-svc/cache-profile',1,'0R8GM9U1JSHT'),	 (858028300566696,'2021-11-11 01:45:07','0U8AZTODP4H0',0,NULL,'','2021-12-10 03:21:16','0U8AZTODP4H0',NULL,'',1,NULL,'0C8AZTODP4HT','0O8G2WE71L35',1,'','0E8G58RCITXC',0,'PUT','/auth-svc/cache-profile/**',1,'0R8GM9U1JSHT'),	 (858028305809415,'2021-11-11 01:45:16','0U8AZTODP4H0',0,NULL,'','2021-12-10 03:21:32','0U8AZTODP4H0',NULL,'',1,NULL,'0C8AZTODP4HT','0O8G2WE71L35',1,'','0E8G58RFBYXT',0,'DELETE','/auth-svc/cache-profile/**',1,'0R8GM9U1JSHT'),	 (858028322586632,'2021-11-11 01:45:49','0U8AZTODP4H0',0,NULL,'','2021-12-10 03:21:32','0U8AZTODP4H0',NULL,'',1,NULL,'0C8AZTODP4HT','0O8G2WE71L35',1,'','0E8G58RPMSQO',0,'PATCH','/auth-svc/cache-profile/**',1,'0R8GM9U1JSHT');
INSERT INTO endpoint (id,created_at,created_by,deleted,deleted_at,deleted_by,modified_at,modified_by,restored_at,restored_by,version,cache_profile_id,client_id,cors_profile_id,csrf_enabled,description,domain_id,is_websocket,`method`,`path`,secured,system_role_id) VALUES	 (858486057992192,'2021-11-20 23:16:49','0U8AZTODP4H0',0,NULL,'','2021-11-21 00:20:41','0U8AZTODP4H0',NULL,'',1,NULL,'0C8AZYTQ5W5C',NULL,0,'internal api','0E8GB31T5VK2',0,'GET','/info/checkSum',0,NULL),	 (858491679408138,'2021-11-21 02:15:32','0U8AZTODP4H0',0,NULL,'','2021-12-10 03:21:32','0U8AZTODP4H0',NULL,'',1,'0X8G9HEVMSCH','0C8AZTODP4HT','0O8G2WE71L35',1,'','0E8GB5MSBKE8',0,'GET','/auth-svc/proxy/check',1,'0R8GM9U1JSHT');


INSERT INTO system_role (id,created_at,created_by,deleted,deleted_at,deleted_by,modified_at,modified_by,restored_at,restored_by,version,description,name,domain_id,role_type) VALUES	 (857637603770370,'2021-11-02 00:45:11','EMPTY_AUTH_HEADER',0,NULL,NULL,'2021-11-02 00:45:11','EMPTY_AUTH_HEADER',NULL,NULL,0,'root client that cannot be deleted','CLIENT_ROOT','0R8G099XQKN4','CLIENT'),	 (857637620547585,'2021-11-02 00:45:43','EMPTY_AUTH_HEADER',0,NULL,NULL,'2021-11-02 00:45:43','EMPTY_AUTH_HEADER',NULL,NULL,0,'application that owned by us','FIRST_PARTY','0R8G09A7Q60W','CLIENT'),	 (857637637324802,'2021-11-02 00:46:16','EMPTY_AUTH_HEADER',0,NULL,NULL,'2021-11-02 00:46:16','EMPTY_AUTH_HEADER',NULL,NULL,0,'application that belongs to outside team','THIRED_PARTY','0R8G09AHPREP','CLIENT'),	 (857637682413570,'2021-11-02 00:47:42','EMPTY_AUTH_HEADER',0,NULL,NULL,'2021-11-02 00:47:42','EMPTY_AUTH_HEADER',NULL,NULL,0,'root user that should have access to everything','USER_ROOT','0R8G09B8K64H','USER'),	 (857637710725121,'2021-11-02 00:48:35','EMPTY_AUTH_HEADER',0,NULL,NULL,'2021-11-02 00:48:35','EMPTY_AUTH_HEADER',NULL,NULL,0,'should be replaced in future','USER_ADMIN','0R8G09BPEZGG','USER'),	 (857637747949569,'2021-11-02 00:49:46','EMPTY_AUTH_HEADER',0,NULL,NULL,'2021-11-02 00:49:46','EMPTY_AUTH_HEADER',NULL,NULL,0,'','','0R8G09CBKU0W','USER'),	 (857637747949570,'2021-11-02 00:49:46','EMPTY_AUTH_HEADER',0,NULL,NULL,'2021-11-02 00:49:46','EMPTY_AUTH_HEADER',NULL,NULL,0,'backend application','CLIENT_BACKEND','0R8G09CBKU0X','CLIENT'),	 (857637747949571,'2021-11-02 00:49:46','EMPTY_AUTH_HEADER',0,NULL,NULL,'2021-11-02 00:49:46','EMPTY_AUTH_HEADER',NULL,NULL,0,'frontend application','CLIENT_FRONTEND','0R8G09CBKU0Y','CLIENT'),	 (859362831630336,'2021-12-10 02:48:42','0U8AZTODP4H0',0,NULL,NULL,'2021-12-10 03:15:24','0U8AZTODP4H0',NULL,NULL,2,'MT0Access','MT0','0R8GM9U1JSHT','USER'),	 (859362996256769,'2021-12-10 02:53:56','0U8AZTODP4H0',0,NULL,NULL,'2021-12-10 02:53:56','0U8AZTODP4H0',NULL,NULL,0,'','','0R8GM9WRVJLS','USER');
INSERT INTO system_role (id,created_at,created_by,deleted,deleted_at,deleted_by,modified_at,modified_by,restored_at,restored_by,version,description,name,domain_id,role_type) VALUES     (859364287578113,'2021-12-10 03:34:59','0U8AZTODP4H0',0,NULL,NULL,'2021-12-10 03:34:59','0U8AZTODP4H0',NULL,NULL,0,'WSWS','WS','0R8GMAI4P1J4','USER'),	 (859364508827650,'2021-12-10 03:42:02','0U8AZTODP4H0',0,NULL,NULL,'2021-12-10 03:42:02','0U8AZTODP4H0',NULL,NULL,0,'','','0R8GMALSF6RK','CLIENT'),	 (859364719067137,'2021-12-10 03:48:42','0U8AZTODP4H0',0,NULL,NULL,'2021-12-10 03:48:42','0U8AZTODP4H0',NULL,NULL,0,'','','0R8GMAP9LCLC','CLIENT');



INSERT INTO corsprofile(id, created_at, created_by, deleted, deleted_at, deleted_by, modified_at, modified_by, restored_at, restored_by, version, allow_credentials, allow_origin, allowed_headers, domain_id, description, exposed_headers, max_age, name)VALUES(857844656111616, '2021-11-06 14:27:12', '0U8AZTODP4H0', 0, NULL, NULL, '2021-11-06 14:27:12', '0U8AZTODP4H0', NULL, NULL, 0, 1, 0x5B7B2276616C7565223A22687474703A2F2F3139322E3136382E322E3136227D2C7B2276616C7565223A22687474703A2F2F3139322E3136382E322E31363A33303030227D2C7B2276616C7565223A2268747470733A2F2F7777772E64756F7368752E6F7267227D2C7B2276616C7565223A22687474703A2F2F3139322E3136382E322E32333A33303030227D2C7B2276616C7565223A22687474703A2F2F3139322E3136382E322E32333A34323030227D2C7B2276616C7565223A22687474703A2F2F3139322E3136382E322E32333A34333030227D2C7B2276616C7565223A2268747470733A2F2F61646D696E2E64756F7368752E6F7267227D2C7B2276616C7565223A22687474703A2F2F6C6F63616C686F73743A34333030227D2C7B2276616C7565223A22687474703A2F2F6C6F63616C686F73743A34323030227D2C7B2276616C7565223A22687474703A2F2F3139322E3136382E322E31363A34323030227D5D, 'Authorization,Accept,Access-Control-Request-Method,X-XSRF-TOKEN,x-requested-with,changeId,lastupdateat,uuid,Content-Type', '0O8G2WE71L35', 'default CORS config for all api', 'location,lastupdateat,uuid', 86400, 'default');

INSERT INTO cache_profile(id, created_at, created_by, deleted, deleted_at, deleted_by, modified_at, modified_by, restored_at, restored_by, version, allow_cache, cache_control, domain_id, description, etag, expires, max_age, name, smax_age, vary, weak_validation)VALUES(858322708725762, '2021-11-17 03:44:06', '0U8AZTODP4H0', 0, NULL, NULL, '2021-11-17 23:45:55', '0U8AZTODP4H0', NULL, NULL, 4, 1, 'max_age', '0X8G900BJFGG', '10Etag', 1, NULL, 10, '1', NULL, NULL, 0);
INSERT INTO cache_profile(id, created_at, created_by, deleted, deleted_at, deleted_by, modified_at, modified_by, restored_at, restored_by, version, allow_cache, cache_control, domain_id, description, etag, expires, max_age, name, smax_age, vary, weak_validation)VALUES(858360529289217, '2021-11-17 23:46:22', '0U8AZTODP4H0', 0, NULL, NULL, '2021-11-17 23:46:22', '0U8AZTODP4H0', NULL, NULL, 0, 1, 'max_age', '0X8G9HDSXCZK', '10Etag', 0, NULL, 10, '2', NULL, NULL, 0);
INSERT INTO cache_profile(id, created_at, created_by, deleted, deleted_at, deleted_by, modified_at, modified_by, restored_at, restored_by, version, allow_cache, cache_control, domain_id, description, etag, expires, max_age, name, smax_age, vary, weak_validation)VALUES(858360594825216, '2021-11-17 23:48:27', '0U8AZTODP4H0', 0, NULL, NULL, '2021-11-17 23:48:27', '0U8AZTODP4H0', NULL, NULL, 0, 0, NULL, '0X8G9HEVMSCH', '', 0, NULL, NULL, '3', NULL, NULL, 0);

